table,id,key,english,japanese
ActiveAbilities,44096916249247744,ActiveAbilities.ActiveAbility_1.DataTrackingDescription,[Stall]<stall> and [Rush]<rush> [Triggered:]<bold> [totalStallTriggers+totalRushTriggers]<globaldatatracking>,[忍耐]<stall>と[速攻]<rush>の[発動回数：]<bold> [totalStallTriggers+totalRushTriggers]<globaldatatracking>
ActiveAbilities,2266028806225920,ActiveAbilities.ActiveAbility_1.Description,"Call down lightning, dealing [{0}+{1}_AttackSpeed+{2}_Attack+{3}_Magic]<statcalc_damage> damage per [Stall]<stall> and [Rush]<rush> triggered this game.",雷を落とし、このラン中に[忍耐]<stall>と[速攻]<rush>が発動した回数1回につき、[{0}+{1}_AttackSpeed+{2}_Attack+{3}_Magic]<statcalc_damage>ダメージを与える。
ActiveAbilities,2266028755894272,ActiveAbilities.ActiveAbility_1.Name,Gathering Storm,募る嵐
ActiveAbilities,2266028835586050,ActiveAbilities.ActiveAbility_10.Description,Spark a protective vault. Apply [{0}+{1}_Magic]<statcalc_shield> [Shields]<shield> to the [{2}+{3}_ManaRegen]<statcalc_manaregen> lowest [current % Max HP]<maxhp> Heroes.,雷光の障壁を生み出す。[現在HPの割合]<maxhp>が低い順に[{2}+{3}_ManaRegen]<statcalc_manaregen>人のヒーローへ、[{0}+{1}_Magic]<statcalc_shield>の[シールド]<shield>を付与する。
ActiveAbilities,2266028835586049,ActiveAbilities.ActiveAbility_10.Name,Vault Spark,雷光の障壁
ActiveAbilities,2266028877529088,ActiveAbilities.ActiveAbility_100.Description,"Remove [{0}% of all Debuffs]<debuff>, then deal [{1}+{2}_MaxHealth+{3}_Attack]<statcalc_damage> damage.",すべての[デバフを{0}%]<debuff>解除した後、[{1}+{2}_MaxHealth+{3}_Attack]<statcalc_damage>ダメージを与える。
ActiveAbilities,2266028873334787,ActiveAbilities.ActiveAbility_100.Name,Rejuvenating Blow,活力の一撃
ActiveAbilities,2266028877529090,ActiveAbilities.ActiveAbility_101.Description,Deal [{0}+{1}_Magic]<statcalc_damage> damage and [Stun]<stun> all adjacent enemies for {2} seconds.,[{0}+{1}_Magic]<statcalc_damage>ダメージを与え、隣接するすべての敵を{2}秒間[スタン]<stun>させる。
ActiveAbilities,2266028877529089,ActiveAbilities.ActiveAbility_101.Name,Slam,叩きつけ
ActiveAbilities,2266028881723392,ActiveAbilities.ActiveAbility_102.Description,Deal [{0}+{1}_AttackSpeed+{2}_Attack]<statcalc_damage> damage to a random enemy.,ランダムな敵1体に[{0}+{1}_AttackSpeed+{2}_Attack]<statcalc_damage>ダメージを与える。
ActiveAbilities,2266028877529091,ActiveAbilities.ActiveAbility_102.Name,Wild Shot,乱れ撃ち
ActiveAbilities,2266028881723396,ActiveAbilities.ActiveAbility_104.Description,"Call down a frost storm for {0} seconds.

[Each second,]<bold> deal [{1}+{2}_Magic]<statcalc_damage> damage and inflict [{3}+{4}_Magic]<statcalc_frost> [Frost]<frost> to all enemies inside the frost storm.","{0}秒間、凍気の嵐を呼び起こす。

[毎秒、]<bold>嵐の中にいるすべての敵へ[{1}+{2}_Magic]<statcalc_damage>ダメージを与え、[{3}+{4}_Magic]<statcalc_frost>の[凍気]<frost>を付与する。"
ActiveAbilities,2266028881723395,ActiveAbilities.ActiveAbility_104.Name,Frost Storm,凍気の嵐
ActiveAbilities,2266028885917696,ActiveAbilities.ActiveAbility_105.Description,"Call down a fire storm for {0} seconds.

[Each second,]<bold> deal [{1}+{2}_Magic]<statcalc_damage> damage and inflict [{3}+{4}_Magic]<statcalc_burn> [Burn]<burn> to all enemies inside the fire storm.","{0}秒間、炎の嵐を呼び起こす。

[毎秒、]<bold>嵐の中にいるすべての敵へ[{1}+{2}_Magic]<statcalc_damage>ダメージを与え、[{3}+{4}_Magic]<statcalc_burn>の[炎上]<burn>を付与する。"
ActiveAbilities,2266028881723397,ActiveAbilities.ActiveAbility_105.Name,Fire Storm,炎の嵐
ActiveAbilities,2266028885917698,ActiveAbilities.ActiveAbility_106.Description,Deal [{0}+{1}_Attack]<statcalc_damage> damage and [Stun]<stun> all adjacent enemies for {2} seconds.,[{0}+{1}_Attack]<statcalc_damage>ダメージを与え、隣接するすべての敵を{2}秒間[スタン]<stun>させる。
ActiveAbilities,2266028885917697,ActiveAbilities.ActiveAbility_106.Name,Bash,強打
ActiveAbilities,2266028890112000,ActiveAbilities.ActiveAbility_107.Description,"Pull the furthest enemy to the Plant Monster and deal [{0}+{1}_Attack]<statcalc_damage> damage to it.

Plant Monsters start with [full Mana]<mana>.","最も遠い敵をプラントモンスターの元へ引き寄せ、[{0}+{1}_Attack]<statcalc_damage>ダメージを与える。

プラントモンスターは[マナが満タン]<mana>の状態で戦闘を開始する。"
ActiveAbilities,2266028885917699,ActiveAbilities.ActiveAbility_107.Name,Vine Snag,蔓の絡め取り
ActiveAbilities,2266028894306304,ActiveAbilities.ActiveAbility_108.Description,"Inflict [{0}+{1}_Crit]<statcalc_poison> [Poison]<poison> on the farthest Hero and [Stun]<stun> them for {2} Seconds.

Spiders start with [{3}% Mana]<mana>.","最も遠いヒーローへ[{0}+{1}_Crit]<statcalc_poison>の[毒]<poison>を付与し、{2}秒間[スタン]<stun>させる。

スパイダーは[マナ{3}%]<mana>の状態で戦闘を開始する。"
ActiveAbilities,2266028890112001,ActiveAbilities.ActiveAbility_108.Name,Ensnare,捕縛
ActiveAbilities,2266028894306306,ActiveAbilities.ActiveAbility_109.Description,"Ceate a trail of venom for {0} seconds.

[Each second,]<bold> deal [{1}+{2}_Attack]<statcalc_damage> damage and inflict [{3}+{4}_Crit]<statcalc_poison> [Poison]<poison> to all enemies in the trail of venom.","{0}秒間、猛毒の軌跡を作り出す。

[毎秒、]<bold>猛毒の軌跡にいるすべての敵へ[{1}+{2}_Attack]<statcalc_damage>ダメージを与え、[{3}+{4}_Crit]<statcalc_poison>の[毒]<poison>を付与する。"
ActiveAbilities,2266028894306305,ActiveAbilities.ActiveAbility_109.Name,Noxious Venom,猛毒
ActiveAbilities,2266028839780352,ActiveAbilities.ActiveAbility_11.Description,"Gain [{0}+{1}_MaxHealth]<statcalc_shield> [Shields]<shield>, then deal [{2}+{3}_MaxHealth+{4}_Defense+{5}_Magic]<statcalc_damage> damage and [Stun]<stun> enemies in front of Rowan for {6} seconds.",[{0}+{1}_MaxHealth]<statcalc_shield>の[シールド]<shield>を獲得する。その後、ローワンの前方にいる敵へ[{2}+{3}_MaxHealth+{4}_Defense+{5}_Magic]<statcalc_damage>ダメージを与え、{6}秒間[スタン]<stun>させる。
ActiveAbilities,2266028835586051,ActiveAbilities.ActiveAbility_11.Name,Fault Line,断層
ActiveAbilities,2266028894306308,ActiveAbilities.ActiveAbility_110.Description,Jump to the lowest-health enemy then deal [{0}+{1}_Attack]<statcalc_damage> damage to it.,HPが最も低い敵へ跳びかかり、[{0}+{1}_Attack]<statcalc_damage>ダメージを与える。
ActiveAbilities,2266028894306307,ActiveAbilities.ActiveAbility_110.Name,Bounce,跳躍
ActiveAbilities,2266028898500608,ActiveAbilities.ActiveAbility_111.Description,Deal [{0}+{1}_Attack]<statcalc_damage> damage and [Stun]<stun> all adjacent enemies for {2} seconds.,[{0}+{1}_Attack]<statcalc_damage>ダメージを与え、隣接するすべての敵を{2}秒間[スタン]<stun>させる。
ActiveAbilities,2266028894306309,ActiveAbilities.ActiveAbility_111.Name,Bash,強打
ActiveAbilities,2266028898500610,ActiveAbilities.ActiveAbility_112.Description,Deal [{0}+{1}_AttackSpeed+{2}_Attack]<statcalc_damage> damage to a random enemy.,ランダムな敵1体に[{0}+{1}_AttackSpeed+{2}_Attack]<statcalc_damage>ダメージを与える。
ActiveAbilities,2266028898500609,ActiveAbilities.ActiveAbility_112.Name,Wild Shot,乱れ撃ち
ActiveAbilities,2266028902694912,ActiveAbilities.ActiveAbility_113.Description,"Call down a frost storm for {0} seconds.

[Each second,]<bold> deal [{1}+{2}_Magic]<statcalc_damage> damage and inflict [{3}+{4}_Magic]<statcalc_frost> [Frost]<frost> to all enemies inside the frost storm.","{0}秒間、凍気の嵐を呼び起こす。

[毎秒、]<bold>嵐の中にいるすべての敵へ[{1}+{2}_Magic]<statcalc_damage>ダメージを与え、[{3}+{4}_Magic]<statcalc_frost>の[凍気]<frost>を付与する。"
ActiveAbilities,2266028898500611,ActiveAbilities.ActiveAbility_113.Name,Frost Storm,凍気の嵐
ActiveAbilities,2266028902694914,ActiveAbilities.ActiveAbility_114.Description,"Call down a fire storm for {0} seconds.

[Each second,]<bold> deal [{1}+{2}_Magic]<statcalc_damage> damage and inflict [{3}+{4}_Magic]<statcalc_burn> [Burn]<burn> to all enemies inside the fire storm.","{0}秒間、炎の嵐を呼び起こす。

[毎秒、]<bold>嵐の中にいるすべての敵へ[{1}+{2}_Magic]<statcalc_damage>ダメージを与え、[{3}+{4}_Magic]<statcalc_burn>の[炎上]<burn>を付与する。"
ActiveAbilities,2266028902694913,ActiveAbilities.ActiveAbility_114.Name,Fire Storm,炎の嵐
ActiveAbilities,9813957519589376,ActiveAbilities.ActiveAbility_115.Description,"The Snake spits venom at its target, creating a trail of venom for {0} seconds. Each second, the venom trail deals [{1}+{2}_Attack]<statcalc_damage> damage and inflicts [{3}+{4}_Crit]<statcalc_poison> [Poison]<poison>.",ヘビが対象へ毒を吐き、{0}秒間、猛毒の軌跡を作り出す。猛毒の軌跡は毎秒、[{1}+{2}_Attack]<statcalc_damage>ダメージを与え、[{3}+{4}_Crit]<statcalc_poison>の[毒]<poison>を付与する。
ActiveAbilities,9813957456674816,ActiveAbilities.ActiveAbility_115.Name,Noxious Venom,猛毒
ActiveAbilities,42635389067460608,ActiveAbilities.ActiveAbility_116.Description,"Inflict [{0}+{1}_Crit]<statcalc_poison> [Poison]<poison> on the farthest enemy and [Stun]<stun> them for {2} Seconds.

Spiders start with [{3}% Mana]<mana>.","最も遠い敵へ[{0}+{1}_Crit]<statcalc_poison>の[毒]<poison>を付与し、{2}秒間[スタン]<stun>させる。

スパイダーは[マナ{3}%]<mana>の状態で戦闘を開始する。"
ActiveAbilities,42635389050683392,ActiveAbilities.ActiveAbility_116.Name,Ensnare,捕縛
ActiveAbilities,42635389067460610,ActiveAbilities.ActiveAbility_117.Description,Jump to the lowest-health enemy then deal [{0}+{1}_Attack]<statcalc_damage> damage to it.,HPが最も低い敵へ跳びかかり、[{0}+{1}_Attack]<statcalc_damage>ダメージを与える。
ActiveAbilities,42635389067460609,ActiveAbilities.ActiveAbility_117.Name,Bounce,跳躍
ActiveAbilities,42635389067460612,ActiveAbilities.ActiveAbility_118.Description,"Call down a frost storm for {0} seconds.

[Each second,]<bold> deal [{1}+{2}_Magic]<statcalc_damage> damage and inflict [{3}+{4}_Magic]<statcalc_frost> [Frost]<frost> to all enemies inside the frost storm.","{0}秒間、凍気の嵐を呼び起こす。

[毎秒、]<bold>嵐の中にいるすべての敵へ[{1}+{2}_Magic]<statcalc_damage>ダメージを与え、[{3}+{4}_Magic]<statcalc_frost>の[凍気]<frost>を付与する。"
ActiveAbilities,42635389067460611,ActiveAbilities.ActiveAbility_118.Name,Frost Storm,凍気の嵐
ActiveAbilities,42635389067460614,ActiveAbilities.ActiveAbility_119.Description,"Call down a fire storm for {0} seconds.

[Each second,]<bold> deal [{1}+{2}_Magic]<statcalc_damage> damage and inflict [{3}+{4}_Magic]<statcalc_burn> [Burn]<burn> to all enemies inside the fire storm.","{0}秒間、炎の嵐を呼び起こす。

[毎秒、]<bold>嵐の中にいるすべての敵へ[{1}+{2}_Magic]<statcalc_damage>ダメージを与え、[{3}+{4}_Magic]<statcalc_burn>の[炎上]<burn>を付与する。"
ActiveAbilities,42635389067460613,ActiveAbilities.ActiveAbility_119.Name,Fire Storm,炎の嵐
ActiveAbilities,44096916278607873,ActiveAbilities.ActiveAbility_12.DataTrackingDescription,[Stall]<stall> [Triggered:]<bold> [totalStallTriggers]<globaldatatracking>,[忍耐]<stall>の[発動回数：]<bold> [totalStallTriggers]<globaldatatracking>
ActiveAbilities,2266028843974656,ActiveAbilities.ActiveAbility_12.Description,"[Taunt]<taunt> all enemies and gain [{0}+{1}_Defense+{2}_Magic]<statcalc_shield> [Shields]<shield> per [Stall]<stall> triggered this game. After {3} seconds, deal damage to all enemies targeting Skorn equal to {4}% of his remaining [Shield]<shield>.",すべての敵を[挑発]<taunt>し、このラン中に[忍耐]<stall>が発動した回数1回につき、[{0}+{1}_Defense+{2}_Magic]<statcalc_shield>の[シールド]<shield>を獲得する。{3}秒後、スコルンを攻撃対象にしているすべての敵へ、スコルンに残っている[シールド]<shield>の{4}%に相当するダメージを与える。
ActiveAbilities,2266028839780353,ActiveAbilities.ActiveAbility_12.Name,Come At Me!,かかってこい！
ActiveAbilities,2266028843974658,ActiveAbilities.ActiveAbility_13.Description,Swing a crushing axe to deal [{0}+{1}|{2}|{3}|{4}_Attack+{5}_Magic]<statcalc_damage> damage. Logan gains power by dealing damage with this ability.,大斧を振り抜き、[{0}+{1}|{2}|{3}|{4}_Attack+{5}_Magic]<statcalc_damage>ダメージを与える。このアビリティでダメージを与えるたび、ローガンは力を増していく。
ActiveAbilities,63373000857747456,ActiveAbilities.ActiveAbility_13.FullQuestDescription,"[Quest]<quest>: Deal [{0}, {1}, {2}] damage with this ability.",[クエスト]<quest>：このアビリティで[{0}、{1}、{2}]ダメージを与える。
ActiveAbilities,46269458024103936,ActiveAbilities.ActiveAbility_13.LastTierRewardDescription,Damage and [Stuns]<stun> all enemies in a medium area for 2.5 seconds.,中範囲内のすべての敵へダメージを与え、2.5秒間[スタン]<stun>させる。
ActiveAbilities,2266028843974657,ActiveAbilities.ActiveAbility_13.Name,Execution,処刑
ActiveAbilities,63373000891301888,ActiveAbilities.ActiveAbility_13.ShortQuestDescription,[Quest]<quest>: ({0}/3): Deal {1} damage with this ability.,[クエスト]<quest>：（{0}/3）このアビリティで{1}ダメージを与える。
ActiveAbilities,2266028848168960,ActiveAbilities.ActiveAbility_14.Description,"Blast a fireball at all enemies in Funke's [range]<attackrange>, dealing [{0}+{1}_Magic]<statcalc_damage> damage and inflicting [{2}+{3}_Magic]<statcalc_burn> [Burn]<burn>.",フンケの[射程]<attackrange>内にいるすべての敵へ火球を放ち、[{0}+{1}_Magic]<statcalc_damage>ダメージと[{2}+{3}_Magic]<statcalc_burn>の[炎上]<burn>を与える。
ActiveAbilities,2266028843974659,ActiveAbilities.ActiveAbility_14.Name,Wildfire,野火
ActiveAbilities,2266028852363264,ActiveAbilities.ActiveAbility_15.Description,"Gain [{0}+{1}_Rank]<statcalc_crit> [Crit]<crit> and [{2}+{3}_Rank]<statcalc_omnivamp> [Omnivamp]<omnivamp>, then deal [{4}+{5}_Attack+{6}_AttackSpeed+{7}_Magic]<statcalc_damage> damage to all enemies in Tilly's [range]<attackrange>.",[{0}+{1}_Rank]<statcalc_crit>の[クリティカル]<crit>と[{2}+{3}_Rank]<statcalc_omnivamp>の[オムニヴァンプ]<omnivamp>を獲得する。その後、ティリーの[射程]<attackrange>内にいるすべての敵へ[{4}+{5}_Attack+{6}_AttackSpeed+{7}_Magic]<statcalc_damage>ダメージを与える。
ActiveAbilities,2266028848168961,ActiveAbilities.ActiveAbility_15.Name,Pirouette,ピルエット
ActiveAbilities,2266028852363266,ActiveAbilities.ActiveAbility_16.Description,"Create a Blizzard for {0} seconds.

[Each second,]<bold> inflict [{1}+{2}_ManaRegen]<statcalc_frost> [Frost]<frost> and deal [{3}+{4}_Magic]<statcalc_damage> damage to enemies inside the Blizzard. [Shield]<shield> Heroes inside it for [{5}+{6}_Magic]<statcalc_shield>.","{0}秒間、ブリザードを発生させる。

[毎秒、]<bold>ブリザード内の敵へ[{1}+{2}_ManaRegen]<statcalc_frost>の[凍気]<frost>と[{3}+{4}_Magic]<statcalc_damage>ダメージを与える。さらに、ブリザード内のヒーローへ[{5}+{6}_Magic]<statcalc_shield>の[シールド]<shield>を付与する。"
ActiveAbilities,2266028852363265,ActiveAbilities.ActiveAbility_16.Name,Blizzard,ブリザード
ActiveAbilities,44096916278607874,ActiveAbilities.ActiveAbility_17.DataTrackingDescription,[Magic]<magic> Gained: [{0}]<datatracking>,[魔力]<magic>増加量：[{0}]<datatracking>
ActiveAbilities,2266028856557568,ActiveAbilities.ActiveAbility_17.Description,"Conjure celestial magic to deal [{0}+{1}|{2}|{3}|{4}_Magic]<statcalc_damage> damage.

On [kill,]<bold> permanently gain [{5}+{6}_Rank]<statcalc_magic> [Magic]<magic>.

On [Crit,]<crit> [Stun]<stun> all enemies for [.{7}+.{8}_Rank]<statcalc_stun> seconds.","天上の魔力を呼び起こし、[{0}+{1}|{2}|{3}|{4}_Magic]<statcalc_damage>ダメージを与える。

[敵撃破時、]<bold>[{5}+{6}_Rank]<statcalc_magic>の[魔力]<magic>を恒久的に獲得する。

[クリティカル時、]<crit>すべての敵を[.{7}+.{8}_Rank]<statcalc_stun>秒間[スタン]<stun>させる。"
ActiveAbilities,2266028852363267,ActiveAbilities.ActiveAbility_17.Name,Starfall,星落とし
ActiveAbilities,2266028856557570,ActiveAbilities.ActiveAbility_18.Description,"Enter a rage, gaining [{0}+{1}_MaxHealth+{2}_Magic]<statcalc_maxhp> [Max HP]<maxhp>, [{3}+{4}_Rank]<statcalc_attackspeed> [Attack Speed]<attackspeed>, and [{5}+{6}_Rank]<statcalc_omnivamp> [Omnivamp]<omnivamp>. This ability stacks.",激昂し、[{0}+{1}_MaxHealth+{2}_Magic]<statcalc_maxhp>の[最大HP]<maxhp>、[{3}+{4}_Rank]<statcalc_attackspeed>の[攻撃速度]<attackspeed>、[{5}+{6}_Rank]<statcalc_omnivamp>の[オムニヴァンプ]<omnivamp>を獲得する。このアビリティの効果は累積する。
ActiveAbilities,2266028856557569,ActiveAbilities.ActiveAbility_18.Name,Rampage,暴走
ActiveAbilities,2266028810420225,ActiveAbilities.ActiveAbility_2.Description,Fire an arrow at the farthest enemy. It deals [{0}+{1}_Attack+{2}_Magic]<statcalc_damage> damage and gains [{3}+{4}_Crit+{5}_Rank]<statcalc_crit> additional [Crit]<crit>.,最も遠い敵へ矢を放つ。[{0}+{1}_Attack+{2}_Magic]<statcalc_damage>ダメージを与え、追加で[{3}+{4}_Crit+{5}_Rank]<statcalc_crit>の[クリティカル]<crit>を得る。
ActiveAbilities,2266028810420224,ActiveAbilities.ActiveAbility_2.Name,Killshot,致命の一矢
ActiveAbilities,2266028860751872,ActiveAbilities.ActiveAbility_20.Description,Loose a volley of {0} arrows at nearby enemies. Each arrow deals [{1}+{2}_Attack+{3}_Magic]<statcalc_damage> damage and inflicts [{4}+{5}_AttackSpeed]<statcalc_frost> [Frost]<frost>.,周囲の敵へ{0}本の矢を一斉に放つ。矢1本につき[{1}+{2}_Attack+{3}_Magic]<statcalc_damage>ダメージと[{4}+{5}_AttackSpeed]<statcalc_frost>の[凍気]<frost>を与える。
ActiveAbilities,2266028856557573,ActiveAbilities.ActiveAbility_20.Name,Snowpiercer,雪穿ち
ActiveAbilities,2266028923666432,ActiveAbilities.ActiveAbility_20101.Description,Deal [{0}+{1}_Magic]<statcalc_magic> damage and inflict [{2}+{3}_Magic]<statcalc_burn> [Burn]<burn> to all enemies.,すべての敵へ[{0}+{1}_Magic]<statcalc_magic>ダメージを与え、[{2}+{3}_Magic]<statcalc_burn>の[炎上]<burn>を付与する。
ActiveAbilities,2266028919472131,ActiveAbilities.ActiveAbility_20101.Name,Flame Breath,炎のブレス
ActiveAbilities,2266028923666434,ActiveAbilities.ActiveAbility_20102.Description,Deal [{0}+{1}_Magic]<statcalc_magic> damage and inflict [{2}+{3}_Magic]<statcalc_frost> [Frost]<frost> to all enemies.,すべての敵へ[{0}+{1}_Magic]<statcalc_magic>ダメージを与え、[{2}+{3}_Magic]<statcalc_frost>の[凍気]<frost>を付与する。
ActiveAbilities,2266028923666433,ActiveAbilities.ActiveAbility_20102.Name,Frost Breath,凍気のブレス
ActiveAbilities,2266028927860736,ActiveAbilities.ActiveAbility_20103.Description,Deal [{0}+{1}_Magic]<statcalc_magic> damage and inflict [{2}+{3}_Magic]<statcalc_poison> [Poison]<poison> to all enemies.,すべての敵へ[{0}+{1}_Magic]<statcalc_magic>ダメージを与え、[{2}+{3}_Magic]<statcalc_poison>の[毒]<poison>を付与する。
ActiveAbilities,2266028923666435,ActiveAbilities.ActiveAbility_20103.Name,Poison Breath,毒のブレス
ActiveAbilities,2266028927860738,ActiveAbilities.ActiveAbility_20104.Description,Gain [{0}+{1}_MaxHealth]<statcalc_shield> [Shields]<shield> and inflict [{2}+{3}_Attack]<statcalc_burn> [Burn]<burn> on all enemies.,[{0}+{1}_MaxHealth]<statcalc_shield>の[シールド]<shield>を獲得し、すべての敵へ[{2}+{3}_Attack]<statcalc_burn>の[炎上]<burn>を付与する。
ActiveAbilities,2266028927860737,ActiveAbilities.ActiveAbility_20104.Name,Anger,憤怒
ActiveAbilities,2266028927860740,ActiveAbilities.ActiveAbility_20105.Description,Deal [{0}+{1}_Attack]<statcalc_damage> damage and inflict [{2}+{3}_Attack]<statcalc_poison> [Poison]<poison> per remaining head.,残っている頭1つにつき、[{0}+{1}_Attack]<statcalc_damage>ダメージと[{2}+{3}_Attack]<statcalc_poison>の[毒]<poison>を与える。
ActiveAbilities,2266028927860739,ActiveAbilities.ActiveAbility_20105.Name,Venomous Bite,毒牙
ActiveAbilities,44096916278607875,ActiveAbilities.ActiveAbility_21.DataTrackingDescription,[Rush]<rush> [Triggered:]<bold> [totalRushTriggers]<globaldatatracking>,[速攻]<rush>の[発動回数：]<bold> [totalRushTriggers]<globaldatatracking>
ActiveAbilities,2266028860751874,ActiveAbilities.ActiveAbility_21.Description,"Channel flames to deal [{0}+{1}_MaxHealth+{2}_Magic]<statcalc_damage> damage, inflict [{3} Burn]<burn> per [Rush]<rush> triggered this game, and [Stun]<stun> all surrounding enemies for {4} seconds.",炎を集中させて[{0}+{1}_MaxHealth+{2}_Magic]<statcalc_damage>ダメージを与え、このラン中に[速攻]<rush>が発動した回数1回につき[{3}の炎上]<burn>を付与する。さらに、周囲のすべての敵を{4}秒間[スタン]<stun>させる。
ActiveAbilities,2266028860751873,ActiveAbilities.ActiveAbility_21.Name,Searing Mantra,灼熱の真言
ActiveAbilities,2266028860751876,ActiveAbilities.ActiveAbility_22.Description,"Create a poison cloud around Pimenta for {0} seconds.

[Each second,]<bold> deal [{1}+{2}_Magic+{3}_Defense]<statcalc_damage> damage and inflict [{4}+{5}_Defense]<statcalc_poison> [Poison]<poison> to enemies in the poison cloud.

[Each second]<bold> after [Stall ({6}),]<stall> gain [{7}+{8}_Rank]<statcalc_heal> [HP/S]<hp/s> per enemy in the poison cloud.","ピメンタの周囲に{0}秒間、毒雲を発生させる。

[毎秒、]<bold>毒雲内の敵へ[{1}+{2}_Magic+{3}_Defense]<statcalc_damage>ダメージを与え、[{4}+{5}_Defense]<statcalc_poison>の[毒]<poison>を付与する。

[忍耐（{6}）]<stall>の発動後は[毎秒、]<bold>毒雲内の敵1体につき[{7}+{8}_Rank]<statcalc_heal>の[秒間HP回復]<hp/s>を獲得する。"
ActiveAbilities,2266028860751875,ActiveAbilities.ActiveAbility_22.Name,Pepper Spray,ペッパースプレー
ActiveAbilities,50998647205126144,ActiveAbilities.ActiveAbility_23.DataTrackingDescription,[Current]<bold> [Permafrost]<bold> [Stacks:]<bold> [2]<datatracking>,[現在の]<bold> [永久凍土]<bold> [スタック：]<bold> [2]<datatracking>
ActiveAbilities,2266028864946176,ActiveAbilities.ActiveAbility_23.Description,"Sal empowers her attacks, causing them to also hit the nearest enemy to Sal's target, dealing [{0}+{1}_Magic]<statcalc_damage> [bonus damage]<damage> and inflicting [{2}+{3}_Rank]<statcalc_frost> [Frost]<frost>. This ability stacks.",サウが自身の攻撃を強化する。攻撃は対象に最も近い別の敵にも命中し、[{0}+{1}_Magic]<statcalc_damage>の[追加ダメージ]<damage>と[{2}+{3}_Rank]<statcalc_frost>の[凍気]<frost>を与える。このアビリティの効果は累積する。
ActiveAbilities,2266028860751877,ActiveAbilities.ActiveAbility_23.Name,Permafrost,永久凍土
ActiveAbilities,44096916278607876,ActiveAbilities.ActiveAbility_24.DataTrackingDescription,[Shards]<shard> [Generated:]<generate> [{0}]<datatracking>,[シャード]<shard>の[生成数：]<generate> [{0}]<datatracking>
ActiveAbilities,2266028864946178,ActiveAbilities.ActiveAbility_24.Description,"Gain [{0}+{1}_Crit]<statcalc_omnivamp> [Omnivamp]<omnivamp>, then deal [{2}+{3}_Magic+{4}_Omnivamp]<statcalc_damage> damage.

On [kill,]<bold> gain [{5}+{6}_Rank]<statcalc_shard> [Shards]<shard>.","[{0}+{1}_Crit]<statcalc_omnivamp>の[オムニヴァンプ]<omnivamp>を獲得した後、[{2}+{3}_Magic+{4}_Omnivamp]<statcalc_damage>ダメージを与える。

[敵撃破時、]<bold>[{5}+{6}_Rank]<statcalc_shard>の[シャード]<shard>を獲得する。"
ActiveAbilities,2266028864946177,ActiveAbilities.ActiveAbility_24.Name,Devour,貪食
ActiveAbilities,2266028873334784,ActiveAbilities.ActiveAbility_28.Description,"Charge up a mighty attack, gaining [{0}+{1}_Attack+{2}_Magic]<statcalc_shield> [Shields]<shield>. After {3} seconds, deal [{4}+{5}_Attack]<statcalc_damage> damage plus [bonus damage]<damage> equal to Kai's [remaining Shields]<shield> to surrounding enemies.",力を溜め、[{0}+{1}_Attack+{2}_Magic]<statcalc_shield>の[シールド]<shield>を獲得する。{3}秒後、[{4}+{5}_Attack]<statcalc_damage>ダメージに加え、カイの[残りシールド]<shield>と同じ量の[追加ダメージ]<damage>を周囲の敵へ与える。
ActiveAbilities,2266028869140485,ActiveAbilities.ActiveAbility_28.Name,Resolute Strike,不屈の一撃
ActiveAbilities,2266028873334786,ActiveAbilities.ActiveAbility_29.Description,"Bless the lowest [% Max HP]<maxhp> Hero, applying [{0}+{1}|{2}|{3}|{4}_Magic]<statcalc_shield> [Shields]<shield> for [{5}+{6}_ManaRegen]<statcalc_manaregen> seconds and [healing]<heal> them for half that amount.

After [Stall ({7}),]<stall> this ability can target and resurrect dead Heroes.","[最大HPに対する現在HPの割合]<maxhp>が最も低いヒーローを祝福し、[{0}+{1}|{2}|{3}|{4}_Magic]<statcalc_shield>の[シールド]<shield>を[{5}+{6}_ManaRegen]<statcalc_manaregen>秒間付与し、付与したシールド量の半分だけHPを[回復]<heal>する。

[忍耐（{7}）]<stall>の発動後は、倒れたヒーローも対象にして復活させられる。"
ActiveAbilities,2266028873334785,ActiveAbilities.ActiveAbility_29.Name,Salvation,救済
ActiveAbilities,2266028818808832,ActiveAbilities.ActiveAbility_3.Description,Unleash a {0}-punch combo. Each punch counts as an [auto attack]<bold> that deals [{1}+{2}_Attack+{3}_Magic]<statcalc_damage>[% damage]<damage> (Max: {5}%) and gives Reyna [lasting]<lasting> [Shields]<shield> equal to {4}% of the damage dealt.,{0}連続のパンチを繰り出す。各パンチは[通常攻撃]<bold>として扱われ、[{1}+{2}_Attack+{3}_Magic]<statcalc_damage>[%ダメージ]<damage>（最大：{5}%）を与える。さらにレイナは、与えたダメージの{4}%に相当する[永続]<lasting>[シールド]<shield>を獲得する。
ActiveAbilities,2266028814614528,ActiveAbilities.ActiveAbility_3.Name,Triple Threat,三重の脅威
ActiveAbilities,2266028818808834,ActiveAbilities.ActiveAbility_4.Description,"Leap into the air and throw [{0}+{1}_Crit]<statcalc_crit> shurikens at the lowest-health enemy for [{2}+{3}_Attack+{4}_Magic]<statcalc_damage> damage each.

[Max Shurikens:]<bold> {5}","空中へ跳び上がり、HPが最も低い敵へ[{0}+{1}_Crit]<statcalc_crit>個の手裏剣を投げる。手裏剣1個につき[{2}+{3}_Attack+{4}_Magic]<statcalc_damage>ダメージを与える。

[手裏剣の上限：]<bold> {5}"
ActiveAbilities,2266028818808833,ActiveAbilities.ActiveAbility_4.Name,Shuriken Shadow Strike,影手裏剣
ActiveAbilities,50709579930001408,ActiveAbilities.ActiveAbility_5.DataTrackingDescription,[Stone Skin Triggers:]<bold> [1]<datatracking>,[石の皮膚の発動回数：]<bold> [1]<datatracking>
ActiveAbilities,2266028823003136,ActiveAbilities.ActiveAbility_5.Description,"Petrify all enemies targeting Zuri, dealing [{0}+{1}_Magic]<statcalc_damage> damage, inflicting [{2} Poison]<poison> per [Stone Skin]<bold> trigger this game, and [Stunning]<stun> for {3} seconds.",ズーリを攻撃対象にしているすべての敵を石化させ、[{0}+{1}_Magic]<statcalc_damage>ダメージを与える。このラン中に[石の皮膚]<bold>が発動した回数1回につき[{2}の毒]<poison>を付与し、さらに{3}秒間[スタン]<stun>させる。
ActiveAbilities,2266028818808835,ActiveAbilities.ActiveAbility_5.Name,Petrification,石化
ActiveAbilities,2266028827197440,ActiveAbilities.ActiveAbility_6.Description,"Channel an energy beam for {0} seconds.

Each half second, deal [{1}+{2}_Magic]<statcalc_damage> damage, inflict [{3}+{4}_Magic]<statcalc_frost> [Frost]<frost>, and inflict [{5}+{6}_Magic]<statcalc_burn> [Burn]<burn> to all enemies inside the beam.","{0}秒間、エネルギービームを照射する。

0.5秒ごとに、ビーム内のすべての敵へ[{1}+{2}_Magic]<statcalc_damage>ダメージ、[{3}+{4}_Magic]<statcalc_frost>の[凍気]<frost>、[{5}+{6}_Magic]<statcalc_burn>の[炎上]<burn>を与える。"
ActiveAbilities,2266028823003137,ActiveAbilities.ActiveAbility_6.Name,Requiem Barrage,鎮魂歌の斉射
ActiveAbilities,2266028827197442,ActiveAbilities.ActiveAbility_7.Description,"Perform a {0}-hit combo. Each hit counts as an auto attack that deals [{1}+{2}_AttackSpeed+{3}_Magic+{4}_Attack]<statcalc_damage>[%]<damage> damage. If the enemy dies during the combo, Nyx jumps to the nearest enemy and re-casts this ability.",{0}連撃を繰り出す。各攻撃は通常攻撃として扱われ、[{1}+{2}_AttackSpeed+{3}_Magic+{4}_Attack]<statcalc_damage>[%]<damage>のダメージを与える。連撃中に敵を倒すと、ニュクスは最も近い敵へ跳びかかり、このアビリティを再発動する。
ActiveAbilities,2266028827197441,ActiveAbilities.ActiveAbility_7.Name,Wild Flurry,荒れ狂う連撃
ActiveAbilities,2266028831391744,ActiveAbilities.ActiveAbility_8.Description,"Create a flower field for {0} seconds.

Each second, inflict [{1}+{2}_ManaRegen]<statcalc_poison> [Poison]<poison> on enemies and apply [{3}+{4}_Magic]<statcalc_shield> [Shields]<shield> to Heroes inside the flower field.

Each second after [Stall ({5}),]<stall> [heal]<heal> Heroes inside the flower field for [{6}+{7}_Magic]<statcalc_shield>.","{0}秒間、花畑を作り出す。

毎秒、花畑内の敵へ[{1}+{2}_ManaRegen]<statcalc_poison>の[毒]<poison>を付与し、ヒーローへ[{3}+{4}_Magic]<statcalc_shield>の[シールド]<shield>を付与する。

[忍耐（{5}）]<stall>の発動後は毎秒、花畑内のヒーローのHPを[{6}+{7}_Magic]<statcalc_shield>[回復]<heal>する。"
ActiveAbilities,2266028827197443,ActiveAbilities.ActiveAbility_8.Name,Sanctuary of Bloom,花咲く聖域
ActiveAbilities,44096916278607872,ActiveAbilities.ActiveAbility_9.DataTrackingDescription,[Items Created:]<bold> [{0}]<datatracking>,[作成したアイテム：]<bold> [{0}]<datatracking>
ActiveAbilities,2266028835586048,ActiveAbilities.ActiveAbility_9.Description,"Swing a mace to deal [{0}+{1}_MaxHealth+{2}_Attack+{3}_Magic]<statcalc_damage> damage and [Stun]<stun> for {4} seconds.

This ability has a {5}% chance to create a [random item]<wad>.","メイスを振り回して[{0}+{1}_MaxHealth+{2}_Attack+{3}_Magic]<statcalc_damage>ダメージを与え、{4}秒間[スタン]<stun>させる。

このアビリティは{5}%の確率で[ランダムなアイテム]<wad>を1個作成する。"
ActiveAbilities,2266028831391745,ActiveAbilities.ActiveAbility_9.Name,Wheel and Deal,回して稼げ！
Comics,1346903867410,Comics.Defeat.Panel2.1,Hey,あの
Comics,1346903867411,Comics.Defeat.Panel3.1,...are you spacing out?,……聞いていますか？
Comics,1346903867412,Comics.Defeat.Panel3.2,...I'm fine!,……大丈夫です！
Comics,1346903867397,Comics.GuildSignup.Panel1.1,"If you want to run a guild, I'll need you to fill this out.",ギルドを立ち上げるの<br>でしたら、まずは<br>こちらに記入を。
Comics,1346903867398,Comics.GuildSignup.Panel2.1,Hey,あの
Comics,1346903867399,Comics.GuildSignup.Panel2.2,... are you spacing out?,……聞いていますか？
Comics,1346903867400,Comics.GuildSignup.Panel2.3,... sorry!,……失礼！
Comics,1346903867401,Comics.GuildSignup.Panel2.4,Name of the guild - and sign here please.,ギルド名と……<br>こちらに署名を。
Comics,1346903867402,Comics.GuildSignup.Panel3.1,You must be the new guild leader! Welcome.,君が新しいギルド<br>マスターだね。<br>ようこそ。
Comics,1346903867403,Comics.GuildSignup.Panel3.2,What is he doing here...?!,どうして彼がここに……！？
Comics,1346903867404,Comics.GuildSignup.Panel3.3,I'll walk you through your first contract.,最初の依頼について<br>説明しよう。
Comics,1346903867405,Comics.GuildSignup.Panel3.4,Mr Thorne,ソーン氏
Comics,1346903867406,Comics.GuildSignup.Panel3.5,"Chairman, Department of Guild Affairs",ギルド管理局長
Comics,1346903867407,Comics.GuildSignup.Panel4.1,You know what to do.,手順は分かるね。
Comics,1346903867408,Comics.GuildSignup.Panel4.2,"Defeat the monsters within, and the rift closes.",モンスターを倒せば<br>リフトは閉じる。
Comics,1346903867409,Comics.GuildSignup.Panel4.3,"But before that, recruit your first Breaker to your guild…",まずブレイカーを一人、<br>ギルドに迎えよう……
Comics,1346887090176,Comics.Introduction.Panel1.1,Things used to be normal...,かつて世界は平穏だった。
Comics,1346903867392,Comics.Introduction.Panel2.1,...until the rifts started appearing.,……〈リフト〉が現れ始めるまでは。
Comics,1346903867393,Comics.Introduction.Panel3.1,"Rifts never stay stable for long,",リフトは長くは安定しない。
Comics,1346903867394,Comics.Introduction.Panel4.1,"and when they breach, monsters come through.",崩壊すれば、モンスターがあふれ出す。
Comics,1346903867395,Comics.Introduction.Panel5.1,But some of us Awakened — ordinary people developing powers no one can explain. The world calls them Breakers,そんな中、私たちの中から「覚醒」<br>するものが現れた。<br>ごく普通の人々が人知を超えた力を<br>得たのだ。世界は彼らを――<br>〈ブレイカー〉と呼んだ。
Comics,1346903867396,Comics.Introduction.Panel5.2,They step into the rifts to shut them down.,彼らはリフトへ踏み込み、<br>それを閉じる。
Crossroads,64673481836068866,Crossroads.ChallengeEncounter.Description,<b>Challenge:</b> {relicDescription}\n\n<b>Reward:</b> Choose a random {relicRarity} Relic.,<b>チャレンジ：</b> {relicDescription}\n\n<b>報酬：</b>ランダムな{relicRarity}レリックから1つ選ぶ。
Crossroads,64673481836068865,Crossroads.ChallengeEncounter.Title,Challenge Encounter,チャレンジ戦
Crossroads,40019224625283073,Crossroads.Crossroads_120.Name,A Spork in the Road,分かれ道のスポーク
Crossroads,40019224625283076,Crossroads.Crossroads_123.Name,Endless Mode,エンドレスモード
Crossroads,52769721664135168,Crossroads.Crossroads_23.Name,Starter Kit,スターターキット
Crossroads,58577754868670464,Crossroads.Crossroads_30.Name,Random Event,ランダムイベント
Crossroads,58577755065802752,Crossroads.Crossroads_31.Name,Random Event,ランダムイベント
Crossroads,58577755065802753,Crossroads.Crossroads_32.Name,Random Event,ランダムイベント
Crossroads,59338577379581952,Crossroads.Crossroads_33.Name,Random Event,ランダムイベント
Crossroads,7199880976777234,Crossroads.Crossroads_50.Name,First Campfire,最初の焚き火
Crossroads,40019224604311552,Crossroads.Crossroads_53.Name,Second Campfire,2つ目の焚き火
Crossroads,64673481836068864,Crossroads.RegularEncounter.Description,Face the next encounter as is.,次の戦闘にそのまま挑む。
Crossroads,64673481823485952,Crossroads.RegularEncounter.Title,Regular Encounter,通常戦
Enemies,7200113362190336,Enemies.Enemy_10.Name,TestCrab,テスト用カニ
Enemies,7200113383161863,Enemies.Enemy_1000.Name,Crab,カニ
Enemies,17032434261147648,Enemies.Enemy_1001.Name,Turtle,カメ
Enemies,7200113383161856,Enemies.Enemy_101.Name,Mushroom Archer,キノコアーチャー
Enemies,7200113383161888,Enemies.Enemy_101001.Name,Skeleton Knight,スケルトンナイト
Enemies,7200113383161889,Enemies.Enemy_101002.Name,Skeleton Knight,スケルトンナイト
Enemies,7200113383161890,Enemies.Enemy_101003.Name,Skeleton Knight,スケルトンナイト
Enemies,7200113383161891,Enemies.Enemy_101004.Name,Skeleton Knight,スケルトンナイト
Enemies,7200113383161864,Enemies.Enemy_10101.Name,Rat,ネズミ
Enemies,7200113383161865,Enemies.Enemy_10102.Name,Skeleton Cultist,スケルトンの狂信者
Enemies,7200113383161866,Enemies.Enemy_10103.Name,Skeleton Archer,スケルトンアーチャー
Enemies,7200113383161867,Enemies.Enemy_10104.Name,Nature Monster,ネイチャーモンスター
Enemies,7200113383161868,Enemies.Enemy_10106.Name,Banshee,バンシー
Enemies,7200113383161892,Enemies.Enemy_101101.Name,Skeleton Mage,スケルトンメイジ
Enemies,7200113383161893,Enemies.Enemy_101102.Name,Skeleton Mage,スケルトンメイジ
Enemies,7200113383161894,Enemies.Enemy_101103.Name,Skeleton Mage,スケルトンメイジ
Enemies,7200113383161895,Enemies.Enemy_101104.Name,Skeleton Mage,スケルトンメイジ
Enemies,7200113383161896,Enemies.Enemy_101201.Name,Skeleton Priest,スケルトンプリースト
Enemies,7200113383161897,Enemies.Enemy_101202.Name,Skeleton Priest,スケルトンプリースト
Enemies,7200113383161898,Enemies.Enemy_101203.Name,Skeleton Priest,スケルトンプリースト
Enemies,7200113383161899,Enemies.Enemy_101204.Name,Skeleton Priest,スケルトンプリースト
Enemies,7200113383161900,Enemies.Enemy_101301.Name,Skeleton Archer,スケルトンアーチャー
Enemies,7200113383161901,Enemies.Enemy_101302.Name,Skeleton Archer,スケルトンアーチャー
Enemies,7200113383161902,Enemies.Enemy_101303.Name,Skeleton Archer,スケルトンアーチャー
Enemies,7200113383161903,Enemies.Enemy_101304.Name,Skeleton Archer,スケルトンアーチャー
Enemies,7200113383161904,Enemies.Enemy_101401.Name,Melee Fire Spider,近接型ファイアスパイダー
Enemies,7200113383161905,Enemies.Enemy_101402.Name,Melee Fire Spider,近接型ファイアスパイダー
Enemies,7200113383161906,Enemies.Enemy_101403.Name,Melee Fire Spider,近接型ファイアスパイダー
Enemies,7200113383161907,Enemies.Enemy_101404.Name,Melee Fire Spider,近接型ファイアスパイダー
Enemies,7200113383161908,Enemies.Enemy_101501.Name,Ranged Fire Spider,遠距離型ファイアスパイダー
Enemies,7200113383161909,Enemies.Enemy_101502.Name,Ranged Fire Spider,遠距離型ファイアスパイダー
Enemies,7200113383161910,Enemies.Enemy_101503.Name,Ranged Fire Spider,遠距離型ファイアスパイダー
Enemies,7200113383161911,Enemies.Enemy_101504.Name,Ranged Fire Spider,遠距離型ファイアスパイダー
Enemies,7200113383161912,Enemies.Enemy_101601.Name,Skeletal Hound,スケルトンハウンド
Enemies,7200113383161913,Enemies.Enemy_101602.Name,Skeletal Hound,スケルトンハウンド
Enemies,7200113383161914,Enemies.Enemy_101603.Name,Skeletal Hound,スケルトンハウンド
Enemies,7200113383161915,Enemies.Enemy_101604.Name,Skeletal Hound,スケルトンハウンド
Enemies,7200113383161916,Enemies.Enemy_101701.Name,Fire Dragon,ファイアドラゴン
Enemies,7200113383161917,Enemies.Enemy_101702.Name,Frost Dragon,フロストドラゴン
Enemies,7200113383161918,Enemies.Enemy_101703.Name,Poison Dragon,ポイズンドラゴン
Enemies,7200113383161919,Enemies.Enemy_101801.Name,Forest Golem,森のゴーレム
Enemies,17032434282119168,Enemies.Enemy_101802.Name,Forest Golem,森のゴーレム
Enemies,17032434282119169,Enemies.Enemy_101803.Name,Forest Golem,森のゴーレム
Enemies,17032434282119170,Enemies.Enemy_101804.Name,Forest Golem,森のゴーレム
Enemies,17032434282119171,Enemies.Enemy_101805.Name,Forest Golem,森のゴーレム
Enemies,17032434282119172,Enemies.Enemy_101806.Name,Forest Golem,森のゴーレム
Enemies,7200113383161920,Enemies.Enemy_101901.Name,Mushroom Archer,キノコアーチャー
Enemies,7200113383161921,Enemies.Enemy_101902.Name,Mushroom Archer,キノコアーチャー
Enemies,7200113383161922,Enemies.Enemy_101903.Name,Mushroom Archer,キノコアーチャー
Enemies,7200113383161923,Enemies.Enemy_101904.Name,Mushroom Archer,キノコアーチャー
Enemies,7200113383161924,Enemies.Enemy_101905.Name,Mushroom Archer,キノコアーチャー
Enemies,7200113383161925,Enemies.Enemy_101906.Name,Mushroom Archer,キノコアーチャー
Enemies,7200113383161928,Enemies.Enemy_101909.Name,Mushroom Archer,キノコアーチャー
Enemies,7200113383161929,Enemies.Enemy_101910.Name,Mushroom Archer,キノコアーチャー
Enemies,7200113383161930,Enemies.Enemy_101911.Name,Mushroom Archer,キノコアーチャー
Enemies,7200113383161931,Enemies.Enemy_101912.Name,Mushroom Archer,キノコアーチャー
Enemies,7200113383161932,Enemies.Enemy_101913.Name,Mushroom Archer,キノコアーチャー
Enemies,17032434282119174,Enemies.Enemy_101914.Name,Mushroom Archer,キノコアーチャー
Enemies,17032434282119175,Enemies.Enemy_101915.Name,Mushroom Archer,キノコアーチャー
Enemies,17032434282119176,Enemies.Enemy_101916.Name,Mushroom Archer,キノコアーチャー
Enemies,17032434282119177,Enemies.Enemy_101917.Name,Mushroom Archer,キノコアーチャー
Enemies,17032434282119178,Enemies.Enemy_101918.Name,Mushroom Archer,キノコアーチャー
Enemies,17032434282119179,Enemies.Enemy_101919.Name,Mushroom Archer,キノコアーチャー
Enemies,17032434282119180,Enemies.Enemy_101920.Name,Mushroom Archer,キノコアーチャー
Enemies,17032434282119181,Enemies.Enemy_101921.Name,Mushroom Archer,キノコアーチャー
Enemies,17032434282119182,Enemies.Enemy_101922.Name,Mushroom Archer,キノコアーチャー
Enemies,17032434282119187,Enemies.Enemy_101927.Name,Mushroom Archer,キノコアーチャー
Enemies,17032434282119188,Enemies.Enemy_101928.Name,Mushroom Archer,キノコアーチャー
Enemies,17032434282119189,Enemies.Enemy_101929.Name,Mushroom Archer,キノコアーチャー
Enemies,17032434282119190,Enemies.Enemy_101930.Name,Mushroom Archer,キノコアーチャー
Enemies,17032434282119191,Enemies.Enemy_101931.Name,Mushroom Archer,キノコアーチャー
Enemies,40019416686657541,Enemies.Enemy_101933.Name,Mushroom Archer,キノコアーチャー
Enemies,7200113383161857,Enemies.Enemy_102.Name,Mushroom Frost Mage,凍気のキノコメイジ
Enemies,7200113383161933,Enemies.Enemy_102001.Name,Mushroom Tank,キノコタンク
Enemies,7200113383161934,Enemies.Enemy_102002.Name,Mushroom Tank,キノコタンク
Enemies,7200113383161935,Enemies.Enemy_102003.Name,Mushroom Tank,キノコタンク
Enemies,7200113383161936,Enemies.Enemy_102004.Name,Mushroom Tank,キノコタンク
Enemies,7200113383161937,Enemies.Enemy_102005.Name,Mushroom Tank,キノコタンク
Enemies,7200113383161938,Enemies.Enemy_102006.Name,Mushroom Tank,キノコタンク
Enemies,7200113383161941,Enemies.Enemy_102009.Name,Mushroom Tank,キノコタンク
Enemies,7200113383161869,Enemies.Enemy_10201.Name,Rat,ネズミ
Enemies,7200113383161942,Enemies.Enemy_102010.Name,Mushroom Tank,キノコタンク
Enemies,7200113383161943,Enemies.Enemy_102011.Name,Mushroom Tank,キノコタンク
Enemies,7200113383161945,Enemies.Enemy_102013.Name,Mushroom Tank,キノコタンク
Enemies,7200113383161946,Enemies.Enemy_102014.Name,Mushroom Tank,キノコタンク
Enemies,17032434282119193,Enemies.Enemy_102015.Name,Mushroom Tank,キノコタンク
Enemies,17032434282119194,Enemies.Enemy_102017.Name,Mushroom Tank,キノコタンク
Enemies,17032434282119195,Enemies.Enemy_102018.Name,Mushroom Tank,キノコタンク
Enemies,17032434282119196,Enemies.Enemy_102019.Name,Mushroom Tank,キノコタンク
Enemies,7200113383161870,Enemies.Enemy_10202.Name,Skeleton Cultist,スケルトンの狂信者
Enemies,17032434282119197,Enemies.Enemy_102021.Name,Mushroom Tank,キノコタンク
Enemies,17032434282119198,Enemies.Enemy_102022.Name,Mushroom Tank,キノコタンク
Enemies,17032434282119199,Enemies.Enemy_102023.Name,Mushroom Tank,キノコタンク
Enemies,17032434282119200,Enemies.Enemy_102025.Name,Mushroom Tank,キノコタンク
Enemies,17032434282119201,Enemies.Enemy_102026.Name,Mushroom Tank,キノコタンク
Enemies,17032434282119202,Enemies.Enemy_102027.Name,Mushroom Tank,キノコタンク
Enemies,7200113383161871,Enemies.Enemy_10203.Name,Skeleton Archer,スケルトンアーチャー
Enemies,7200113383161872,Enemies.Enemy_10204.Name,Nature Monster,ネイチャーモンスター
Enemies,7200113383161873,Enemies.Enemy_10206.Name,Banshee,バンシー
Enemies,7200113383161947,Enemies.Enemy_102101.Name,Mushroom Frost Mage,凍気のキノコメイジ
Enemies,7200113383161948,Enemies.Enemy_102102.Name,Mushroom Frost Mage,凍気のキノコメイジ
Enemies,7200113383161949,Enemies.Enemy_102103.Name,Mushroom Frost Mage,凍気のキノコメイジ
Enemies,7200113383161952,Enemies.Enemy_102106.Name,Mushroom Frost Mage,凍気のキノコメイジ
Enemies,7200113383161953,Enemies.Enemy_102107.Name,Mushroom Frost Mage,凍気のキノコメイジ
Enemies,7200113383161954,Enemies.Enemy_102108.Name,Mushroom Frost Mage,凍気のキノコメイジ
Enemies,17032434282119206,Enemies.Enemy_102109.Name,Mushroom Frost Mage,凍気のキノコメイジ
Enemies,17032434282119207,Enemies.Enemy_102110.Name,Mushroom Frost Mage,凍気のキノコメイジ
Enemies,17032434282119208,Enemies.Enemy_102111.Name,Mushroom Frost Mage,凍気のキノコメイジ
Enemies,17032434282119209,Enemies.Enemy_102112.Name,Mushroom Frost Mage,凍気のキノコメイジ
Enemies,17032434282119210,Enemies.Enemy_102113.Name,Mushroom Frost Mage,凍気のキノコメイジ
Enemies,17032434282119211,Enemies.Enemy_102114.Name,Mushroom Frost Mage,凍気のキノコメイジ
Enemies,17032434282119212,Enemies.Enemy_102115.Name,Mushroom Frost Mage,凍気のキノコメイジ
Enemies,17032434282119213,Enemies.Enemy_102116.Name,Mushroom Frost Mage,凍気のキノコメイジ
Enemies,7200113383161955,Enemies.Enemy_102201.Name,Mushroom Fire Mage,炎のキノコメイジ
Enemies,7200113383161956,Enemies.Enemy_102202.Name,Mushroom Fire Mage,炎のキノコメイジ
Enemies,7200113383161957,Enemies.Enemy_102203.Name,Mushroom Fire Mage,炎のキノコメイジ
Enemies,7200113383161960,Enemies.Enemy_102206.Name,Mushroom Fire Mage,炎のキノコメイジ
Enemies,7200113383161961,Enemies.Enemy_102207.Name,Mushroom Fire Mage,炎のキノコメイジ
Enemies,7200113383161962,Enemies.Enemy_102208.Name,Mushroom Fire Mage,炎のキノコメイジ
Enemies,17032434282119215,Enemies.Enemy_102209.Name,Mushroom Fire Mage,炎のキノコメイジ
Enemies,17032434282119216,Enemies.Enemy_102210.Name,Mushroom Fire Mage,炎のキノコメイジ
Enemies,17032434282119217,Enemies.Enemy_102211.Name,Mushroom Fire Mage,炎のキノコメイジ
Enemies,17032434282119218,Enemies.Enemy_102212.Name,Mushroom Fire Mage,炎のキノコメイジ
Enemies,17032434282119219,Enemies.Enemy_102213.Name,Mushroom Fire Mage,炎のキノコメイジ
Enemies,17032434282119220,Enemies.Enemy_102214.Name,Mushroom Fire Mage,炎のキノコメイジ
Enemies,17032434282119221,Enemies.Enemy_102215.Name,Mushroom Fire Mage,炎のキノコメイジ
Enemies,17032434282119222,Enemies.Enemy_102216.Name,Mushroom Fire Mage,炎のキノコメイジ
Enemies,7200113383161963,Enemies.Enemy_102301.Name,Mushroom Healer,キノコヒーラー
Enemies,7200113383161964,Enemies.Enemy_102401.Name,Mushroom Fighter,キノコファイター
Enemies,7200113383161965,Enemies.Enemy_102501.Name,Plant Monster,プラントモンスター
Enemies,7200113383161967,Enemies.Enemy_102503.Name,Plant Monster,プラントモンスター
Enemies,7200113383161969,Enemies.Enemy_102505.Name,Plant Monster,プラントモンスター
Enemies,7200113383161971,Enemies.Enemy_102507.Name,Plant Monster,プラントモンスター
Enemies,17032434282119224,Enemies.Enemy_102509.Name,Plant Monster,プラントモンスター
Enemies,17032434282119226,Enemies.Enemy_102513.Name,Plant Monster,プラントモンスター
Enemies,7200113383161972,Enemies.Enemy_102601.Name,Spider,クモ
Enemies,7200113383161973,Enemies.Enemy_102602.Name,Spider,クモ
Enemies,7200113383161975,Enemies.Enemy_102604.Name,Spider,クモ
Enemies,7200113383161977,Enemies.Enemy_102606.Name,Spider,クモ
Enemies,17032434282119228,Enemies.Enemy_102608.Name,Spider,クモ
Enemies,17032434282119229,Enemies.Enemy_102610.Name,Spider,クモ
Enemies,17032434282119230,Enemies.Enemy_102612.Name,Spider,クモ
Enemies,7200113383161978,Enemies.Enemy_102701.Name,Slime,スライム
Enemies,7200113383161979,Enemies.Enemy_102702.Name,Slime,スライム
Enemies,7200113383161980,Enemies.Enemy_102703.Name,Slime,スライム
Enemies,7200113383161981,Enemies.Enemy_102704.Name,Slime,スライム
Enemies,7200113383161982,Enemies.Enemy_102705.Name,Slime,スライム
Enemies,7200113383161983,Enemies.Enemy_102706.Name,Slime,スライム
Enemies,7200113383161987,Enemies.Enemy_102710.Name,Slime,スライム
Enemies,7200113383161988,Enemies.Enemy_102711.Name,Slime,スライム
Enemies,17032434282119232,Enemies.Enemy_102714.Name,Slime,スライム
Enemies,17032434282119233,Enemies.Enemy_102715.Name,Slime,スライム
Enemies,17032434282119235,Enemies.Enemy_102718.Name,Slime,スライム
Enemies,17032434282119236,Enemies.Enemy_102719.Name,Slime,スライム
Enemies,17032434282119238,Enemies.Enemy_102722.Name,Slime,スライム
Enemies,17032434282119239,Enemies.Enemy_102723.Name,Slime,スライム
Enemies,17032434282119241,Enemies.Enemy_102726.Name,Slime,スライム
Enemies,17032434282119242,Enemies.Enemy_102727.Name,Slime,スライム
Enemies,7200113383161991,Enemies.Enemy_102801.Name,Snake,ヘビ
Enemies,7200113383161992,Enemies.Enemy_102901.Name,Lizard,リザード
Enemies,7200113383161993,Enemies.Enemy_102902.Name,Lizard,リザード
Enemies,7200113383161995,Enemies.Enemy_102904.Name,Lizard,リザード
Enemies,17032434282119246,Enemies.Enemy_102906.Name,Lizard,リザード
Enemies,17032434282119247,Enemies.Enemy_102908.Name,Lizard,リザード
Enemies,17032434282119248,Enemies.Enemy_102910.Name,Lizard,リザード
Enemies,17032434282119249,Enemies.Enemy_102912.Name,Lizard,リザード
Enemies,7200113383161858,Enemies.Enemy_103.Name,Mushroom Fire Mage,炎のキノコメイジ
Enemies,7200113383161996,Enemies.Enemy_103001.Name,Firefly,ホタル
Enemies,7200113383161874,Enemies.Enemy_10301.Name,Rat,ネズミ
Enemies,7200113383161875,Enemies.Enemy_10302.Name,Skeleton Cultist,スケルトンの狂信者
Enemies,7200113383161876,Enemies.Enemy_10303.Name,Skeleton Archer,スケルトンアーチャー
Enemies,7200113383161877,Enemies.Enemy_10304.Name,Nature Monster,ネイチャーモンスター
Enemies,7200113383161878,Enemies.Enemy_10306.Name,Banshee,バンシー
Enemies,7200113383161997,Enemies.Enemy_103101.Name,Bat,コウモリ
Enemies,7200113383161998,Enemies.Enemy_103201.Name,Hydra,ヒュドラ
Enemies,40019416686657542,Enemies.Enemy_103301.Name,Snake,ヘビ
Enemies,40019416686657543,Enemies.Enemy_103302.Name,Snake,ヘビ
Enemies,40019416686657544,Enemies.Enemy_103303.Name,Snake,ヘビ
Enemies,40019416686657545,Enemies.Enemy_103304.Name,Snake,ヘビ
Enemies,40019416686657546,Enemies.Enemy_103305.Name,Snake,ヘビ
Enemies,40019416686657547,Enemies.Enemy_103306.Name,Snake,ヘビ
Enemies,40019416686657548,Enemies.Enemy_103307.Name,Snake,ヘビ
Enemies,7200113383161859,Enemies.Enemy_104.Name,Mushroom Knight,キノコナイト
Enemies,7200113383161860,Enemies.Enemy_105.Name,Snake,ヘビ
Enemies,7200113383162000,Enemies.Enemy_105001.Name,Mimic,ミミック
Enemies,7200113383162001,Enemies.Enemy_105002.Name,Mimic,ミミック
Enemies,7200113383162002,Enemies.Enemy_105003.Name,Mimic,ミミック
Enemies,7200113383162003,Enemies.Enemy_105101.Name,Swamp Giant,沼地の巨人
Enemies,7200113383162004,Enemies.Enemy_105102.Name,Swamp Giant,沼地の巨人
Enemies,7200113383162005,Enemies.Enemy_105103.Name,Swamp Giant,沼地の巨人
Enemies,7200113383162006,Enemies.Enemy_105201.Name,Crab,カニ
Enemies,7200113383162007,Enemies.Enemy_105202.Name,Crab,カニ
Enemies,7200113383162008,Enemies.Enemy_105203.Name,Crab,カニ
Enemies,7200113383161861,Enemies.Enemy_106.Name,Wood Minion,木のミニオン
Enemies,7200113383161862,Enemies.Enemy_107.Name,RootMage,根のメイジ
Enemies,7200113383161879,Enemies.Enemy_10701.Name,Undead Abomination,アンデッドの異形
Enemies,7200113383161880,Enemies.Enemy_10702.Name,Undead Abomination,アンデッドの異形
Enemies,7200113383161881,Enemies.Enemy_10703.Name,Undead Abomination,アンデッドの異形
Enemies,7200113383161882,Enemies.Enemy_10704.Name,Undead Abomination,アンデッドの異形
Enemies,40019416665686016,Enemies.Enemy_108.Name,Spider,クモ
Enemies,7200113383161883,Enemies.Enemy_10801.Name,Forest Golem,森のゴーレム
Enemies,7200113383161884,Enemies.Enemy_10802.Name,Forest Golem,森のゴーレム
Enemies,7200113383161885,Enemies.Enemy_10803.Name,Forest Golem,森のゴーレム
Enemies,7200113383161886,Enemies.Enemy_10804.Name,Forest Golem,森のゴーレム
Enemies,40019416686657536,Enemies.Enemy_109.Name,Slime,スライム
Enemies,7200113383161887,Enemies.Enemy_10901.Name,Demon,デーモン
Enemies,40019416686657537,Enemies.Enemy_2001.Name,Turtle,カメ
Enemies,40019416686657549,Enemies.Enemy_201701.Name,Fire Dragon,ファイアドラゴン
Enemies,40019416686657550,Enemies.Enemy_201702.Name,Frost Dragon,フロストドラゴン
Enemies,40019416686657551,Enemies.Enemy_201703.Name,Poison Dragon,ポイズンドラゴン
Enemies,40019416686657552,Enemies.Enemy_201802.Name,Forest Golem,森のゴーレム
Enemies,40019416686657553,Enemies.Enemy_201803.Name,Forest Golem,森のゴーレム
Enemies,40019416686657554,Enemies.Enemy_201804.Name,Forest Golem,森のゴーレム
Enemies,40019416686657555,Enemies.Enemy_201805.Name,Forest Golem,森のゴーレム
Enemies,40019416686657556,Enemies.Enemy_201806.Name,Forest Golem,森のゴーレム
Enemies,40019416686657557,Enemies.Enemy_201901.Name,Mushroom Archer,キノコアーチャー
Enemies,40019416686657558,Enemies.Enemy_201902.Name,Mushroom Archer,キノコアーチャー
Enemies,40019416686657559,Enemies.Enemy_201903.Name,Mushroom Archer,キノコアーチャー
Enemies,40019416686657560,Enemies.Enemy_201904.Name,Mushroom Archer,キノコアーチャー
Enemies,40019416686657561,Enemies.Enemy_201905.Name,Mushroom Archer,キノコアーチャー
Enemies,40019416686657562,Enemies.Enemy_201906.Name,Mushroom Archer,キノコアーチャー
Enemies,40019416686657563,Enemies.Enemy_201909.Name,Mushroom Archer,キノコアーチャー
Enemies,40019416686657564,Enemies.Enemy_201910.Name,Mushroom Archer,キノコアーチャー
Enemies,40019416686657565,Enemies.Enemy_201911.Name,Mushroom Archer,キノコアーチャー
Enemies,40019416686657566,Enemies.Enemy_201912.Name,Mushroom Archer,キノコアーチャー
Enemies,40019416686657567,Enemies.Enemy_201913.Name,Mushroom Archer,キノコアーチャー
Enemies,40019416686657568,Enemies.Enemy_201914.Name,Mushroom Archer,キノコアーチャー
Enemies,40019416686657569,Enemies.Enemy_201915.Name,Mushroom Archer,キノコアーチャー
Enemies,40019416686657570,Enemies.Enemy_201916.Name,Mushroom Archer,キノコアーチャー
Enemies,40019416686657571,Enemies.Enemy_201917.Name,Mushroom Archer,キノコアーチャー
Enemies,40019416686657572,Enemies.Enemy_201918.Name,Mushroom Archer,キノコアーチャー
Enemies,40019416686657573,Enemies.Enemy_201919.Name,Mushroom Archer,キノコアーチャー
Enemies,40019416686657574,Enemies.Enemy_201920.Name,Mushroom Archer,キノコアーチャー
Enemies,40019416686657575,Enemies.Enemy_201921.Name,Mushroom Archer,キノコアーチャー
Enemies,40019416686657576,Enemies.Enemy_201922.Name,Mushroom Archer,キノコアーチャー
Enemies,40019416686657577,Enemies.Enemy_201927.Name,Mushroom Archer,キノコアーチャー
Enemies,40019416686657578,Enemies.Enemy_201928.Name,Mushroom Archer,キノコアーチャー
Enemies,40019416686657579,Enemies.Enemy_201929.Name,Mushroom Archer,キノコアーチャー
Enemies,40019416686657580,Enemies.Enemy_201930.Name,Mushroom Archer,キノコアーチャー
Enemies,40019416686657581,Enemies.Enemy_201931.Name,Mushroom Archer,キノコアーチャー
Enemies,40019416686657582,Enemies.Enemy_201933.Name,Mushroom Archer,キノコアーチャー
Enemies,40019416686657583,Enemies.Enemy_202001.Name,Mushroom Tank,キノコタンク
Enemies,40019416686657584,Enemies.Enemy_202002.Name,Mushroom Tank,キノコタンク
Enemies,40019416686657585,Enemies.Enemy_202003.Name,Mushroom Tank,キノコタンク
Enemies,40019416686657586,Enemies.Enemy_202004.Name,Mushroom Tank,キノコタンク
Enemies,40019416686657587,Enemies.Enemy_202005.Name,Mushroom Tank,キノコタンク
Enemies,40019416686657588,Enemies.Enemy_202006.Name,Mushroom Tank,キノコタンク
Enemies,40019416686657589,Enemies.Enemy_202009.Name,Mushroom Tank,キノコタンク
Enemies,40019416686657590,Enemies.Enemy_202010.Name,Mushroom Tank,キノコタンク
Enemies,40019416686657591,Enemies.Enemy_202011.Name,Mushroom Tank,キノコタンク
Enemies,40019416686657592,Enemies.Enemy_202013.Name,Mushroom Tank,キノコタンク
Enemies,40019416686657593,Enemies.Enemy_202014.Name,Mushroom Tank,キノコタンク
Enemies,40019416686657594,Enemies.Enemy_202015.Name,Mushroom Tank,キノコタンク
Enemies,40019416686657595,Enemies.Enemy_202017.Name,Mushroom Tank,キノコタンク
Enemies,40019416686657596,Enemies.Enemy_202018.Name,Mushroom Tank,キノコタンク
Enemies,40019416686657597,Enemies.Enemy_202019.Name,Mushroom Tank,キノコタンク
Enemies,40019416686657598,Enemies.Enemy_202021.Name,Mushroom Tank,キノコタンク
Enemies,40019416686657599,Enemies.Enemy_202022.Name,Mushroom Tank,キノコタンク
Enemies,40019416686657600,Enemies.Enemy_202023.Name,Mushroom Tank,キノコタンク
Enemies,40019416686657601,Enemies.Enemy_202025.Name,Mushroom Tank,キノコタンク
Enemies,40019416686657602,Enemies.Enemy_202026.Name,Mushroom Tank,キノコタンク
Enemies,40019416686657603,Enemies.Enemy_202027.Name,Mushroom Tank,キノコタンク
Enemies,40019416686657604,Enemies.Enemy_202101.Name,Mushroom Frost Mage,凍気のキノコメイジ
Enemies,40019416686657605,Enemies.Enemy_202102.Name,Mushroom Frost Mage,凍気のキノコメイジ
Enemies,40019416686657606,Enemies.Enemy_202103.Name,Mushroom Frost Mage,凍気のキノコメイジ
Enemies,40019416686657607,Enemies.Enemy_202106.Name,Mushroom Frost Mage,凍気のキノコメイジ
Enemies,40019416686657608,Enemies.Enemy_202107.Name,Mushroom Frost Mage,凍気のキノコメイジ
Enemies,40019416686657609,Enemies.Enemy_202108.Name,Mushroom Frost Mage,凍気のキノコメイジ
Enemies,40019416686657610,Enemies.Enemy_202109.Name,Mushroom Frost Mage,凍気のキノコメイジ
Enemies,40019416686657611,Enemies.Enemy_202110.Name,Mushroom Frost Mage,凍気のキノコメイジ
Enemies,40019416686657612,Enemies.Enemy_202111.Name,Mushroom Frost Mage,凍気のキノコメイジ
Enemies,40019416686657613,Enemies.Enemy_202112.Name,Mushroom Frost Mage,凍気のキノコメイジ
Enemies,40019416686657614,Enemies.Enemy_202113.Name,Mushroom Frost Mage,凍気のキノコメイジ
Enemies,40019416686657615,Enemies.Enemy_202114.Name,Mushroom Frost Mage,凍気のキノコメイジ
Enemies,40019416686657616,Enemies.Enemy_202115.Name,Mushroom Frost Mage,凍気のキノコメイジ
Enemies,40019416686657617,Enemies.Enemy_202116.Name,Mushroom Frost Mage,凍気のキノコメイジ
Enemies,40019416686657618,Enemies.Enemy_202201.Name,Mushroom Fire Mage,炎のキノコメイジ
Enemies,40019416686657619,Enemies.Enemy_202202.Name,Mushroom Fire Mage,炎のキノコメイジ
Enemies,40019416686657620,Enemies.Enemy_202203.Name,Mushroom Fire Mage,炎のキノコメイジ
Enemies,40019416686657621,Enemies.Enemy_202206.Name,Mushroom Fire Mage,炎のキノコメイジ
Enemies,40019416686657622,Enemies.Enemy_202207.Name,Mushroom Fire Mage,炎のキノコメイジ
Enemies,40019416686657623,Enemies.Enemy_202208.Name,Mushroom Fire Mage,炎のキノコメイジ
Enemies,40019416686657624,Enemies.Enemy_202209.Name,Mushroom Fire Mage,炎のキノコメイジ
Enemies,40019416686657625,Enemies.Enemy_202210.Name,Mushroom Fire Mage,炎のキノコメイジ
Enemies,40019416686657626,Enemies.Enemy_202211.Name,Mushroom Fire Mage,炎のキノコメイジ
Enemies,40019416686657627,Enemies.Enemy_202212.Name,Mushroom Fire Mage,炎のキノコメイジ
Enemies,40019416686657628,Enemies.Enemy_202213.Name,Mushroom Fire Mage,炎のキノコメイジ
Enemies,40019416686657629,Enemies.Enemy_202214.Name,Mushroom Fire Mage,炎のキノコメイジ
Enemies,40019416686657630,Enemies.Enemy_202215.Name,Mushroom Fire Mage,炎のキノコメイジ
Enemies,40019416686657631,Enemies.Enemy_202216.Name,Mushroom Fire Mage,炎のキノコメイジ
Enemies,40019416686657632,Enemies.Enemy_202501.Name,Plant Monster,プラントモンスター
Enemies,40019416686657633,Enemies.Enemy_202503.Name,Plant Monster,プラントモンスター
Enemies,40019416686657634,Enemies.Enemy_202505.Name,Plant Monster,プラントモンスター
Enemies,40019416686657635,Enemies.Enemy_202507.Name,Plant Monster,プラントモンスター
Enemies,40019416686657636,Enemies.Enemy_202509.Name,Plant Monster,プラントモンスター
Enemies,40019416686657637,Enemies.Enemy_202513.Name,Plant Monster,プラントモンスター
Enemies,40019416686657638,Enemies.Enemy_202601.Name,Spider,クモ
Enemies,40019416686657639,Enemies.Enemy_202602.Name,Spider,クモ
Enemies,40019416686657640,Enemies.Enemy_202604.Name,Spider,クモ
Enemies,40019416686657641,Enemies.Enemy_202606.Name,Spider,クモ
Enemies,40019416686657642,Enemies.Enemy_202608.Name,Spider,クモ
Enemies,40019416686657643,Enemies.Enemy_202610.Name,Spider,クモ
Enemies,40019416686657644,Enemies.Enemy_202612.Name,Spider,クモ
Enemies,40019416686657645,Enemies.Enemy_202701.Name,Slime,スライム
Enemies,40019416686657646,Enemies.Enemy_202702.Name,Slime,スライム
Enemies,40019416686657647,Enemies.Enemy_202703.Name,Slime,スライム
Enemies,40019416686657648,Enemies.Enemy_202704.Name,Slime,スライム
Enemies,40019416686657649,Enemies.Enemy_202705.Name,Slime,スライム
Enemies,40019416686657650,Enemies.Enemy_202706.Name,Slime,スライム
Enemies,40019416686657651,Enemies.Enemy_202710.Name,Slime,スライム
Enemies,40019416686657652,Enemies.Enemy_202711.Name,Slime,スライム
Enemies,40019416686657653,Enemies.Enemy_202714.Name,Slime,スライム
Enemies,40019416686657654,Enemies.Enemy_202715.Name,Slime,スライム
Enemies,40019416686657655,Enemies.Enemy_202718.Name,Slime,スライム
Enemies,40019416686657656,Enemies.Enemy_202719.Name,Slime,スライム
Enemies,40019416686657657,Enemies.Enemy_202722.Name,Slime,スライム
Enemies,40019416686657658,Enemies.Enemy_202723.Name,Slime,スライム
Enemies,40019416686657659,Enemies.Enemy_202726.Name,Slime,スライム
Enemies,40019416686657660,Enemies.Enemy_202727.Name,Slime,スライム
Enemies,40019416686657661,Enemies.Enemy_202901.Name,Lizard,リザード
Enemies,40019416686657662,Enemies.Enemy_202902.Name,Lizard,リザード
Enemies,40019416686657663,Enemies.Enemy_202904.Name,Lizard,リザード
Enemies,40019416686657664,Enemies.Enemy_202906.Name,Lizard,リザード
Enemies,40019416686657665,Enemies.Enemy_202908.Name,Lizard,リザード
Enemies,40019416686657666,Enemies.Enemy_202910.Name,Lizard,リザード
Enemies,40019416686657667,Enemies.Enemy_202912.Name,Lizard,リザード
Enemies,40019416686657668,Enemies.Enemy_203201.Name,Hydra,ヒュドラ
Enemies,40019416686657669,Enemies.Enemy_203301.Name,Snake,ヘビ
Enemies,40019416686657670,Enemies.Enemy_203302.Name,Snake,ヘビ
Enemies,40019416686657671,Enemies.Enemy_203303.Name,Snake,ヘビ
Enemies,40019416686657672,Enemies.Enemy_203304.Name,Snake,ヘビ
Enemies,40019416686657673,Enemies.Enemy_203305.Name,Snake,ヘビ
Enemies,40019416686657674,Enemies.Enemy_203306.Name,Snake,ヘビ
Enemies,40019416686657675,Enemies.Enemy_203307.Name,Snake,ヘビ
Enemies,40019416686657539,Enemies.Enemy_20901.Name,Demon,デーモン
Enemies,40019416686657538,Enemies.Enemy_3001.Name,Turtle,カメ
Enemies,40019416686657676,Enemies.Enemy_301701.Name,Fire Dragon,ファイアドラゴン
Enemies,40019416686657677,Enemies.Enemy_301702.Name,Frost Dragon,フロストドラゴン
Enemies,40019416686657678,Enemies.Enemy_301703.Name,Poison Dragon,ポイズンドラゴン
Enemies,40019416686657679,Enemies.Enemy_301802.Name,Forest Golem,森のゴーレム
Enemies,40019416686657680,Enemies.Enemy_301803.Name,Forest Golem,森のゴーレム
Enemies,40019416686657681,Enemies.Enemy_301804.Name,Forest Golem,森のゴーレム
Enemies,40019416686657682,Enemies.Enemy_301805.Name,Forest Golem,森のゴーレム
Enemies,40019416686657683,Enemies.Enemy_301806.Name,Forest Golem,森のゴーレム
Enemies,40019416686657684,Enemies.Enemy_301901.Name,Mushroom Archer,キノコアーチャー
Enemies,40019416686657685,Enemies.Enemy_301902.Name,Mushroom Archer,キノコアーチャー
Enemies,40019416686657686,Enemies.Enemy_301903.Name,Mushroom Archer,キノコアーチャー
Enemies,40019416686657687,Enemies.Enemy_301904.Name,Mushroom Archer,キノコアーチャー
Enemies,40019416686657688,Enemies.Enemy_301905.Name,Mushroom Archer,キノコアーチャー
Enemies,40019416686657689,Enemies.Enemy_301906.Name,Mushroom Archer,キノコアーチャー
Enemies,40019416686657690,Enemies.Enemy_301909.Name,Mushroom Archer,キノコアーチャー
Enemies,40019416686657691,Enemies.Enemy_301910.Name,Mushroom Archer,キノコアーチャー
Enemies,40019416686657692,Enemies.Enemy_301911.Name,Mushroom Archer,キノコアーチャー
Enemies,40019416686657693,Enemies.Enemy_301912.Name,Mushroom Archer,キノコアーチャー
Enemies,40019416686657694,Enemies.Enemy_301913.Name,Mushroom Archer,キノコアーチャー
Enemies,40019416686657695,Enemies.Enemy_301914.Name,Mushroom Archer,キノコアーチャー
Enemies,40019416686657696,Enemies.Enemy_301915.Name,Mushroom Archer,キノコアーチャー
Enemies,40019416686657697,Enemies.Enemy_301916.Name,Mushroom Archer,キノコアーチャー
Enemies,40019416686657698,Enemies.Enemy_301917.Name,Mushroom Archer,キノコアーチャー
Enemies,40019416686657699,Enemies.Enemy_301918.Name,Mushroom Archer,キノコアーチャー
Enemies,40019416686657700,Enemies.Enemy_301919.Name,Mushroom Archer,キノコアーチャー
Enemies,40019416686657701,Enemies.Enemy_301920.Name,Mushroom Archer,キノコアーチャー
Enemies,40019416686657702,Enemies.Enemy_301921.Name,Mushroom Archer,キノコアーチャー
Enemies,40019416686657703,Enemies.Enemy_301922.Name,Mushroom Archer,キノコアーチャー
Enemies,40019416686657704,Enemies.Enemy_301927.Name,Mushroom Archer,キノコアーチャー
Enemies,40019416686657705,Enemies.Enemy_301928.Name,Mushroom Archer,キノコアーチャー
Enemies,40019416686657706,Enemies.Enemy_301929.Name,Mushroom Archer,キノコアーチャー
Enemies,40019416686657707,Enemies.Enemy_301930.Name,Mushroom Archer,キノコアーチャー
Enemies,40019416686657708,Enemies.Enemy_301931.Name,Mushroom Archer,キノコアーチャー
Enemies,40019416686657709,Enemies.Enemy_301933.Name,Mushroom Archer,キノコアーチャー
Enemies,40019416686657710,Enemies.Enemy_302001.Name,Mushroom Tank,キノコタンク
Enemies,40019416686657711,Enemies.Enemy_302002.Name,Mushroom Tank,キノコタンク
Enemies,40019416686657712,Enemies.Enemy_302003.Name,Mushroom Tank,キノコタンク
Enemies,40019416686657713,Enemies.Enemy_302004.Name,Mushroom Tank,キノコタンク
Enemies,40019416686657714,Enemies.Enemy_302005.Name,Mushroom Tank,キノコタンク
Enemies,40019416686657715,Enemies.Enemy_302006.Name,Mushroom Tank,キノコタンク
Enemies,40019416686657716,Enemies.Enemy_302009.Name,Mushroom Tank,キノコタンク
Enemies,40019416686657717,Enemies.Enemy_302010.Name,Mushroom Tank,キノコタンク
Enemies,40019416686657718,Enemies.Enemy_302011.Name,Mushroom Tank,キノコタンク
Enemies,40019416686657719,Enemies.Enemy_302013.Name,Mushroom Tank,キノコタンク
Enemies,40019416686657720,Enemies.Enemy_302014.Name,Mushroom Tank,キノコタンク
Enemies,40019416686657721,Enemies.Enemy_302015.Name,Mushroom Tank,キノコタンク
Enemies,40019416686657722,Enemies.Enemy_302017.Name,Mushroom Tank,キノコタンク
Enemies,40019416686657723,Enemies.Enemy_302018.Name,Mushroom Tank,キノコタンク
Enemies,40019416686657724,Enemies.Enemy_302019.Name,Mushroom Tank,キノコタンク
Enemies,40019416686657725,Enemies.Enemy_302021.Name,Mushroom Tank,キノコタンク
Enemies,40019416686657726,Enemies.Enemy_302022.Name,Mushroom Tank,キノコタンク
Enemies,40019416686657727,Enemies.Enemy_302023.Name,Mushroom Tank,キノコタンク
Enemies,40019416686657728,Enemies.Enemy_302025.Name,Mushroom Tank,キノコタンク
Enemies,40019416686657729,Enemies.Enemy_302026.Name,Mushroom Tank,キノコタンク
Enemies,40019416686657730,Enemies.Enemy_302027.Name,Mushroom Tank,キノコタンク
Enemies,40019416686657731,Enemies.Enemy_302101.Name,Mushroom Frost Mage,凍気のキノコメイジ
Enemies,40019416686657732,Enemies.Enemy_302102.Name,Mushroom Frost Mage,凍気のキノコメイジ
Enemies,40019416686657733,Enemies.Enemy_302103.Name,Mushroom Frost Mage,凍気のキノコメイジ
Enemies,40019416686657734,Enemies.Enemy_302106.Name,Mushroom Frost Mage,凍気のキノコメイジ
Enemies,40019416686657735,Enemies.Enemy_302107.Name,Mushroom Frost Mage,凍気のキノコメイジ
Enemies,40019416686657736,Enemies.Enemy_302108.Name,Mushroom Frost Mage,凍気のキノコメイジ
Enemies,40019416686657737,Enemies.Enemy_302109.Name,Mushroom Frost Mage,凍気のキノコメイジ
Enemies,40019416686657738,Enemies.Enemy_302110.Name,Mushroom Frost Mage,凍気のキノコメイジ
Enemies,40019416686657739,Enemies.Enemy_302111.Name,Mushroom Frost Mage,凍気のキノコメイジ
Enemies,40019416686657740,Enemies.Enemy_302112.Name,Mushroom Frost Mage,凍気のキノコメイジ
Enemies,40019416686657741,Enemies.Enemy_302113.Name,Mushroom Frost Mage,凍気のキノコメイジ
Enemies,40019416686657742,Enemies.Enemy_302114.Name,Mushroom Frost Mage,凍気のキノコメイジ
Enemies,40019416686657743,Enemies.Enemy_302115.Name,Mushroom Frost Mage,凍気のキノコメイジ
Enemies,40019416686657744,Enemies.Enemy_302116.Name,Mushroom Frost Mage,凍気のキノコメイジ
Enemies,40019416686657745,Enemies.Enemy_302201.Name,Mushroom Fire Mage,炎のキノコメイジ
Enemies,40019416686657746,Enemies.Enemy_302202.Name,Mushroom Fire Mage,炎のキノコメイジ
Enemies,40019416686657747,Enemies.Enemy_302203.Name,Mushroom Fire Mage,炎のキノコメイジ
Enemies,40019416686657748,Enemies.Enemy_302206.Name,Mushroom Fire Mage,炎のキノコメイジ
Enemies,40019416686657749,Enemies.Enemy_302207.Name,Mushroom Fire Mage,炎のキノコメイジ
Enemies,40019416686657750,Enemies.Enemy_302208.Name,Mushroom Fire Mage,炎のキノコメイジ
Enemies,40019416686657751,Enemies.Enemy_302209.Name,Mushroom Fire Mage,炎のキノコメイジ
Enemies,40019416686657752,Enemies.Enemy_302210.Name,Mushroom Fire Mage,炎のキノコメイジ
Enemies,40019416686657753,Enemies.Enemy_302211.Name,Mushroom Fire Mage,炎のキノコメイジ
Enemies,40019416686657754,Enemies.Enemy_302212.Name,Mushroom Fire Mage,炎のキノコメイジ
Enemies,40019416686657755,Enemies.Enemy_302213.Name,Mushroom Fire Mage,炎のキノコメイジ
Enemies,40019416686657756,Enemies.Enemy_302214.Name,Mushroom Fire Mage,炎のキノコメイジ
Enemies,40019416686657757,Enemies.Enemy_302215.Name,Mushroom Fire Mage,炎のキノコメイジ
Enemies,40019416686657758,Enemies.Enemy_302216.Name,Mushroom Fire Mage,炎のキノコメイジ
Enemies,40019416686657759,Enemies.Enemy_302501.Name,Plant Monster,プラントモンスター
Enemies,40019416686657760,Enemies.Enemy_302503.Name,Plant Monster,プラントモンスター
Enemies,40019416686657761,Enemies.Enemy_302505.Name,Plant Monster,プラントモンスター
Enemies,40019416686657762,Enemies.Enemy_302507.Name,Plant Monster,プラントモンスター
Enemies,40019416686657763,Enemies.Enemy_302509.Name,Plant Monster,プラントモンスター
Enemies,40019416686657764,Enemies.Enemy_302513.Name,Plant Monster,プラントモンスター
Enemies,40019416686657765,Enemies.Enemy_302601.Name,Spider,クモ
Enemies,40019416686657766,Enemies.Enemy_302602.Name,Spider,クモ
Enemies,40019416686657767,Enemies.Enemy_302604.Name,Spider,クモ
Enemies,40019416686657768,Enemies.Enemy_302606.Name,Spider,クモ
Enemies,40019416686657769,Enemies.Enemy_302608.Name,Spider,クモ
Enemies,40019416686657770,Enemies.Enemy_302610.Name,Spider,クモ
Enemies,40019416686657771,Enemies.Enemy_302612.Name,Spider,クモ
Enemies,40019416686657772,Enemies.Enemy_302701.Name,Slime,スライム
Enemies,40019416686657773,Enemies.Enemy_302702.Name,Slime,スライム
Enemies,40019416686657774,Enemies.Enemy_302703.Name,Slime,スライム
Enemies,40019416686657775,Enemies.Enemy_302704.Name,Slime,スライム
Enemies,40019416686657776,Enemies.Enemy_302705.Name,Slime,スライム
Enemies,40019416686657777,Enemies.Enemy_302706.Name,Slime,スライム
Enemies,40019416686657778,Enemies.Enemy_302710.Name,Slime,スライム
Enemies,40019416686657779,Enemies.Enemy_302711.Name,Slime,スライム
Enemies,40019416686657780,Enemies.Enemy_302714.Name,Slime,スライム
Enemies,40019416686657781,Enemies.Enemy_302715.Name,Slime,スライム
Enemies,40019416686657782,Enemies.Enemy_302718.Name,Slime,スライム
Enemies,40019416686657783,Enemies.Enemy_302719.Name,Slime,スライム
Enemies,40019416686657784,Enemies.Enemy_302722.Name,Slime,スライム
Enemies,40019416686657785,Enemies.Enemy_302723.Name,Slime,スライム
Enemies,40019416686657786,Enemies.Enemy_302726.Name,Slime,スライム
Enemies,40019416686657787,Enemies.Enemy_302727.Name,Slime,スライム
Enemies,40019416686657788,Enemies.Enemy_302901.Name,Lizard,リザード
Enemies,40019416686657789,Enemies.Enemy_302902.Name,Lizard,リザード
Enemies,40019416686657790,Enemies.Enemy_302904.Name,Lizard,リザード
Enemies,40019416686657791,Enemies.Enemy_302906.Name,Lizard,リザード
Enemies,40019416686657792,Enemies.Enemy_302908.Name,Lizard,リザード
Enemies,40019416686657793,Enemies.Enemy_302910.Name,Lizard,リザード
Enemies,40019416686657794,Enemies.Enemy_302912.Name,Lizard,リザード
Enemies,40019416686657795,Enemies.Enemy_303201.Name,Hydra,ヒュドラ
Enemies,40019416686657796,Enemies.Enemy_303301.Name,Snake,ヘビ
Enemies,40019416686657797,Enemies.Enemy_303302.Name,Snake,ヘビ
Enemies,40019416686657798,Enemies.Enemy_303303.Name,Snake,ヘビ
Enemies,40019416686657799,Enemies.Enemy_303304.Name,Snake,ヘビ
Enemies,40019416686657800,Enemies.Enemy_303305.Name,Snake,ヘビ
Enemies,40019416686657801,Enemies.Enemy_303306.Name,Snake,ヘビ
Enemies,40019416686657802,Enemies.Enemy_303307.Name,Snake,ヘビ
Enemies,40019416686657540,Enemies.Enemy_30901.Name,Demon,デーモン
Events,21745155175071767,Events.Event_1001.Choice_1.ChoiceOutcomeText,"A deal was struck. The Void Beast hands your guild the relic, reaches into their minds, then disappears. Your Heroes feel strange, but they aren't sure why.",取引は成立した。虚無の獣はギルドへレリックを手渡し、ヒーローたちの精神に手を伸ばすと、姿を消した。皆どこか妙な感覚を覚えているが、その理由が分からない。
Events,21745155175071766,Events.Event_1001.Choice_1.ChoiceText,Gain {name}. Your Heroes start next combat [Stunned]<stun> for {time} seconds.,{name}を獲得する。次の戦闘開始時、味方が{time}秒間[スタン]<stun>する。
Events,64059735563821056,Events.Event_1001.Choice_1.ChoiceTitle,Trade,取引する
Events,21745155175071769,Events.Event_1001.Choice_2.ChoiceOutcomeText,"""We're fine, thanks, Mr. Void Beast.""",「私たちは結構です。どうも、虚無の獣さん」
Events,21745155175071768,Events.Event_1001.Choice_2.ChoiceText,Your Heroes gain [+{statbonus}% basic stats]<basicstat> next combat.,次の戦闘中、ヒーローの[基本ステータス+{statbonus}%]<basicstat>。
Events,64059735563821057,Events.Event_1001.Choice_2.ChoiceTitle,Refuse,断る
Events,21745155175071764,Events.Event_1001.CrossroadsDescription,Gain a rare relic for a price.,代償と引き換えにレアレリックを得る。
Events,21745155175071765,Events.Event_1001.EventDescription,"An ancient being materializes in front of your guild. It hungers not for flesh or Shards, but memories. It conjures 3 long-lost relics before your guild, and offers them in exchange for a bite of remembrance.",太古の存在がギルドの前へ姿を現す。飢えているのは肉でもシャードでもなく、記憶だ。失われて久しい3つのレリックを呼び出し、思い出をひとかじりさせる代わりに渡そうと持ちかけてきた。
Events,21745155175071763,Events.Event_1001.EventName,The Void Beast,虚無の獣
Events,61089600557277184,Events.Event_1006.Choice_1.ChoiceOutcomeText,"One by one, your Heroes walk up to the statue and give it a peck on the cheek. Mere seconds after {hero} gives the final kiss, a wave of unease washes over your Heroes and the statue begins to crumble into dust. With the door unblocked your Heroes wander into the temple.",ヒーローたちは一人ずつ像へ歩み寄り、その頬に軽く口づけした。{hero}が最後のキスをしてから数秒後、不安の波が皆を襲い、像は粉々に崩れ始めた。入口が開いたため、ヒーローたちは神殿へ入っていった。
Events,21745155175071809,Events.Event_1006.Choice_1.ChoiceText,Gain {name}. All Heroes permanently lose {amount} {stat}.,{name}を獲得する。味方全員が{amount} {stat}を恒久的に失う。
Events,64059735563821058,Events.Event_1006.Choice_1.ChoiceTitle,Peck Cheek,頬にキス
Events,61089600595025920,Events.Event_1006.Choice_2.ChoiceOutcomeText,"{hero} steps up to the statue and plants a kiss on its lips. They feel a piece of their heart fade away into the statue, and watch as the statue slowly crumbles into dust. With the door unblocked your Heroes wander into the temple.",{hero}は像の前へ進み出て、その唇へ口づけした。心の一部が像へ吸い込まれて薄れていくのを感じると、像はゆっくり粉々に崩れた。入口が開いたため、ヒーローたちは神殿へ入っていった。
Events,21745155175071811,Events.Event_1006.Choice_2.ChoiceText,Gain {name}. A Hero permanently loses {amount} {stat}.,{name}を獲得する。ヒーロー1人が{amount} {stat}を恒久的に失う。
Events,64059735563821059,Events.Event_1006.Choice_2.ChoiceTitle,Kiss Lips,唇にキス
Events,21745155175071814,Events.Event_1006.Choice_3.ChoiceOutcomeText,"{hero} steps up to the statue and plants a kiss on its forehead. They sense a change deep within, and watch as the statue slowly crumbles into dust. With the door unblocked your Heroes wander into the temple.",{hero}は像の前へ進み出て、その額へ口づけした。体の奥深くで何かが変わったのを感じると、像はゆっくり粉々に崩れた。入口が開いたため、ヒーローたちは神殿へ入っていった。
Events,21745155175071813,Events.Event_1006.Choice_3.ChoiceText,Choose a B-rank or higher Hero. Randomly retrain their B-Rank Specialization into another one. Get a rare item.,Bランク以上のヒーローを1人選ぶ。そのBランク特化を、別の特化へランダムに変更する。レアアイテムを獲得する。
Events,64059735563821060,Events.Event_1006.Choice_3.ChoiceTitle,Kiss Forehead,額にキス
Events,75276679931486208,Events.Event_1006.Choice_4.ChoiceOutcomeText,Your Heroes feel invigorated after taking advantage of a rare opportunity to rest.,めったにない休息の機会を活かし、ヒーローたちは活力を取り戻した。
Events,75276679881154560,Events.Event_1006.Choice_4.ChoiceText,Heroes gain [+{statbonus}% basic stats]<basicstat> next combat.,次の戦闘中、味方の[基本ステータス+{statbonus}%]<basicstat>。
Events,64059735563821103,Events.Event_1006.Choice_4.ChoiceTitle,Rest,休息
Events,21745155175071807,Events.Event_1006.CrossroadsDescription,Gain relics or items for a price.,代償と引き換えにレリックまたはアイテムを得る。
Events,21745155175071808,Events.Event_1006.EventDescription,"Your guild wanders upon an ornate stone temple. The door to the temple is blocked by the weathered statue of a strange monster. The statue's true form has been lost to time, but its wide mouth and squat frame vaguely resemble that of a frog.

The statue whispers something into the minds of your Heroes, not in language they recognize but in a wave of pure intention. ""Kiss me. Free me.""","ギルドは装飾の施された石造りの神殿に行き当たった。入口は、風化した奇妙な怪物の像に塞がれている。元の姿は長い時の中で失われたが、大きな口とずんぐりした体はどことなくカエルに似ている。

像はヒーローたちの心へ何かを囁いた。知っている言葉ではない。純粋な意志の波だった。「キスを。私を解き放て」"
Events,21745155175071806,Events.Event_1006.EventName,The Curse of the Kiss,口づけの呪い
Events,21745155175071875,Events.Event_1013.Choice_1.ChoiceOutcomeText,Your guild decorated their banner with a {class}-themed design. They also overcame their greatest challenge yet: a pile of paperwork.,ギルドの旗を{class}らしい意匠で飾った。そして、これまでで最大の難関――山積みの書類も乗り越えた。
Events,21745155175071874,Events.Event_1013.Choice_1.ChoiceText,Gain a {name} relic.,{name}レリックを獲得する。
Events,64059735563821061,Events.Event_1013.Choice_1.ChoiceTitle,{name} Design,{name}の意匠
Events,21745155175071877,Events.Event_1013.Choice_2.ChoiceOutcomeText,Your guild decorated their banner with a {class}-themed design. They also overcame their greatest challenge yet: a pile of paperwork.,ギルドの旗を{class}らしい意匠で飾った。そして、これまでで最大の難関――山積みの書類も乗り越えた。
Events,21745155175071876,Events.Event_1013.Choice_2.ChoiceText,Gain a {name} relic.,{name}レリックを獲得する。
Events,64059735563821062,Events.Event_1013.Choice_2.ChoiceTitle,{name} Design,{name}の意匠
Events,21745155175071872,Events.Event_1013.CrossroadsDescription,Craft a banner for your guild.,ギルドの旗を仕立てる。
Events,21745155175071873,Events.Event_1013.EventDescription,"Your guild catches a break between fights. Talk drifts to the guild's banner, which needs a design to be submitted to The Department of Guild Affairs by tomorrow. Each Hero has their own opinion on which design they should choose for the banner.",戦いの合間に、ギルドはひと息ついた。話題はギルドの旗へ移る。明日までに意匠を決め、ギルド管理局へ届け出なければならない。どの図案にするべきか、ヒーローたちはそれぞれ違う意見を持っている。
Events,21745155175071871,Events.Event_1013.EventName,The Guild Banner,ギルドの旗印
Events,60748581932359680,Events.Event_1014.Choice_1.ChoiceOutcomeText,"As one of the heroes passes, a crystal brushes against their leg. Its power is changing something inside the Hero.",ヒーローの一人が通り過ぎたとき、結晶が脚をかすめた。その力が、ヒーローの内側で何かを変えている。
Events,21745155175071881,Events.Event_1014.Choice_1.ChoiceText,Choose a Hero. Retrain one of their upgrades.,ヒーローを選び、アップグレードのひとつを再訓練する。
Events,64059735563821063,Events.Event_1014.Choice_1.ChoiceTitle,Ignore,無視する
Events,21745155175071884,Events.Event_1014.Choice_2.ChoiceOutcomeText,"Your Heroes work away at the crystalline prison with their mining tools until the monster is free. It lacks the strength to thank your guild, but gestures towards a nearby {name} with its eyes.",ヒーローたちは採掘道具で結晶の牢を削り続け、ついに怪物を解放した。礼を言う力も残っていないようだが、視線で近くの{name}を示した。
Events,21745155175071883,Events.Event_1014.Choice_2.ChoiceText,Gain a {name}.,{name}を獲得する。
Events,64059735563821064,Events.Event_1014.Choice_2.ChoiceTitle,Free (Growth),解放する（成長）
Events,21745155175071886,Events.Event_1014.Choice_3.ChoiceOutcomeText,"Your Heroes work away at the crystalline prison with their mining tools until the monster is free. It lacks the strength to thank your guild, but gestures towards a nearby {name} with its eyes.",ヒーローたちは採掘道具で結晶の牢を削り続け、ついに怪物を解放した。礼を言う力も残っていないようだが、視線で近くの{name}を示した。
Events,21745155175071885,Events.Event_1014.Choice_3.ChoiceText,Gain a {name}.,{name}を獲得する。
Events,64059735563821065,Events.Event_1014.Choice_3.ChoiceTitle,Free (Surge),解放する（躍進）
Events,21745155175071879,Events.Event_1014.CrossroadsDescription,"Retrain a Hero, or strengthen Heroes over time.",ヒーローを鍛え直すか、時間をかけて強化する。
Events,21745155175071880,Events.Event_1014.EventDescription,"The path ahead is blocked by a large monster encased in crystal up to its neck. The crystals are draining its power, and it seems to take all of the monster's remaining energy to pry open a single eye to gaze sadly upon your Heroes. It seems harmless, and could use your help.",道の先を、首まで結晶に覆われた巨大な怪物が塞いでいる。結晶はその力を吸い上げており、残された力をすべて振り絞ってようやく片目を開き、悲しげにヒーローたちを見つめているようだ。害意はなさそうで、助けを必要としている。
Events,21745155175071878,Events.Event_1014.EventName,Crystalline Prison,結晶の牢獄
Events,60748581978497024,Events.Event_1017.Choice_1.ChoiceOutcomeText,"Your Heroes woke the monster while grabbing its treasure. It bellowed flames from its mouth in anger, but your Heroes were able to run before getting too badly burnt.",宝を取る際に怪物を起こしてしまった。怪物は怒りに任せて炎を吐いたが、ひどい火傷を負う前に逃げ切ることができた。
Events,21745155175071895,Events.Event_1017.Choice_1.ChoiceText,"Gain {name}. At the start of next combat, your Heroes receive [Burn]<burn> equal to [{burnpercent}% of their Max HP]<maxhp>.",{name}を獲得する。次の戦闘開始時、味方が[最大HPの{burnpercent}%]<maxhp>に等しい[炎上]<burn>を受ける。
Events,64059735563821066,Events.Event_1017.Choice_1.ChoiceTitle,Bold,果敢に
Events,60748581978497026,Events.Event_1017.Choice_2.ChoiceOutcomeText,Your Heroes safely grabbed the item and escaped without waking the monster.,怪物を起こさず、安全にアイテムを持ち帰った。
Events,21745155175071897,Events.Event_1017.Choice_2.ChoiceText,Gain {name}.,{name}を獲得する。
Events,64059735563821067,Events.Event_1017.Choice_2.ChoiceTitle,Safe,安全策
Events,60748581978497025,Events.Event_1017.Choice_3.ChoiceOutcomeText,"Your Heroes woke the monster while grabbing its treasure. It bellowed flames from its mouth in anger, burning your Heroes as they fled the scene.",宝を取る際に怪物を起こしてしまった。怪物は怒りに任せて炎を吐き、逃げるヒーローたちを焼いた。
Events,60291717025226754,Events.Event_1017.Choice_3.ChoiceText,"Gain {name}. At the start of next combat, your Heroes receive [Burn]<burn> equal to [{burnpercent}% of their Max HP]<maxhp>.",{name}を獲得する。次の戦闘開始時、味方が[最大HPの{burnpercent}%]<maxhp>に等しい[炎上]<burn>を受ける。
Events,64059735563821104,Events.Event_1017.Choice_3.ChoiceTitle,Reckless,無謀に
Events,21745155175071893,Events.Event_1017.CrossroadsDescription,Gain an item. Rarer items Burn your Heroes next combat.,アイテムを得る。レア度が高いほど、次の戦闘で味方が炎上する。
Events,21745155175071894,Events.Event_1017.EventDescription,A giant beast snores away peacefully atop a hoard of precious items it has collected over the eons. Its nostrils bellow smoke with each exhale.,巨大な獣が、悠久の時をかけて集めた貴重な品々の山で静かに眠っている。息を吐くたび、鼻孔から煙が噴き出す。
Events,21745155175071892,Events.Event_1017.EventName,The Slumbering Monster,まどろむ怪物
Events,21745155175071903,Events.Event_1018.Choice_1.ChoiceOutcomeText,"Your guild defends the egg from nearby predators. The mother returns to her nest and recognizes your guild's good deed. She regurgitates an artifact from deep within her belly, covered in sticky green goo. Your guild will need some time to wash it off before they can use it.",ギルドは近くの捕食者から卵を守った。巣へ戻った母親は善行を理解し、腹の奥からアーティファクトを吐き戻した。ねばつく緑色の粘液まみれだ。使えるようになるまで、洗い落とす時間が必要だろう。
Events,21745155175071902,Events.Event_1018.Choice_1.ChoiceText,Choose from {reliccount} common relics. Get the relic after winning {combatcount} combat.,コモンレリック{reliccount}個から1つ選ぶ。{combatcount}戦に勝利した後、レリックを獲得する。
Events,64059735563821068,Events.Event_1018.Choice_1.ChoiceTitle,Defend,守る
Events,21745155175071905,Events.Event_1018.Choice_2.ChoiceOutcomeText,"Your guild lifts the egg and slips away. Somewhere behind, something starts to track you.",ギルドは卵を持ち上げ、その場を抜け出した。背後のどこかで、何かが追跡を始めた。
Events,21745155175071904,Events.Event_1018.Choice_2.ChoiceText,Gain {name}. Your Heroes have [-{defensepenalty}% Defense]<defense> next combat.,{name}を獲得する。次の戦闘中、味方の[防御力-{defensepenalty}%]<defense>。
Events,64059735563821069,Events.Event_1018.Choice_2.ChoiceTitle,Steal,盗む
Events,60291717029421057,Events.Event_1018.Choice_3.ChoiceOutcomeText,"As you flee the scene of the crime, you hear the violent stomping of a monster's feet in hot pursuit. Your guild is being hunted.",犯行現場から逃げ出すと、怪物が猛然と追ってくる足音が響いた。ギルドは狩られる側になった。
Events,60291717029421056,Events.Event_1018.Choice_3.ChoiceText,Gain {name}. Your Heroes have [-{defensepenalty}% Defense]<defense> for the next {combatcount} combats.,{name}を獲得する。今後{combatcount}戦の間、味方の[防御力-{defensepenalty}%]<defense>。
Events,64059735563821105,Events.Event_1018.Choice_3.ChoiceTitle,Break,割る
Events,21745155175071900,Events.Event_1018.CrossroadsDescription,"Wait for a common relic, or take a rarer one at a cost.",コモンレリックを待つか、代償を払ってより希少なものを奪う。
Events,21745155175071901,Events.Event_1018.EventDescription,"A single egg, big as a barrel, rests in a nest of bones. Something glints inside the shell - an artifact, half-grown into its surface. The mother is nowhere in sight, but it can't be far.",樽ほどもある一つの卵が、骨でできた巣に置かれている。殻の内側で何かが光った。表面へ半ば取り込まれたアーティファクトだ。母親の姿はないが、遠くへ行ったとは思えない。
Events,21745155175071899,Events.Event_1018.EventName,The Nest,巣
Events,21745155175071910,Events.Event_1019.Choice_1.ChoiceOutcomeText,Each of your Heroes bites into a strange blue fruit. They taste like nostalgia and garlic.,ヒーローたちは一人ずつ奇妙な青い果実へかじりついた。郷愁とニンニクの味がする。
Events,21745155175071909,Events.Event_1019.Choice_1.ChoiceText,Choose 1 of {reliccount} rare relics. Each is paired with a strange fruit relic that reduces a stat for all Heroes.,レアレリック{reliccount}個から1つ選ぶ。それぞれ、味方全員のステータスを低下させる奇妙な果実レリックと組になっている。
Events,64059735563821070,Events.Event_1019.Choice_1.ChoiceTitle,Blue Fruits,青い果実
Events,60748581978497027,Events.Event_1019.Choice_1_Option.ChoiceOutcomeText,Gain {name}. Your Heroes lose {amount} {stat}.,{name}を獲得する。味方が{amount} {stat}を失う。
Events,21745155175071912,Events.Event_1019.Choice_2.ChoiceOutcomeText,Each of your Heroes bites into a strange red fruit. They taste like anxiety and grapes.,ヒーローたちは一人ずつ奇妙な赤い果実へかじりついた。不安とブドウの味がする。
Events,21745155175071911,Events.Event_1019.Choice_2.ChoiceText,Choose 1 of {reliccount} relics which each increase a stat for all Heroes. Your Heroes start next combat [stunned]<stun> for {stuntime} seconds.,味方全員のステータスを増加させるレリック{reliccount}個から1つ選ぶ。次の戦闘開始時、味方が{stuntime}秒間[スタン]<stun>する。
Events,64059735563821071,Events.Event_1019.Choice_2.ChoiceTitle,Red Fruits,赤い果実
Events,60748581978497028,Events.Event_1019.Choice_2_Option.ChoiceText,Gain {name}.,{name}を獲得する。
Events,21745155175071914,Events.Event_1019.Choice_3.ChoiceOutcomeText,Each of your Heroes bites into a strange yellow fruit. They taste like uncertainty and lemons.,ヒーローたちは一人ずつ奇妙な黄色い果実へかじりついた。不確かさとレモンの味がする。
Events,21745155175071913,Events.Event_1019.Choice_3.ChoiceText,"For the next {stuncombatcount} combats your Heroes start combat [stunned]<stun> for {stunduration} seconds. After those {stuncombatcount} combats, your Heroes permanently gain [{maxhpbonus} Max HP]<maxhp>.",今後{stuncombatcount}戦の間、戦闘開始時に味方が{stunduration}秒間[スタン]<stun>する。その{stuncombatcount}戦を終えると、味方の[最大HP+{maxhpbonus}]<maxhp>（恒久）。
Events,64059735563821072,Events.Event_1019.Choice_3.ChoiceTitle,Yellow Fruits,黄色い果実
Events,75278148910964737,Events.Event_1019.Choice_4.ChoiceOutcomeText,Your Heroes feel invigorated after taking advantage of a rare opportunity to rest.,めったにない休息の機会を活かし、ヒーローたちは活力を取り戻した。
Events,75278148910964736,Events.Event_1019.Choice_4.ChoiceText,Heroes gain [+{statbonus}% basic stats]<basicstat> next combat.,次の戦闘中、味方の[基本ステータス+{statbonus}%]<basicstat>。
Events,75278148923547648,Events.Event_1019.Choice_4.ChoiceTitle,Rest,休息
Events,21745155175071907,Events.Event_1019.CrossroadsDescription,"Gain immediate or future power, for a price.",代償と引き換えに、すぐ得られる力か後に実る力を選ぶ。
Events,21745155175071908,Events.Event_1019.EventDescription,"Your guild wanders into a large grove of colorful, alien fruits. Upon closer inspection, the fruits are warm to the touch and radiate large amounts of magical energy.",ギルドは色鮮やかな異界の果実が生い茂る広い果樹園へ迷い込んだ。よく見ると果実は触れると温かく、膨大な魔力を放っている。
Events,21745155175071906,Events.Event_1019.EventName,Strange Fruits,奇妙な果実
Events,60748581978497029,Events.Event_1022.Choice_1.ChoiceOutcomeText,A Hero reaches out and gently takes the item.,ヒーローの一人が手を伸ばし、そっとアイテムを取った。
Events,60291717029421061,Events.Event_1022.Choice_1.ChoiceText,Get an item for {class}.,{class}用のアイテムを獲得する。
Events,64059735563821106,Events.Event_1022.Choice_1.ChoiceTitle,Take Item,アイテムを受け取る
Events,60748581978497031,Events.Event_1022.Choice_2.ChoiceOutcomeText,A Hero reaches out and gently takes the relic.,ヒーローの一人が手を伸ばし、そっとレリックを取った。
Events,60748581978497030,Events.Event_1022.Choice_2.ChoiceText,Get a relic for {class}.,{class}用のレリックを獲得する。
Events,64059735563821130,Events.Event_1022.Choice_2.ChoiceTitle,Take Relic,レリックを取る
Events,60291717029421059,Events.Event_1022.CrossroadsDescription,Gain special relics and items for your most-played classes.,最も多く使ったクラス用の特別なレリックまたはアイテムを得る。
Events,60291717029421060,Events.Event_1022.EventDescription,"Your Heroes stumble upon a whisper-still pool of bright blue water in a glade. As they gaze into it, its perfectly mirrored surface begins to ripple and swirl with reflections of the past. An object shimmers at the water's surface. ",ヒーローたちは林間の空き地で、囁きすら止んだ鮮やかな青い池に出会った。覗き込むと、鏡のように澄んだ水面が波打ち、過去の光景を映しながら渦を巻き始める。水面に一つの品がきらめいている。
Events,60291717029421058,Events.Event_1022.EventName,The Reflecting Pool,追憶の池
Events,60748581978497032,Events.Event_1023.Choice_1.ChoiceOutcomeText,Your guild signs for the delivery and the courier rushed back through the portal.,ギルドが荷物の受領書へ署名すると、配達員は急いでポータルへ戻っていった。
Events,60684103589027840,Events.Event_1023.Choice_1.ChoiceText,Gain a {name}.,{name}を獲得する。
Events,65095507775578112,Events.Event_1023.Choice_1.ChoiceTitle,Take Item,アイテムを受け取る
Events,60748581978497033,Events.Event_1023.Choice_2.ChoiceOutcomeText,Your guild signs for the delivery and the courier rushed back through the portal.,ギルドが荷物の受領書へ署名すると、配達員は急いでポータルへ戻っていった。
Events,60684103672913920,Events.Event_1023.Choice_2.ChoiceText,Gain a {name}.,{name}を獲得する。
Events,60748581978497034,Events.Event_1023.Choice_3.ChoiceOutcomeText,Your guild signs for the delivery and the courier rushed back through the portal.,ギルドが荷物の受領書へ署名すると、配達員は急いでポータルへ戻っていった。
Events,60684103672913921,Events.Event_1023.Choice_3.ChoiceText,Gain a {name}.,{name}を獲得する。
Events,60291717029421063,Events.Event_1023.CrossroadsDescription,Gain an item.,アイテムを得る。
Events,60291717029421064,Events.Event_1023.EventDescription,"A figure in a dark uniform skids out of a portal, parcel tucked under one arm. He lands beside your guild, already producing a clipboard.",黒い制服姿の人物が、片腕に小包を抱えたままポータルから滑り出てきた。ギルドのそばへ着地すると、もう片方の手で伝票を差し出している。
Events,60291717029421062,Events.Event_1023.EventName,Express Delivery,特急配達
Events,60765732974092288,Events.Event_1024.Choice_1.ChoiceOutcomeText,{hero} sits cross-legged in the basin. On the 15th ring a terrific energy blasts out from behind the waterfall.,{hero}は滝つぼであぐらをかいた。15回目の音が鳴ると、滝の裏から凄まじいエネルギーが噴き出した。
Events,60291717029421068,Events.Event_1024.Choice_1.ChoiceText,Choose a {rank}-rank or lower Hero to rank up. Your Heroes lose [{statlosspercent}% basic stats]<basicstat> for the next {combatcount} combats.,{rank}ランク以下のヒーローを1人選んでランクアップする。今後{combatcount}戦の間、味方の[基本ステータス-{statlosspercent}%]<basicstat>。
Events,64059735563821107,Events.Event_1024.Choice_1.ChoiceTitle,Meditate,瞑想する
Events,60765732974092289,Events.Event_1024.Choice_2.ChoiceOutcomeText,"Your guild heads towards the source of the ringing sound. Inside the cave is an ancient altar carved directly out of the rock, marked up and down with mysterious runes.",ギルドは音の源へ向かった。洞窟の中には岩から直接削り出された古代の祭壇があり、上から下まで謎のルーンが刻まれている。
Events,60291717029421069,Events.Event_1024.Choice_2.ChoiceText,Gain a {name}.,{name}を獲得する。
Events,64059735563821108,Events.Event_1024.Choice_2.ChoiceTitle,Investigate,調べる
Events,62551054670094336,Events.Event_1024.Choice_3.ChoiceOutcomeText,"Your guild heads towards the source of the ringing sound. Inside the cave is an ancient altar carved directly out of the rock, marked up and down with mysterious runes.",ギルドは音の源へ向かった。洞窟の中には岩から直接削り出された古代の祭壇があり、上から下まで謎のルーンが刻まれている。
Events,62551054623956992,Events.Event_1024.Choice_3.ChoiceText,Gain a {name}.,{name}を獲得する。
Events,64059735563821165,Events.Event_1024.Choice_3.ChoiceTitle,Investigate,調べる
Events,60291717029421066,Events.Event_1024.CrossroadsDescription,"Rank up a Hero at a price, or strengthen one later.",代償を払ってヒーローをランクアップするか、後で強化する。
Events,60291717029421067,Events.Event_1024.EventDescription,A majestic waterfall appears before your guild. A high-pitched ringing sound pierces through the crashing water every 15 seconds like clockwork. It seems to be coming from behind the waterfall.,ギルドの前に壮麗な滝が現れた。激しい水音を突き抜け、時計のようにきっかり15秒ごとに甲高い音が鳴り響く。滝の裏から聞こえるようだ。
Events,60291717029421065,Events.Event_1024.EventName,The Ringing Fall,鳴り響く滝
Events,60684103672913922,Events.Event_1025.Choice_1.ChoiceText,Get {name} after winning {combatcount} combat.,{combatcount}戦に勝利した後、{name}を獲得する。
Events,64059735563821123,Events.Event_1025.Choice_1.ChoiceTitle,Green Path,緑の道
Events,60684103672913923,Events.Event_1025.Choice_2.ChoiceText,Get {name} after winning {combatcount} combat.,{combatcount}戦に勝利した後、{name}を獲得する。
Events,64059735563821124,Events.Event_1025.Choice_2.ChoiceTitle,Blue Path,青の道
Events,60684103672913924,Events.Event_1025.Choice_3.ChoiceText,Get {name} after winning {combatcount} combats.,{combatcount}戦に勝利した後、{name}を獲得する。
Events,64059735563821125,Events.Event_1025.Choice_3.ChoiceTitle,Purple Path,紫の道
Events,60765732974092290,Events.Event_1025.Choice_4.ChoiceText,Get {name} after winning {combatcount} combats.,{combatcount}戦に勝利した後、{name}を獲得する。
Events,64059735563821148,Events.Event_1025.Choice_4.ChoiceTitle,Golden Path,黄金の道
Events,60291717029421071,Events.Event_1025.CrossroadsDescription,Get relics or items in the future.,将来レリックまたはアイテムを得る。
Events,60291717029421072,Events.Event_1025.EventDescription,"Your guild decides to investigate a crumbling ruin. Inside, they find an ancient map carved directly into its walls. It points to treasures in four different directions.",ギルドは崩れかけた遺跡を調べることにした。中には古代の地図が壁へ直接刻まれ、四方にある宝の場所を示していた。
Events,60291717029421070,Events.Event_1025.EventName,The Etched Path,刻まれた道
Events,60775333903720449,Events.Event_1026.Choice_1.ChoiceOutcomeText,"You ignore the rift puppy's cry for help and the beasts tear into it. With its dying whimpers, it enchants the rift with a sense of serenity.",助けを求めるリフトの仔犬を無視すると、獣たちが襲いかかった。仔犬はか細い声を残して息絶え、リフトへ静穏の気配を宿した。
Events,60775333903720448,Events.Event_1026.Choice_1.ChoiceText,The Act Boss will reward [{shardbonus} more Shards]<shard>.,アクトボスから得る[シャード+{shardbonus}]<shard>。
Events,64059735563821149,Events.Event_1026.Choice_1.ChoiceTitle,Ignore,無視する
Events,60778049493262336,Events.Event_1026.Choice_2.ChoiceOutcomeText,"Your guild steps in to protect the rift puppy. It survives with a few small scratches.

The rift puppy looks upon your guild with love and appreciation. It leads your guild, limping, to a cache of buried treasure.","ギルドはリフトの仔犬を守るため割って入った。仔犬は小さな傷をいくつか負っただけで助かった。

仔犬は愛情と感謝に満ちた目でギルドを見つめ、足を引きずりながら地中の宝物庫へ案内した。"
Events,60291717029421076,Events.Event_1026.Choice_2.ChoiceText,Choose from {itemcount} rare items. Your Heroes take damage equal to [{damagepercent}% of their Max HP]<maxhp> at the start of the next combat.,レアアイテム{itemcount}個から1つ選ぶ。次の戦闘開始時、味方が[最大HPの{damagepercent}%]<maxhp>に等しいダメージを受ける。
Events,64059735563821109,Events.Event_1026.Choice_2.ChoiceTitle,Bold,果敢に
Events,60778049493262337,Events.Event_1026.Choice_3.ChoiceOutcomeText,"Your guild steps in to protect the rift puppy with reckless abandon. It doesn't suffer a single scratch.

The rift puppy looks upon your guild with the deepest love and appreciation. It leads your guild, prancing with glee, to a cache of buried treasure.","ギルドは我を忘れてリフトの仔犬を守りに飛び込んだ。仔犬にはかすり傷一つない。

仔犬はこの上ない愛情と感謝に満ちた目でギルドを見つめ、喜びに跳ね回りながら地中の宝物庫へ案内した。"
Events,60291717029421077,Events.Event_1026.Choice_3.ChoiceText,Choose from {itemcount} epic items. Your Heroes take damage equal to [{damagepercent}% of their Max HP]<maxhp> at the start of the next combat.,エピックアイテム{itemcount}個から1つ選ぶ。次の戦闘開始時、味方が[最大HPの{damagepercent}%]<maxhp>に等しいダメージを受ける。
Events,64059735563821110,Events.Event_1026.Choice_3.ChoiceTitle,Reckless,無謀に
Events,60291717029421074,Events.Event_1026.CrossroadsDescription,"Gain Shards in the future, or gain an item for a cost.",後でシャードを得るか、代償を払ってアイテムを得る。
Events,60291717029421075,Events.Event_1026.EventDescription,"An adorable rift puppy is surrounded by hungry beasts. It pleads for help with beady, sad eyes.",愛らしいリフトの仔犬が、飢えた獣たちに囲まれている。つぶらで悲しげな瞳を向け、助けを求めている。
Events,60291717029421073,Events.Event_1026.EventName,The Rift Puppy,リフトの仔犬
Events,61037233602289664,Events.Event_1027.Choice_1.ChoiceOutcomeText,"Your Heroes take the easy route through the meadow of wildflowers. {name} skips their way along for much of the journey. Along the way, your Heroes find a crystal resting on the bank of a stream.",ヒーローたちは野花の草原を抜ける楽な道を選んだ。道中のほとんどを{name}は弾むように歩いた。途中、ヒーローたちは川辺にある結晶を見つけた。
Events,61037233539375104,Events.Event_1027.Choice_1.ChoiceText,Gain a {name}.,{name}を獲得する。
Events,64059735563821150,Events.Event_1027.Choice_1.ChoiceTitle,Meadow,草原
Events,60291717029421082,Events.Event_1027.Choice_2.ChoiceOutcomeText,"Your guild decides to cross the chasm, leaping from jagged pillar to jagged pillar. After hours of cardio and intense focus they manage to make it safely to the other side... exhausted.",ギルドは裂け目を渡ることにし、尖った岩柱から岩柱へ飛び移った。何時間もの運動と極度の集中の末、どうにか無事に反対側へ着いた……疲れ果てて。
Events,60291717029421081,Events.Event_1027.Choice_2.ChoiceText,"Gain [{shardbonus} more Shards]<shard> per combat victory for the next {combatcount} combats, but your Heroes lose [{statlosspercent}% basic stats]<basicstat> for these combats.",今後{combatcount}戦の間、戦闘勝利時の[獲得シャード+{shardbonus}]<shard>。ただし、その間は味方の[基本ステータス-{statlosspercent}%]<basicstat>。
Events,64059735563821111,Events.Event_1027.Choice_2.ChoiceTitle,Chasm,裂け目
Events,60291717033615360,Events.Event_1027.Choice_3.ChoiceOutcomeText,"Your guild takes the path through the forest, but the forest doesn't seem to want them here. The trees twist and turn their thick and thorny branches to block the path ahead. After hours of intense climbing, dashing, and dodging your Heroes make it to the other side - completely exhausted.",ギルドは森を抜ける道を選んだが、森は歓迎していないようだ。木々は太く棘だらけの枝をねじ曲げ、進路を塞いでくる。何時間も登り、走り、かわし続け、ヒーローたちはようやく反対側へたどり着いた――すっかり疲れ果てて。
Events,60291717029421083,Events.Event_1027.Choice_3.ChoiceText,Choose from {reliccount} epic relics. Get the relic after your next combat victory. Heroes lose [{statlosspercent}% basic stats]<basicstat> for that combat.,エピックレリック{reliccount}個から1つ選ぶ。次の戦闘に勝利した後、レリックを獲得する。その戦闘中、味方の[基本ステータス-{statlosspercent}%]<basicstat>。
Events,64059735563821112,Events.Event_1027.Choice_3.ChoiceTitle,Forest,森
Events,60291717029421079,Events.Event_1027.CrossroadsDescription,"Gain stats, or choose to fight stronger enemies for future rewards.",ステータスを得るか、強敵と戦って後の報酬を得る。
Events,60291717029421080,Events.Event_1027.EventDescription,"A three-way fork in the road. To the left, a quiet meadow. To the middle, a chasm split with jagged pillars. To the right, a dark forest of bone-white trees.",三つに分かれた道。左は静かな草原。中央は尖った岩柱が並ぶ大きな裂け目。右は骨のように白い木々が茂る暗い森。
Events,60291717029421078,Events.Event_1027.EventName,Three Paths,三つの道
Events,61061392554254336,Events.Event_1028.Choice_1.ChoiceOutcomeText,"Avoiding danger, your Heroes safely grab an item at the edge of the fairy ring.",危険を避け、ヒーローたちは妖精の輪の端にあるアイテムを安全に持ち帰った。
Events,61061392524894208,Events.Event_1028.Choice_1.ChoiceText,Gain {name}.,{name}を獲得する。
Events,64059735563821151,Events.Event_1028.Choice_1.ChoiceTitle,Safe,安全策
Events,60291717033615365,Events.Event_1028.Choice_2.ChoiceOutcomeText,"Your guild holds their breath and steps inside the fairy ring. They manage to pull an item from the pile of treasures, but not before the spores set in. After fleeing the ring, your guild notices that their new treasure is crackling with dangerous portal energy. It will need a little time to cool off before it can be safely equipped.",ギルドは息を止め、妖精の輪へ足を踏み入れた。宝の山からアイテムを引き抜くことには成功したが、間に合わず胞子を吸い込んでしまった。輪から逃げ出した後、新しい戦利品が危険なポータルエネルギーを帯び、火花を散らしていることに気づいた。安全に装備できるまで、しばらく冷ます必要がある。
Events,60291717033615364,Events.Event_1028.Choice_2.ChoiceText,Gain {name} after winning next combat. Heroes start that combat with [Poison]<poison> equal to [{poisonpercent}% of their Max HP]<maxhp>.,次の戦闘に勝利した後、{name}を獲得する。その戦闘開始時、味方が[最大HPの{poisonpercent}%]<maxhp>に等しい[毒]<poison>を受ける。
Events,64059735563821113,Events.Event_1028.Choice_2.ChoiceTitle,Seek Item,アイテムを狙う
Events,60291717033615367,Events.Event_1028.Choice_3.ChoiceOutcomeText,Your guild holds their breath and steps inside the fairy ring. They manage to quickly pull a relic from the pile before the spores set in. It is woven tightly with bright threads of portal energy. You will need some fresh-cut Shards to loose the threads and use the relic.,ギルドは息を止め、妖精の輪へ足を踏み入れた。胞子が効き始める前に宝の山からレリックを素早く引き抜いたが、鮮やかなポータルの糸がきつく絡みついている。糸をほどいて使えるようにするには、新しく切り出したシャードが要る。
Events,60291717033615366,Events.Event_1028.Choice_3.ChoiceText,Gain {name} after winning your next combat. Earn no [Shards]<shard> for that combat victory.,次の戦闘に勝利した後、{name}を獲得する。その戦闘勝利では[シャード]<shard>を獲得できない。
Events,64059735563821114,Events.Event_1028.Choice_3.ChoiceTitle,Seek Relic,レリックを狙う
Events,60291717033615362,Events.Event_1028.CrossroadsDescription,"Gain an item, or gain an epic item or relic at a cost.",アイテムを得るか、代償を払ってエピックアイテムまたはレリックを得る。
Events,60291717033615363,Events.Event_1028.EventDescription,"Your guild spots a ring of pulsing mushrooms in a clearing, each one as big as a bear. Spores roll off them in slow green waves. At the center, a slim rift hovers above a pile of treasures.",空き地に、熊ほどもある脈打つキノコが輪になって生えている。緑色の胞子がゆるやかな波となって流れ、中央では細いリフトが宝の山の上に浮かんでいた。
Events,60291717033615361,Events.Event_1028.EventName,The Fairy Ring,妖精の輪
Events,60754552771567654,Events.Event_1029.BadFewerShards.ChoiceOutcomeText,Something tasted strange. The well was bad.,妙な味がした。この井戸は外れだった。
Events,60754552771567653,Events.Event_1029.BadFewerShards.ChoiceText,The water weakened you.,水を飲んで弱ってしまった。
Events,60291717033615376,Events.Event_1029.BadOutcome.ChoiceOutcomeText,The water tasted sour and twisted your Hero's stomach.,水は酸っぱく、ヒーローの胃をひどくかき乱した。
Events,60291717033615375,Events.Event_1029.BadOutcome.ChoiceText,Choose a B-Rank or higher Hero. Randomly retrain their B-Rank Specialization.,Bランク以上のヒーローを1人選び、そのBランク特化をランダムに変更する。
Events,64059735563821117,Events.Event_1029.BadOutcome.ChoiceTitle,Nausea,吐き気
Events,60684103672913926,Events.Event_1029.BadOutcome_1.ChoiceOutcomeText,The water tasted sour and twisted your Hero's stomach.,水は酸っぱく、ヒーローの胃をひどくかき乱した。
Events,60684103672913925,Events.Event_1029.BadOutcome_1.ChoiceText,Choose a Hero. They permanently lose a small amount of core stats.,ヒーローを1人選ぶ。その基本ステータスが恒久的に少し低下する。
Events,64059735563821126,Events.Event_1029.BadOutcome_1.ChoiceTitle,Corruption,侵食
Events,60684103672913928,Events.Event_1029.BadOutcome_2.ChoiceOutcomeText,The water tasted sour and twisted your Hero's stomach.,水は酸っぱく、ヒーローの胃をひどくかき乱した。
Events,60684103672913927,Events.Event_1029.BadOutcome_2.ChoiceText,Gain {shards} fewer [Shards]<shard> next combat victory.,次の戦闘勝利時に得る[シャード-{shards}]<shard>。
Events,64059735563821127,Events.Event_1029.BadOutcome_2.ChoiceTitle,Illness,病
Events,60754552771567647,Events.Event_1029.BadSpecReroll.ChoiceText,The well rewrites a Hero's path.,井戸がヒーローの歩む道を書き換える。
Events,60754552771567649,Events.Event_1029.BadSpecReroll_Hero.ChoiceOutcomeText,Something tasted strange. The well was bad.,妙な味がした。この井戸は外れだった。
Events,60754552771567648,Events.Event_1029.BadSpecReroll_Hero.ChoiceText,{hero},{hero}
Events,60754552771567650,Events.Event_1029.BadStatLoss.ChoiceText,The well drains a Hero's strength.,井戸がヒーローの力を吸い取る。
Events,60754552771567652,Events.Event_1029.BadStatLoss_Hero.ChoiceOutcomeText,Something tasted strange. The well was bad.,妙な味がした。この井戸は外れだった。
Events,60754552771567651,Events.Event_1029.BadStatLoss_Hero.ChoiceText,{hero},{hero}
Events,60291717033615372,Events.Event_1029.Choice_1.ChoiceOutcomeText,The water tasted sweet and felt impossibly refreshing. Dare to drink deeper?,水は甘く、ありえないほど爽やかだった。もっと飲む勇気はあるか？
Events,60291717033615371,Events.Event_1029.Choice_1.ChoiceText,"{goodchance}% chance for a positive outcome, {badchance}% chance for a negative outcome.",{goodchance}%で良い結果、{badchance}%で悪い結果になる。
Events,64059735563821115,Events.Event_1029.Choice_1.ChoiceTitle,Drink,飲む
Events,60291717033615374,Events.Event_1029.Choice_2.ChoiceOutcomeText,Something about the well didn't feel quite right to your guild.,ギルドはこの井戸に、どうにも拭えない違和感を覚えた。
Events,60291717033615373,Events.Event_1029.Choice_2.ChoiceText,Walk away from the well.,井戸から立ち去る。
Events,64059735563821116,Events.Event_1029.Choice_2.ChoiceTitle,Leave,立ち去る
Events,60291717033615369,Events.Event_1029.CrossroadsDescription,Gamble for increasingly powerful rewards.,賭けを重ね、より強力な報酬を狙う。
Events,60754552771567616,Events.Event_1029.DrinkL1.ChoiceText,"{goodchance}% chance for a positive outcome, {badchance}% chance for a negative outcome.",{goodchance}%で良い結果、{badchance}%で悪い結果になる。
Events,64059735563821131,Events.Event_1029.DrinkL1.ChoiceTitle,Drink,飲む
Events,60754552771567617,Events.Event_1029.DrinkL2.ChoiceText,"{goodchance}% chance to upgrade your current reward, {badchance}% chance to replace it with a negative outcome.",{goodchance}%で現在の報酬が強化され、{badchance}%で悪い結果に置き換わる。
Events,64059735563821132,Events.Event_1029.DrinkL2.ChoiceTitle,Drink More,さらに飲む
Events,60754552771567618,Events.Event_1029.DrinkL3.ChoiceText,"{goodchance}% chance to upgrade your current reward, {badchance}% chance to replace it with a negative outcome.",{goodchance}%で現在の報酬が強化され、{badchance}%で悪い結果に置き換わる。
Events,64059735563821133,Events.Event_1029.DrinkL3.ChoiceTitle,Drink More,さらに飲む
Events,60291717033615370,Events.Event_1029.EventDescription,"Your Heroes find themselves drawn towards the edge of an old well, the stone worn smooth by age. The water below seems tempting; the deeper they look, the brighter it shines.",ヒーローたちは、長い年月で石が滑らかに磨かれた古井戸の縁へ吸い寄せられた。底の水はひどく魅力的に見え、深く覗き込むほど強く輝いていく。
Events,60291717033615368,Events.Event_1029.EventName,The Well of Temptations,誘惑の井戸
Events,60754552771567620,Events.Event_1029.Leave.ChoiceOutcomeText,Something about the well didn't feel quite right to your guild.,ギルドはこの井戸に、どうにも拭えない違和感を覚えた。
Events,60754552771567619,Events.Event_1029.Leave.ChoiceText,Walk away from the well.,井戸から立ち去る。
Events,64059735563821134,Events.Event_1029.Leave.ChoiceTitle,Leave,立ち去る
Events,60754552771567622,Events.Event_1029.TakeItemL1.ChoiceOutcomeText,The well was good.,この井戸は当たりだった。
Events,60754552771567621,Events.Event_1029.TakeItemL1.ChoiceText,Take {name} and leave the well.,{name}を取り、井戸から立ち去る。
Events,64059735563821135,Events.Event_1029.TakeItemL1.ChoiceTitle,Leave,立ち去る
Events,60754552771567630,Events.Event_1029.TakeItemL2.ChoiceOutcomeText,The well was good.,この井戸は当たりだった。
Events,60754552771567629,Events.Event_1029.TakeItemL2.ChoiceText,Take {name} and leave the well.,{name}を取り、井戸から立ち去る。
Events,64059735563821139,Events.Event_1029.TakeItemL2.ChoiceTitle,Leave,立ち去る
Events,60754552771567638,Events.Event_1029.TakeItemL3.ChoiceOutcomeText,The well was good.,この井戸は当たりだった。
Events,60754552771567637,Events.Event_1029.TakeItemL3.ChoiceText,Take {name} and leave the well.,{name}を取り、井戸から立ち去る。
Events,64059735563821143,Events.Event_1029.TakeItemL3.ChoiceTitle,Leave,立ち去る
Events,60754552771567624,Events.Event_1029.TakeRelicL1.ChoiceOutcomeText,The well was good.,この井戸は当たりだった。
Events,60754552771567623,Events.Event_1029.TakeRelicL1.ChoiceText,Take {name} and leave the well.,{name}を取り、井戸から立ち去る。
Events,64059735563821136,Events.Event_1029.TakeRelicL1.ChoiceTitle,Leave,立ち去る
Events,60754552771567632,Events.Event_1029.TakeRelicL2.ChoiceOutcomeText,The well was good.,この井戸は当たりだった。
Events,60754552771567631,Events.Event_1029.TakeRelicL2.ChoiceText,Take {name} and leave the well.,{name}を取り、井戸から立ち去る。
Events,64059735563821140,Events.Event_1029.TakeRelicL2.ChoiceTitle,Leave,立ち去る
Events,60754552771567640,Events.Event_1029.TakeRelicL3.ChoiceOutcomeText,The well was good.,この井戸は当たりだった。
Events,60754552771567639,Events.Event_1029.TakeRelicL3.ChoiceText,Take {name} and leave the well.,{name}を取り、井戸から立ち去る。
Events,64059735563821144,Events.Event_1029.TakeRelicL3.ChoiceTitle,Leave,立ち去る
Events,60754552771567626,Events.Event_1029.TakeShardsL1.ChoiceOutcomeText,Shards sprung to the surface of the water. The well was good.,シャードが水面へ飛び出した。この井戸は当たりだった。
Events,60754552771567625,Events.Event_1029.TakeShardsL1.ChoiceText,Take [{shards} Shards]<shard> and leave the well.,[シャードを{shards}]<shard>取り、井戸から立ち去る。
Events,64059735563821137,Events.Event_1029.TakeShardsL1.ChoiceTitle,Leave,立ち去る
Events,60754552771567634,Events.Event_1029.TakeShardsL2.ChoiceOutcomeText,Shards sprung to the surface of the water. The well was good.,シャードが水面へ飛び出した。この井戸は当たりだった。
Events,60754552771567633,Events.Event_1029.TakeShardsL2.ChoiceText,Take [{shards} Shards]<shard> and leave the well.,[シャードを{shards}]<shard>取り、井戸から立ち去る。
Events,64059735563821141,Events.Event_1029.TakeShardsL2.ChoiceTitle,Leave,立ち去る
Events,60754552771567642,Events.Event_1029.TakeShardsL3.ChoiceOutcomeText,Shards sprung to the surface of the water. The well was good.,シャードが水面へ飛び出した。この井戸は当たりだった。
Events,60754552771567641,Events.Event_1029.TakeShardsL3.ChoiceText,Take [{shards} Shards]<shard> and leave the well.,[シャードを{shards}]<shard>取り、井戸から立ち去る。
Events,64059735563821145,Events.Event_1029.TakeShardsL3.ChoiceTitle,Leave,立ち去る
Events,60754552771567644,Events.Event_1029.TakeShardsL3_Hero.ChoiceOutcomeText,The well was very good.,この井戸は大当たりだった。
Events,60754552771567643,Events.Event_1029.TakeShardsL3_Hero.ChoiceText,Rank up {hero} and take [{shards} Shards]<shard>.,{hero}をランクアップし、[シャードを{shards}]<shard>受け取る。
Events,64059735563821146,Events.Event_1029.TakeShardsL3_Hero.ChoiceTitle,Leave,立ち去る
Events,60754552771567628,Events.Event_1029.TakeStatL1.ChoiceOutcomeText,Your Heroes feel sharper. The water dims.,ヒーローたちは感覚が研ぎ澄まされたのを感じた。水の輝きが薄れていく。
Events,60754552771567627,Events.Event_1029.TakeStatL1.ChoiceText,Your Heroes gain [{statbonus}% basic stats]<basicstat> next combat.,次の戦闘中、味方の[基本ステータス+{statbonus}%]<basicstat>。
Events,64059735563821138,Events.Event_1029.TakeStatL1.ChoiceTitle,Leave,立ち去る
Events,60754552771567636,Events.Event_1029.TakeStatL2.ChoiceOutcomeText,Your Heroes feel sharper. The water dims.,ヒーローたちは感覚が研ぎ澄まされたのを感じた。水の輝きが薄れていく。
Events,60754552771567635,Events.Event_1029.TakeStatL2.ChoiceText,Your Heroes gain [{statbonus}% basic stats]<basicstat> for the next {combatcount} combats.,今後{combatcount}戦の間、味方の[基本ステータス+{statbonus}%]<basicstat>。
Events,64059735563821142,Events.Event_1029.TakeStatL2.ChoiceTitle,Leave,立ち去る
Events,60754552771567646,Events.Event_1029.TakeStatL3.ChoiceOutcomeText,Your Heroes feel sharper. The water dims.,ヒーローたちは感覚が研ぎ澄まされたのを感じた。水の輝きが薄れていく。
Events,60754552771567645,Events.Event_1029.TakeStatL3.ChoiceText,Take the endless blessing.,終わりなき祝福を受け取る。
Events,64059735563821147,Events.Event_1029.TakeStatL3.ChoiceTitle,Leave,立ち去る
Events,60291717033615381,Events.Event_1030.Choice_1.ChoiceOutcomeText,Gain {name}.,{name}を獲得する。
Events,60291717033615380,Events.Event_1030.Choice_1.ChoiceText,Choose from {reliccount} common relics. Earn [{shards} fewer Shards]<shard> for your next combat victory.,コモンレリック{reliccount}個から1つ選ぶ。次の戦闘勝利時に得る[シャード-{shards}]<shard>。
Events,64059735563821118,Events.Event_1030.Choice_1.ChoiceTitle,First Debt,最初の負債
Events,60291717033615383,Events.Event_1030.Choice_2.ChoiceOutcomeText,"It's probably best not to do business with spectral, hooded figures.",幽霊のようなフード姿の相手とは、取引しないのが賢明だろう。
Events,60291717033615382,Events.Event_1030.Choice_2.ChoiceText,Decline the offer.,申し出を断る。
Events,64059735563821119,Events.Event_1030.Choice_2.ChoiceTitle,Walk Away,立ち去る
Events,60684103672913929,Events.Event_1030.Choice_3.ChoiceText,Choose from {reliccount} rare relics. Earn [{shards} fewer Shards]<shard> for your next combat victory.,レアレリック{reliccount}個から1つ選ぶ。次の戦闘勝利時に得る[シャード-{shards}]<shard>。
Events,64059735563821128,Events.Event_1030.Choice_3.ChoiceTitle,Second Debt,二つ目の負債
Events,60684103672913930,Events.Event_1030.Choice_4.ChoiceText,Choose from {reliccount} epic relics. Earn [{shards} fewer Shards]<shard> for your next combat victory. Your Heroes take damage equal to [{damagepercent}% of their Max HP]<maxhp> at the start of every combat.,エピックレリック{reliccount}個から1つ選ぶ。次の戦闘勝利時に得る[シャード-{shards}]<shard>。さらに各戦闘開始時、味方が[最大HPの{damagepercent}%]<maxhp>に等しいダメージを受ける。
Events,64059735563821129,Events.Event_1030.Choice_4.ChoiceTitle,Final Debt,最後の負債
Events,61108579652853761,Events.Event_1030.Choice_5.ChoiceOutcomeText,"Happy with your current deal, your Heroes continue their journey.",現在の取引に満足し、ヒーローたちは旅を続けた。
Events,61108579652853760,Events.Event_1030.Choice_5.ChoiceText,Keep your current debts and relics.,現在の負債とレリックを維持する。
Events,64059735563821152,Events.Event_1030.Choice_5.ChoiceTitle,Leave,立ち去る
Events,60291717033615378,Events.Event_1030.CrossroadsDescription,Choose from relics of increasing rarity for a price.,代償と引き換えに、段階的に希少になるレリックから選ぶ。
Events,60291717033615379,Events.Event_1030.EventDescription,"A faceless creature drifts towards your guild. It draws a scroll from its sleeve and unfurls it to reveal a mess of swirling, inky, alien runes. The runes thoughtfully re-arrange themselves into symbols your Heroes can recognize: ""I have relic, if you have shard.""",顔のない生き物がギルドへ漂うように近づいてきた。袖から巻物を取り出して広げると、墨色の異質なルーンが渦を巻いている。ルーンは気を利かせたように並び替わり、ヒーローたちにも読める記号になった。「シャードあるなら、レリックある」
Events,60291717033615377,Events.Event_1030.EventName,The Debtor,債務者
Events,60291717033615388,Events.Event_1031.Choice_1.ChoiceOutcomeText,A relic? Awesome!,レリック？ やった！
Events,60291717033615387,Events.Event_1031.Choice_1.ChoiceText,"It could contain {relic}, [{shards} Shards]<shard>, or a temporary curse.",{relic}、[シャード{shards}]<shard>、または一時的な呪いが入っている。
Events,64059735563821120,Events.Event_1031.Choice_1.ChoiceTitle,Left,左
Events,60291717033615390,Events.Event_1031.Choice_2.ChoiceOutcomeText,Shards? Not too bad!,シャード？ 悪くない！
Events,60291717033615389,Events.Event_1031.Choice_2.ChoiceText,"It could contain {relic}, [{shards} Shards]<shard>, or a temporary curse.",{relic}、[シャード{shards}]<shard>、または一時的な呪いが入っている。
Events,64059735563821121,Events.Event_1031.Choice_2.ChoiceTitle,Center,中央
Events,60291717033615392,Events.Event_1031.Choice_3.ChoiceOutcomeText,"Wait, is this one cursed? Uh-oh.",待って、これって呪われてる？ まずい。
Events,60291717033615391,Events.Event_1031.Choice_3.ChoiceText,"It could contain {relic}, [{shards} Shards]<shard>, or a temporary curse.",{relic}、[シャード{shards}]<shard>、または一時的な呪いが入っている。
Events,64059735563821122,Events.Event_1031.Choice_3.ChoiceTitle,Right,右
Events,60291717033615385,Events.Event_1031.CrossroadsDescription,"Gamble for a relic, Shards, or a curse.",レリックかシャード、あるいは呪いを引く賭けに出る。
Events,60291717033615386,Events.Event_1031.EventDescription,"Your guild discovers a mausoleum. Once inside, they notice a reliquary with three open urns sitting atop it. As your guild approaches the urns, they slam shut and shuffle themselves, as though guided by the hand of some far-off swindler.",ギルドは霊廟を発見した。中へ入ると、聖遺物箱の上に口の開いた三つの壺が並んでいる。近づいた瞬間、壺は勢いよく閉じ、遠くの詐欺師が操っているかのように位置を入れ替え始めた。
Events,60291717033615384,Events.Event_1031.EventName,The Three Urns,三つの壺
Events,61405660384845827,Events.Event_1032.Choice_1.ChoiceOutcomeText,A single courageous Hero steps forward. The energy field hardens around them.,勇敢なヒーローがひとり前へ出る。その周囲でエネルギーフィールドが硬く閉ざされた。
Events,61405660384845826,Events.Event_1032.Choice_1.ChoiceText,Defeat the creature in 1v1 combat to gain [{shards} Shards]<shard>.,1対1の戦闘で敵を倒し、[{shards}シャード]<shard>を獲得する。
Events,64059735563821153,Events.Event_1032.Choice_1.ChoiceTitle,Shards,シャード
Events,61405660384845829,Events.Event_1032.Choice_2.ChoiceOutcomeText,A single courageous Hero steps forward. The energy field hardens around them.,勇敢なヒーローがひとり前へ出る。その周囲でエネルギーフィールドが硬く閉ざされた。
Events,61405660384845828,Events.Event_1032.Choice_2.ChoiceText,Defeat the creature in 1v1 combat to gain {name}.,1対1の戦闘で敵を倒し、{name}を獲得する。
Events,64059735563821154,Events.Event_1032.Choice_2.ChoiceTitle,Item,アイテム
Events,61405660384845831,Events.Event_1032.Choice_3.ChoiceOutcomeText,A single courageous Hero steps forward. The energy field hardens around them.,勇敢なヒーローがひとり前へ出る。その周囲でエネルギーフィールドが硬く閉ざされた。
Events,61405660384845830,Events.Event_1032.Choice_3.ChoiceText,Defeat the creature in 1v1 combat to gain {name}.,1対1の戦闘で敵を倒し、{name}を獲得する。
Events,64059735563821155,Events.Event_1032.Choice_3.ChoiceTitle,Relic,レリック
Events,61405660384845824,Events.Event_1032.CrossroadsDescription,"Choose a single Hero to battle against an enemy for a variety of rewards.

There are no penalties for death or defeat in trial combats.","ヒーローをひとり選び、敵との一騎打ちに挑ませてさまざまな報酬を獲得する。

試練の戦闘では、死亡・敗北してもペナルティはない。"
Events,61405660384845825,Events.Event_1032.EventDescription,"Your guild crests a hill and notices an energy field containing a single monster waiting in the valley below, standing triumphantly over a pile of treasure.",丘を越えたギルドは、眼下の谷にエネルギーフィールドを見つける。その中では一体のモンスターが宝の山を背に、勝ち誇ったように待ち構えていた。
Events,61405660321931264,Events.Event_1032.EventName,Trial: Single Combat,試練：一騎打ち
Events,61405660384845836,Events.Event_1033.Choice_1.ChoiceOutcomeText,Your guild steps forward and the energy field hardens around them. The monsters shields begin to fade.,ギルドが前へ進むと、その周囲でエネルギーフィールドが硬く閉ざされる。モンスターたちのシールドが薄れ始めた。
Events,61405660384845835,Events.Event_1033.Choice_1.ChoiceText,Survive for {survivetime} seconds to gain [{shards} Shards]<shard>.,{survivetime}秒間生き延び、[{shards}シャード]<shard>を獲得する。
Events,64059735563821156,Events.Event_1033.Choice_1.ChoiceTitle,{survivetime}s,{survivetime}秒
Events,61405660384845838,Events.Event_1033.Choice_2.ChoiceOutcomeText,Your guild steps forward and the energy field hardens around them. The monsters shields begin to fade.,ギルドが前へ進むと、その周囲でエネルギーフィールドが硬く閉ざされる。モンスターたちのシールドが薄れ始めた。
Events,61405660384845837,Events.Event_1033.Choice_2.ChoiceText,Survive for {survivetime} seconds to gain [{shards} Shards]<shard>.,{survivetime}秒間生き延び、[{shards}シャード]<shard>を獲得する。
Events,64059735563821157,Events.Event_1033.Choice_2.ChoiceTitle,{survivetime}s,{survivetime}秒
Events,61405660384845840,Events.Event_1033.Choice_3.ChoiceOutcomeText,Your guild steps forward and the energy field hardens around them. The monsters shields begin to fade.,ギルドが前へ進むと、その周囲でエネルギーフィールドが硬く閉ざされる。モンスターたちのシールドが薄れ始めた。
Events,61405660384845839,Events.Event_1033.Choice_3.ChoiceText,Survive for {survivetime} seconds to gain [{shards} Shards]<shard>.,{survivetime}秒間生き延び、[{shards}シャード]<shard>を獲得する。
Events,64059735563821158,Events.Event_1033.Choice_3.ChoiceTitle,{survivetime}s,{survivetime}秒
Events,61405660384845833,Events.Event_1033.CrossroadsDescription,"Survive as long as possible against immortal enemies to earn Shards.

There are no penalties for death or defeat in trial combats.","不死身の敵を相手にできるだけ長く生き延び、シャードを獲得する。

試練の戦闘では、死亡・敗北してもペナルティはない。"
Events,61405660384845834,Events.Event_1033.EventDescription,"Your guild turns a corner and notices an energy field surrounding a small army of mushroom monsters. They are guarding a pile of Shards, and seem to be surrounded by an impenetrable shield.",角を曲がったギルドは、キノコモンスターの小さな軍勢を囲むエネルギーフィールドに気づく。連中はシャードの山を守っており、破ることのできないシールドに包まれているようだ。
Events,61405660384845832,Events.Event_1033.EventName,Trial: Endurance,試練：耐久戦
Events,61405660384845845,Events.Event_1034.Choice_1.ChoiceOutcomeText,Runes on its shell activate as you approach. The turtle braces for battle.,近づくと甲羅のルーンが起動し、カメは戦いに備えて身構えた。
Events,61405660384845844,Events.Event_1034.Choice_1.ChoiceText,Defeat the turtle within {timelimit} seconds to gain [{shards} Shards]<shard>.,{timelimit}秒以内にカメを倒し、[{shards}シャード]<shard>を獲得する。
Events,64059735563821159,Events.Event_1034.Choice_1.ChoiceTitle,Fight,戦う
Events,61405660384845847,Events.Event_1034.Choice_2.ChoiceOutcomeText,Runes on its shell activate as you approach. The turtle doubles in size and braces for battle.,近づくと甲羅のルーンが起動し、カメは2倍の大きさに膨れ上がって戦いに備えた。
Events,61405660384845846,Events.Event_1034.Choice_2.ChoiceText,Defeat the turtle with [+{hpbonus}% Max HP]<maxhp> within {timelimit} seconds to gain [{shards} Shards]<shard>.,[最大HP+{hpbonus}%]<maxhp>のカメを{timelimit}秒以内に倒し、[{shards}シャード]<shard>を獲得する。
Events,64059735563821160,Events.Event_1034.Choice_2.ChoiceTitle,Fight Tougher,強敵と戦う
Events,61405660384845849,Events.Event_1034.Choice_3.ChoiceOutcomeText,Runes on its shell activate as you approach. The turtle triples in size and braces for battle.,近づくと甲羅のルーンが起動し、カメは3倍の大きさに膨れ上がって戦いに備えた。
Events,61405660384845848,Events.Event_1034.Choice_3.ChoiceText,Defeat the turtle with [+{hpbonus}% Max HP]<maxhp> within {timelimit} seconds to gain [{shards} Shards]<shard>.,[最大HP+{hpbonus}%]<maxhp>のカメを{timelimit}秒以内に倒し、[{shards}シャード]<shard>を獲得する。
Events,64059735563821161,Events.Event_1034.Choice_3.ChoiceTitle,Fight Toughest,最強の敵と戦う
Events,61405660384845842,Events.Event_1034.CrossroadsDescription,"Quickly defeat a durable enemy to earn Shards.

There are no penalties for death or defeat in trial combats.","頑丈な敵を素早く倒し、シャードを獲得する。

試練の戦闘では、死亡・敗北してもペナルティはない。"
Events,61405660384845843,Events.Event_1034.EventDescription,"Your guild spots an energy field surrounding a single armored turtle. It's protecting a pile of Shards. It doesn't seem very threatening, but its shell looks incredibly sturdy.",ギルドは、一匹の鎧ガメを囲むエネルギーフィールドを見つける。カメはシャードの山を守っている。さほど手強そうには見えないが、その甲羅は恐ろしく頑丈そうだ。
Events,61405660384845841,Events.Event_1034.EventName,Trial: Demolition,試練：破壊戦
Events,61405660384845854,Events.Event_1035.Choice_1.ChoiceOutcomeText,A single courageous Hero steps into the circle of runes.,勇敢なヒーローがひとり、ルーンの輪へ足を踏み入れる。
Events,61405660384845853,Events.Event_1035.Choice_1.ChoiceText,Defeat the {bossname} in 1v1 combat to gain {relicname}. The Hero will have [{statreduction}% reduced basic stats]<basicstat> for this combat.,1対1の戦闘で{bossname}を倒し、{relicname}を獲得する。この戦闘中、そのヒーローの[基本ステータスが{statreduction}%低下]<basicstat>する。
Events,64059735563821162,Events.Event_1035.Choice_1.ChoiceTitle,Alone,単独
Events,61405660384845856,Events.Event_1035.Choice_2.ChoiceOutcomeText,Your guild steps into the circle of runes. They sense the slight pull of an invisible rope wrapping itself around them.,ギルドがルーンの輪へ足を踏み入れる。目に見えない縄が体に巻きつくような、かすかな引力を感じた。
Events,61405660384845855,Events.Event_1035.Choice_2.ChoiceText,Defeat the {bossname} within {timelimit} seconds to get {relicname}.,{timelimit}秒以内に{bossname}を倒し、{relicname}を獲得する。
Events,64059735563821163,Events.Event_1035.Choice_2.ChoiceTitle,Rushed,時間制限
Events,61405660384845858,Events.Event_1035.Choice_3.ChoiceOutcomeText,"Your guild steps into the circle of runes. They sense heavy, invisible shackles dragging them down.",ギルドがルーンの輪へ足を踏み入れる。重い見えない枷に、体を下へ引きずられるような感覚がした。
Events,61405660384845857,Events.Event_1035.Choice_3.ChoiceText,Defeat the {bossname} to get {relicname}. Your Heroes will have [{statreduction}% reduced basic stats]<basicstat> for this combat.,{bossname}を倒し、{relicname}を獲得する。この戦闘中、ヒーローたちの[基本ステータスが{statreduction}%低下]<basicstat>する。
Events,64059735563821164,Events.Event_1035.Choice_3.ChoiceTitle,Scared,萎縮
Events,61405660384845851,Events.Event_1035.CrossroadsDescription,"Defeat the Act 1 Boss with a challenging twist to earn a rare relic.

There are no penalties for death or defeat in trial combats.","ひとひねり加えられた高難度のアクト1ボスを倒し、レアなレリックを獲得する。

試練の戦闘では、死亡・敗北してもペナルティはない。"
Events,61405660384845852,Events.Event_1035.EventDescription,"Your guild discovers a massive creature standing inside a canyon. Even from afar they can clearly recognize the very same {bossname} they defeated not long ago!
There are sizzling runes etched around it in a circle.","ギルドは峡谷の中に立つ巨大な生物を発見する。遠目にもはっきり分かる――少し前に倒した、あの{bossname}とまったく同じ姿だ！
その周囲には、焼けつくような音を立てるルーンが円形に刻まれている。"
Events,61405660384845850,Events.Event_1035.EventName,Trial: Rematch,試練：再戦
Events,62503587664617476,Events.Event_1036.Choice_1.ChoiceOutcomeText,Your Heroes feel invigorated after taking advantage of a rare opportunity to rest.,めったにない休息の機会を活かし、ヒーローたちは活力を取り戻した。
Events,62503587664617475,Events.Event_1036.Choice_1.ChoiceText,Heroes gain [+{statbonus}% basic stats]<basicstat> next combat.,次の戦闘中、味方の[基本ステータス+{statbonus}%]<basicstat>。
Events,62503587664617473,Events.Event_1036.CrossroadsDescription,Heroes gain +{statbonus}% basic stats next combat.,次の戦闘中、ヒーローの基本ステータス+{statbonus}%。
Events,62503587664617474,Events.Event_1036.EventDescription,Your guild finds a secluded location to rest and recover before the next fight.,ギルドは次の戦いに備え、人目につかない場所で休息を取り、体を癒やす。
Events,62503587664617472,Events.Event_1036.EventName,Rest,休息
Events,44722622205394965,Events.Event_2000.Choice_1.ChoiceText,Increase your endless mode score by 1.,エンドレスモードのスコアを1増加させる。
Events,64059735563821073,Events.Event_2000.Choice_1.ChoiceTitle,Glory,栄光
Events,44722622205394963,Events.Event_2000.CrossroadsDescription,Increase your endless mode score by 1.,エンドレスモードのスコアを1増加させる。
Events,44722622205394964,Events.Event_2000.EventDescription,Increase your endless mode score by 1.,エンドレスモードのスコアを1増加させる。
Events,44722622205394962,Events.Event_2000.EventName,Increase Endless Score,エンドレススコア増加
Events,44722622205394970,Events.Event_2001.Choice_1.ChoiceText,Gain {itemWithDesc}.,{itemWithDesc}を獲得する。
Events,64059735563821074,Events.Event_2001.Choice_1.ChoiceTitle,Choose Item,アイテムを選ぶ
Events,44722622205394972,Events.Event_2001.Choice_2.ChoiceText,Gain {itemWithDesc}.,{itemWithDesc}を獲得する。
Events,64059735563821075,Events.Event_2001.Choice_2.ChoiceTitle,Choose Item,アイテムを選ぶ
Events,44722622205394974,Events.Event_2001.Choice_3.ChoiceText,Gain {itemWithDesc}.,{itemWithDesc}を獲得する。
Events,64059735563821076,Events.Event_2001.Choice_3.ChoiceTitle,Choose Item,アイテムを選ぶ
Events,44722622205394968,Events.Event_2001.CrossroadsDescription,Choose from 1 of 3 epic items.,3つのエピックアイテムから1つ選ぶ。
Events,44722622205394969,Events.Event_2001.EventDescription,Choose an Epic item.,エピックアイテムを選ぶ。
Events,44722622205394967,Events.Event_2001.EventName,Choose an Epic Item,エピックアイテムを選択
Events,44722622205394979,Events.Event_2002.Choice_1.ChoiceText,Gain {relic}.,{relic}を獲得する。
Events,64059735563821077,Events.Event_2002.Choice_1.ChoiceTitle,Choose Relic,レリックを選ぶ
Events,44722622205394981,Events.Event_2002.Choice_2.ChoiceText,Gain {relic}.,{relic}を獲得する。
Events,64059735563821078,Events.Event_2002.Choice_2.ChoiceTitle,Choose Relic,レリックを選ぶ
Events,44722622205394983,Events.Event_2002.Choice_3.ChoiceText,Gain {relic}.,{relic}を獲得する。
Events,64059735563821079,Events.Event_2002.Choice_3.ChoiceTitle,Choose Relic,レリックを選ぶ
Events,44722622205394977,Events.Event_2002.CrossroadsDescription,Choose from 1 of 3 rare relics.,3つのレアレリックから1つ選ぶ。
Events,44722622205394978,Events.Event_2002.EventDescription,Choose a Rare Relic,レアレリックを選ぶ
Events,44722622205394976,Events.Event_2002.EventName,Choose a Rare Relic,レアレリックを選ぶ
Events,44722622205394988,Events.Event_2003.Choice_1.ChoiceText,Gain {relic}.,{relic}を獲得する。
Events,64059735563821080,Events.Event_2003.Choice_1.ChoiceTitle,Epic Relic,エピックレリック
Events,44722622205394986,Events.Event_2003.CrossroadsDescription,Get a random epic relic.,ランダムなエピックレリックを獲得する。
Events,44722622205394987,Events.Event_2003.EventDescription,Get a random epic relic.,ランダムなエピックレリックを獲得する。
Events,44722622205394985,Events.Event_2003.EventName,Random Epic Relic,ランダム・エピックレリック
Events,44722622205394993,Events.Event_2004.Choice_1.ChoiceText,Choose a Hero. Retrain one of their upgrades.,ヒーローを選び、アップグレードのひとつを再訓練する。
Events,64059735563821081,Events.Event_2004.Choice_1.ChoiceTitle,Retrain,再訓練
Events,44722622205394991,Events.Event_2004.CrossroadsDescription,Retrain an upgrade on one of your Heroes.,ヒーローひとりのアップグレードを再訓練する。
Events,44722622205394992,Events.Event_2004.EventDescription,Retrain an upgrade on one of your Heroes.,ヒーローひとりのアップグレードを再訓練する。
Events,44722622205394990,Events.Event_2004.EventName,Retrain,再訓練
Events,44722622205394996,Events.Event_2005.CrossroadsDescription,Permanently increase a Hero's Max HP by {amount}.,ヒーローひとりの最大HPを恒久的に{amount}増加させる。
Events,44722622205394995,Events.Event_2005.EventName,Max HP Boost,最大HP強化
Events,44722622205395001,Events.Event_2006.CrossroadsDescription,Permanently increase a Hero's Mana Regen by {amount}.,ヒーローひとりのマナ回復を恒久的に{amount}増加させる。
Events,44722622205395000,Events.Event_2006.EventName,Mana Regen Boost,マナ回復強化
Events,44722622205395006,Events.Event_2007.CrossroadsDescription,Permanently increase a Hero's Attack by {amount}.,ヒーローひとりの攻撃力を恒久的に{amount}増加させる。
Events,44722622205395005,Events.Event_2007.EventName,Attack Boost,攻撃力強化
Events,44722622205395011,Events.Event_2008.CrossroadsDescription,Permanently increase a Hero's Magic by {amount}.,ヒーローひとりの魔力を恒久的に{amount}増加させる。
Events,44722622205395010,Events.Event_2008.EventName,Magic Boost,魔力強化
Events,44722622205395016,Events.Event_2009.CrossroadsDescription,Permanently increase a Hero's Defense by {amount}.,ヒーローひとりの防御力を恒久的に{amount}増加させる。
Events,44722622205395015,Events.Event_2009.EventName,Defense Boost,防御力強化
Events,44722622205395021,Events.Event_2010.CrossroadsDescription,Permanently increase a Hero's Attack Speed by {amount}.,ヒーローひとりの攻撃速度を恒久的に{amount}増加させる。
Events,44722622205395020,Events.Event_2010.EventName,Attack Speed Boost,攻撃速度強化
Events,44722622205395026,Events.Event_2011.CrossroadsDescription,Permanently increase a Hero's Crit by {amount}.,ヒーローひとりのクリティカルを恒久的に{amount}増加させる。
Events,44722622205395025,Events.Event_2011.EventName,Crit Boost,クリティカル強化
Events,44722622205395033,Events.Event_2012.Choice_1.ChoiceText,Get {hero}.,{hero}を仲間にする。
Events,64059735563821082,Events.Event_2012.Choice_1.ChoiceTitle,Choose Hero,ヒーローを選ぶ
Events,44722622205395036,Events.Event_2012.Choice_2.ChoiceOutcomeText,You left.,その場を立ち去った。
Events,44722622205395035,Events.Event_2012.Choice_2.ChoiceText,Leave without choosing a Hero.,ヒーローを選ばずに立ち去る。
Events,64059735563821083,Events.Event_2012.Choice_2.ChoiceTitle,Leave,立ち去る
Events,63926072004042752,Events.Event_2012.ClassChoice.ChoiceText,Get a random S-Rank {class} Hero.,ランダムなSランクの{class}ヒーローを仲間にする。
Events,63926073014870017,Events.Event_2012.Confirm.ChoiceOutcomeText,You got {hero}.,{hero}が仲間になった。
Events,63926073014870016,Events.Event_2012.Confirm.ChoiceText,Get {hero}.,{hero}を仲間にする。
Events,44722622205395031,Events.Event_2012.CrossroadsDescription,Get an S-Rank Hero from one of your most-played classes.,最も多く使ったクラスのひとつから、Sランクヒーローを仲間にする。
Events,44722622205395032,Events.Event_2012.EventDescription,Get a random S-Rank Hero from one of your 3 most-played classes.,最も多く使った3クラスのひとつから、ランダムなSランクヒーローを仲間にする。
Events,44722622205395030,Events.Event_2012.EventName,S-Rank Hero,Sランクヒーロー
Events,65176134768123904,Events.Event_2012.HeroFromClass.ChoiceTitle,{class},{class}
Events,44722622205395038,Events.Event_2013.CrossroadsDescription,Permanently increase a Hero's Omnivamp by {amount}.,ヒーローひとりのオムニヴァンプを恒久的に{amount}増加させる。
Events,44722622205395037,Events.Event_2013.EventName,Omnivamp Boost,オムニヴァンプ強化
Events,44722622205395043,Events.Event_2014.CrossroadsDescription,Permanently increase a Hero's HP/S by {amount}.,ヒーローひとりの秒間HP回復を恒久的に{amount}増加させる。
Events,44722622205395042,Events.Event_2014.EventName,HP/S Boost,秒間HP回復強化
Events,56339210829815809,Events.Event_503.CrossroadsDescription,Get a special item or relic with offensive properties.,攻撃向けの特殊なアイテムまたはレリックを獲得する。
Events,56339210834010112,Events.Event_503.EventDescription,"A stone altar, mostly reclaimed by moss. Something gleams at its base.",苔に覆われ、ほとんど自然に呑まれた石の祭壇。その根元で何かが光っている。
Events,56339210829815808,Events.Event_503.EventName,The Altar,祭壇
Events,56339210834010114,Events.Event_504.CrossroadsDescription,Get a special item or relic with defensive properties.,防御向けの特殊なアイテムまたはレリックを獲得する。
Events,56339210834010115,Events.Event_504.EventDescription,"A long-dead beast lies sprawled across the path, swallowed by vines. Its armor is still intact.",はるか昔に死んだ獣が、蔓に覆われて道を塞ぐように横たわっている。その鎧は今も原形を留めていた。
Events,56339210834010113,Events.Event_504.EventName,The Fallen Beast,倒れた獣
Events,56339210834010117,Events.Event_505.CrossroadsDescription,Get a special item or relic which pays off in the future.,後々役立つ特殊なアイテムまたはレリックを獲得する。
Events,56339210834010118,Events.Event_505.EventDescription,"A camp left behind by an unsuccessful guild, abandoned in a hurry. They didn't die here, but they did leave something useful behind.",失敗に終わったギルドが慌てて放棄した野営地。ここで死んだわけではないようだが、役に立つ物を残していった。
Events,56339210834010116,Events.Event_505.EventName,The Abandoned Camp,放棄された野営地
Events,56339210834010120,Events.Event_506.CrossroadsDescription,A gift for your newly-formed guild.,結成したばかりのギルドへの贈り物。
Events,56339210834010121,Events.Event_506.EventDescription,"A clerk from the Department of Guild Affairs leans through the rift's threshold, parcel in hand. She waves your guild over and hands them the parcel before vanishing back to the other side.",ギルド管理局の職員が、小包を手にリフトの境界から身を乗り出している。彼女はギルドを手招きし、小包を渡すと向こう側へ姿を消した。
Events,56339210834010119,Events.Event_506.EventName,Starter Kit,スターターキット
Events,57496403717382144,Events.Event_506.ImmediateStatStarterKit.ChoiceText,Choose a Hero to permanently gain {amount} {stat}.,ヒーローを選び、{amount}の{stat}を恒久的に獲得させる。
Events,64059735563821099,Events.Event_506.ImmediateStatStarterKit.ChoiceTitle,Stats,ステータス
Events,57481774295408640,Events.Event_506.ItemStarterKit.ChoiceText,Choose an Item Starter Kit.,アイテム・スターターキットを選ぶ。
Events,64059735563821096,Events.Event_506.ItemStarterKit.ChoiceTitle,Items,アイテム
Events,57481774073110528,Events.Event_506.ShardStarterKit.ChoiceText,Choose a Shard Starter Kit.,シャード・スターターキットを選ぶ。
Events,64059735563821095,Events.Event_506.ShardStarterKit.ChoiceTitle,Shards,シャード
Events,57481774295408641,Events.Event_506.StatBoostStarterKit.ChoiceText,Choose a Stat Boost Starter Kit.,ステータス強化スターターキットを選ぶ。
Events,64059735563821097,Events.Event_506.StatBoostStarterKit.ChoiceTitle,Stats,ステータス
Events,11912756878622751,Events.Event_600.Choice_1.ChoiceText,Rank up a {rank}-rank or lower Hero.,{rank}ランク以下のヒーローをランクアップさせる。
Events,64059735559626752,Events.Event_600.Choice_1.ChoiceTitle,Train,訓練する
Events,11912756878622753,Events.Event_600.Choice_2.ChoiceText,Choose a Hero. Retrain one of their upgrades.,ヒーローを選び、アップグレードのひとつを再訓練する。
Events,64059735559626753,Events.Event_600.Choice_2.ChoiceTitle,Study,研究する
Events,11912756878622756,Events.Event_600.Choice_3.ChoiceOutcomeText,Better safe than sorry!,備えあれば憂いなし！
Events,11912756878622755,Events.Event_600.Choice_3.ChoiceText,Recharge your [Emergency Rewind]<bold> ability.,[緊急巻き戻し]<bold>を再チャージする。
Events,64059735559626754,Events.Event_600.Choice_3.ChoiceTitle,Recharge,再チャージ
Events,66179260820881408,Events.Event_600.Choice_4.ChoiceOutcomeSummaryText,Your Heroes gain [+{statbonus}% basic stats]<basicstat> next combat.,次の戦闘中、ヒーローの[基本ステータス+{statbonus}%]<basicstat>。
Events,11912756878622758,Events.Event_600.Choice_4.ChoiceOutcomeText,Your guild settles in for a proper rest and wake up the morning more refreshed than usual.,ギルドは腰を据えてしっかり休み、翌朝はいつも以上にすっきりと目を覚ました。
Events,11912756878622757,Events.Event_600.Choice_4.ChoiceText,Your Heroes gain [+{statbonus}% basic stats]<basicstat> next combat.,次の戦闘中、ヒーローの[基本ステータス+{statbonus}%]<basicstat>。
Events,64059735559626755,Events.Event_600.Choice_4.ChoiceTitle,Rest,休息
Events,49878014958231552,Events.Event_600.Choice_5.ChoiceOutcomeText,Your guild rushes ahead.,ギルドは先を急いだ。
Events,49878014945648640,Events.Event_600.Choice_5.ChoiceText,Skip the campfire rewards.,焚き火の報酬をスキップする。
Events,64059735563821084,Events.Event_600.Choice_5.ChoiceTitle,Skip,スキップ
Events,11912756878622747,Events.Event_600.CrossroadsDescription,A moment of peace.,つかの間の安らぎ。
Events,11912756878622748,Events.Event_600.EventDescription,"Your guild gathers around the campfire, and your Heroes enjoy a rare moment of calm.",ギルドは焚き火を囲み、ヒーローたちはめったにない穏やかなひとときを楽しむ。
Events,11912756878622746,Events.Event_600.EventName,The Campfire,焚き火
Events,44722622184423426,Events.Event_601.Choice_1.ChoiceText,Rank up a {rank}-rank or lower Hero.,{rank}ランク以下のヒーローをランクアップさせる。
Events,64059735559626756,Events.Event_601.Choice_1.ChoiceTitle,Train,訓練する
Events,44722622184423428,Events.Event_601.Choice_2.ChoiceText,Choose a Hero. Retrain one of their upgrades.,ヒーローを選び、アップグレードのひとつを再訓練する。
Events,64059735559626757,Events.Event_601.Choice_2.ChoiceTitle,Study,研究する
Events,66178116396646400,Events.Event_601.Choice_3.ChoiceOutcomeSummaryText,Your Heroes gain [+{statbonus}% basic stats]<basicstat> next combat.,次の戦闘中、ヒーローの[基本ステータス+{statbonus}%]<basicstat>。
Events,49878627943178241,Events.Event_601.Choice_3.ChoiceOutcomeText,Your guild settles in for a proper rest.,ギルドは腰を据えてしっかり休んだ。
Events,49878627943178240,Events.Event_601.Choice_3.ChoiceText,Your Heroes gain [+{statbonus}% basic stats]<basicstat> next combat.,次の戦闘中、ヒーローの[基本ステータス+{statbonus}%]<basicstat>。
Events,64059735563821085,Events.Event_601.Choice_3.ChoiceTitle,Rest,休息
Events,44722622184423431,Events.Event_601.Choice_4.ChoiceOutcomeText,Your guild rushes ahead.,ギルドは先を急いだ。
Events,44722622184423430,Events.Event_601.Choice_4.ChoiceText,Skip the campfire rewards.,焚き火の報酬をスキップする。
Events,64059735559626758,Events.Event_601.Choice_4.ChoiceTitle,Skip,スキップ
Events,44722622184423424,Events.Event_601.CrossroadsDescription,A moment of peace.,つかの間の安らぎ。
Events,44722622184423425,Events.Event_601.EventDescription,"Your guild gathers around the campfire, and your Heroes enjoy a rare moment of calm.",ギルドは焚き火を囲み、ヒーローたちはめったにない穏やかなひとときを楽しむ。
Events,44722622171840512,Events.Event_601.EventName,The Campfire,焚き火
Events,11912756878622785,Events.Event_780.Choice_1.ChoiceText,Choose a Hero. Retrain one of their upgrades.,ヒーローを選び、アップグレードのひとつを再訓練する。
Events,11912756878622781,Events.Event_780.CrossroadsDescription,Retrain an upgrade on one of your Heroes.,ヒーローひとりのアップグレードを再訓練する。
Events,11912756878622782,Events.Event_780.EventDescription,Retrain an upgrade on one of your Heroes.,ヒーローひとりのアップグレードを再訓練する。
Events,11912756878622780,Events.Event_780.EventName,Retrain,再訓練
Events,11912756878622788,Events.Event_800.CrossroadsDescription,Get a common item that increases Max HP.,最大HPを増加させるコモンアイテムを獲得する。
Events,11912756878622787,Events.Event_800.EventName,Find an Item,アイテムを発見
Events,11912756882817029,Events.Event_801.CrossroadsDescription,Get a common item that increases Mana Regen.,マナ回復を増加させるコモンアイテムを獲得する。
Events,11912756882817028,Events.Event_801.EventName,Find an Item,アイテムを発見
Events,11912756882817036,Events.Event_802.CrossroadsDescription,Get a common item that increases Attack.,攻撃力を増加させるコモンアイテムを獲得する。
Events,11912756882817035,Events.Event_802.EventName,Find an Item,アイテムを発見
Events,11912756882817043,Events.Event_803.CrossroadsDescription,Get a common item that increases Magic.,魔力を増加させるコモンアイテムを獲得する。
Events,11912756882817042,Events.Event_803.EventName,Find an Item,アイテムを発見
Events,11912756882817050,Events.Event_804.CrossroadsDescription,Get a common item that increases Defense.,防御力を増加させるコモンアイテムを獲得する。
Events,11912756882817049,Events.Event_804.EventName,Find an Item,アイテムを発見
Events,11912756882817057,Events.Event_805.CrossroadsDescription,Get a common item that increases Attack Speed.,攻撃速度を増加させるコモンアイテムを獲得する。
Events,11912756882817056,Events.Event_805.EventName,Find an Item,アイテムを発見
Events,11912756882817064,Events.Event_806.CrossroadsDescription,Get a common item that increases Crit.,クリティカルを増加させるコモンアイテムを獲得する。
Events,11912756882817063,Events.Event_806.EventName,Find an Item,アイテムを発見
Events,21745155170877441,Events.Event_809.EventDescription,Your guild finds a large node of glowing Shards.,ギルドは、光を放つシャードの巨大な鉱床を見つけた。
Events,21745155149905920,Events.Event_809.EventName,Mine Shards,シャード採掘
Events,11912756882817072,Events.Event_810.EventDescription,You found {amount} Shards in a pile by the river.,川辺に積まれたシャードの山から{amount}シャードを見つけた。
Events,11912756882817070,Events.Event_810.EventName,A Pile of Shards,シャードの山
Events,21745155170877446,Events.Event_819.EventName,Train a Hero,ヒーローを訓練
Events,44722622184423433,Events.Event_902.CrossroadsDescription,Permanently increase a Hero's Max HP by {amount}.,ヒーローひとりの最大HPを恒久的に{amount}増加させる。
Events,44722622184423432,Events.Event_902.EventName,Train a Hero,ヒーローを訓練
Events,44722622184423438,Events.Event_903.CrossroadsDescription,Permanently increase a Hero's Mana Regen by {amount}.,ヒーローひとりのマナ回復を恒久的に{amount}増加させる。
Events,44722622184423437,Events.Event_903.EventName,Train a Hero,ヒーローを訓練
Events,44722622184423443,Events.Event_904.CrossroadsDescription,Permanently increase a Hero's Attack by {amount}.,ヒーローひとりの攻撃力を恒久的に{amount}増加させる。
Events,44722622184423442,Events.Event_904.EventName,Train a Hero,ヒーローを訓練
Events,44722622184423448,Events.Event_905.CrossroadsDescription,Permanently increase a Hero's Magic by {amount}.,ヒーローひとりの魔力を恒久的に{amount}増加させる。
Events,44722622184423447,Events.Event_905.EventName,Train a Hero,ヒーローを訓練
Events,44722622184423453,Events.Event_906.CrossroadsDescription,Permanently increase a Hero's Defense by {amount}.,ヒーローひとりの防御力を恒久的に{amount}増加させる。
Events,44722622184423452,Events.Event_906.EventName,Train a Hero,ヒーローを訓練
Events,44722622184423458,Events.Event_907.CrossroadsDescription,Permanently increase a Hero's Attack Speed by {amount}.,ヒーローひとりの攻撃速度を恒久的に{amount}増加させる。
Events,44722622184423457,Events.Event_907.EventName,Train a Hero,ヒーローを訓練
Events,44722622184423463,Events.Event_908.CrossroadsDescription,Permanently increase a Hero's Crit by {amount}.,ヒーローひとりのクリティカルを恒久的に{amount}増加させる。
Events,44722622184423462,Events.Event_908.EventName,Train a Hero,ヒーローを訓練
Events,56059205537226761,Events.Shared.ChoiceOutcome.AllHeroesGainedStat,Your Heroes grew in strength.,ヒーローたちは力を増した。
Events,56059205537226762,Events.Shared.ChoiceOutcome.AllHeroesLostStat,All Heroes lost {amount} {stat}.,すべてのヒーローが{amount}の{stat}を失った。
Events,56059205537226763,Events.Shared.ChoiceOutcome.Deal,The deal is struck.,取引は成立した。
Events,56059205537226764,Events.Shared.ChoiceOutcome.Done,It is done.,完了した。
Events,56339210804649984,Events.Shared.ChoiceOutcome.GetReward,This treasure should come in handy.,この宝はきっと役に立つ。
Events,56059205537226765,Events.Shared.ChoiceOutcome.GetShards,You gained [Shards]<shard>.,[シャード]<shard>を獲得した。
Events,56059205537226766,Events.Shared.ChoiceOutcome.HeroGainedStat,{hero} found a moment to train.,{hero}は訓練する時間を見つけた。
Events,65073539248545792,Events.Shared.ChoiceOutcome.HeroGainedStatTutorial,{hero} found a moment to train.,{hero}は訓練する時間を見つけた。
Events,56059205537226767,Events.Shared.ChoiceOutcome.HeroJoins,{hero} just signed with your guild.,{hero}がギルドと契約した。
Events,56059205537226768,Events.Shared.ChoiceOutcome.HeroRankedUp,A Hero ranked up!,ヒーローがランクアップした！
Events,56059205537226769,Events.Shared.ChoiceOutcome.Leave,Your guild moves on.,ギルドは先へ進んだ。
Events,56059205537226770,Events.Shared.ChoiceOutcome.StatBuffed,A Hero grew in strength.,ヒーローが力を増した。
Events,56059205537226771,Events.Shared.ChoiceOutcome.StatDebuffed,A Hero was weakened.,ヒーローが弱体化した。
Events,56351635138404352,Events.Shared.ChoiceText.Back,,
Events,56059205537226773,Events.Shared.ChoiceText.ChooseHero,Choose a Hero to gain {amount} {stat}.,ヒーローを選び、{amount}の{stat}を付与する。
Events,56059205537226774,Events.Shared.ChoiceText.GetShards,Gain Shards.,シャードを獲得する。
Events,57496403692216320,Events.Shared.ChoiceText.GrantStatAmountTo,Grant {amount} {stat} to {hero}.,{hero}に{amount}の{stat}を付与する。
Events,56411910046736384,Events.Shared.ChoiceText.GrantStatsTo,Grant {stat} to {hero},{hero}に{stat}を付与する
Events,56411910067707904,Events.Shared.ChoiceText.GrantTo,Grant to {hero},{hero}に付与する
Events,60291717012643841,Events.Shared.ChoiceText.HeroRankUp,Rank up a {rank}-rank or lower Hero.,{rank}ランク以下のヒーローをランクアップさせる。
Events,56059205537226775,Events.Shared.ChoiceText.Leave,,
Events,56411910067707905,Events.Shared.ChoiceText.ReRollModifier,Retrain [{name}]: {description},[{name}]を再訓練：{description}
Events,60291716966506496,Events.Shared.ChoiceText.TakeDelayedReward,Gain {name} after winning {amount} combats.,{amount}回の戦闘に勝利後、{name}を獲得する。
Events,56059205537226776,Events.Shared.ChoiceText.TakeIt,,
Events,56059205507866624,Events.Shared.ChoiceText.TakeReward,Gain {name},{name}を獲得する
Events,60291717012643840,Events.Shared.ChoiceText.TakeRewardDesc,Gain {name}.\n{itemWithDesc},{name}を獲得する。\n{itemWithDesc}
Events,64059735563821091,Events.Shared.ChoiceTitle.Back,Back,戻る
Events,64059735563821087,Events.Shared.ChoiceTitle.ChooseHero,Choose Hero,ヒーローを選ぶ
Events,64059735563821088,Events.Shared.ChoiceTitle.GetShards,Shards,シャード
Events,64059735563821098,Events.Shared.ChoiceTitle.GrantStatAmountTo,Grant,付与する
Events,64059735563821092,Events.Shared.ChoiceTitle.GrantStatsTo,Grant,付与する
Events,64059735563821093,Events.Shared.ChoiceTitle.GrantTo,Grant,付与する
Events,64059735563821102,Events.Shared.ChoiceTitle.HeroRankUp,Rank up,ランクアップ
Events,64059735563821089,Events.Shared.ChoiceTitle.Leave,Leave,立ち去る
Events,64059735563821094,Events.Shared.ChoiceTitle.ReRollModifier,Retrain,再訓練
Events,64059735563821100,Events.Shared.ChoiceTitle.TakeDelayedReward,Take,受け取る
Events,64059735563821090,Events.Shared.ChoiceTitle.TakeIt,Take,受け取る
Events,64059735563821086,Events.Shared.ChoiceTitle.TakeReward,Take,受け取る
Events,64059735563821101,Events.Shared.ChoiceTitle.TakeRewardDesc,Take,受け取る
Events,56059205537226777,Events.Shared.CrossroadsDescription.GainShards,Gain {amount} Shards.,{amount}シャードを獲得する。
Events,56059205537226778,Events.Shared.CrossroadsDescription.GrantAmountStatToAHero,Permanently give {amount} {stat} to a Hero of your choice.,選んだヒーローに{amount}の{stat}を恒久的に付与する。
Events,56059205537226779,Events.Shared.CrossroadsDescription.GrantTeamStat,Grant everyone {amount} {stat}.,全員に{amount}の{stat}を付与する。
Events,56059205537226780,Events.Shared.CrossroadsDescription.LoseHeroStat,Lose {amount} {stat}.,{amount}の{stat}を失う。
Events,56059205537226784,Events.Shared.EventDescription.ChooseHeroGrantStat,Permanently give {amount} {stat} to a Hero of your choice.,選んだヒーローに{amount}の{stat}を恒久的に付与する。
Events,65073539290488832,Events.Shared.EventDescription.FoundCommonItemReward,Your guild found a half-buried {name}.,ギルドは半分地面に埋もれた{name}を見つけた。
Events,56059205537226785,Events.Shared.EventDescription.FoundReward,Your guild found {name}.,ギルドは{name}を見つけた。
Events,56059205537226786,Events.Shared.EventDescription.GrantHeroStat,Grant {amount} {stat} to a Hero of your choice.,選んだヒーローに{amount}の{stat}を付与する。
Events,56059205537226787,Events.Shared.EventDescription.TrainingGrantStat,You find a moment to train your Heroes. Choose one to gain {amount} {stat}.,ヒーローを訓練する時間ができた。ひとり選び、{amount}の{stat}を付与する。
Events,64065412432650243,Events.Shared.MechanicalOutcome.AddPermanentStatBonus,{hero} permanently gained {amount} {stat}.,{hero}が{amount}の{stat}を恒久的に獲得した。
Events,64065412432650244,Events.Shared.MechanicalOutcome.CreateHero,A new Hero joined your guild: {name}.,新たなヒーローがギルドに加入：{name}。
Events,64065412436844544,Events.Shared.MechanicalOutcome.GainNoShardsNextFight,You will gain no [Shards]<shard> for your next combat victory.,次の戦闘勝利時、[シャード]<shard>を獲得できない。
Events,64065412432650241,Events.Shared.MechanicalOutcome.GrantItem,You gained the item: {name}.,アイテムを獲得：{name}。
Events,64065412432650240,Events.Shared.MechanicalOutcome.GrantRelic,You gained the relic: {name}.,レリックを獲得：{name}。
Events,64065412432650242,Events.Shared.MechanicalOutcome.GrantShards,You gained {amount} Shards.,{amount}シャードを獲得した。
Events,64065412432650251,Events.Shared.MechanicalOutcome.ModifyShardVictoryReward,The [Shard]<shard> reward for your next combat victory was modified by: {amount},次の戦闘勝利時の[シャード]<shard>報酬が{amount}変化した。
Events,64065412432650249,Events.Shared.MechanicalOutcome.ModifyTeamSize,Your active party team size was changed by: {amount}.,出撃パーティーの人数上限が{amount}変化した。
Events,64065412432650245,Events.Shared.MechanicalOutcome.RankupHero,{hero} ranked up.,{hero}がランクアップした。
Events,64065412432650246,Events.Shared.MechanicalOutcome.RerollHeroRankModifier,{hero}'s upgrade was retrained.,{hero}のアップグレードを再訓練した。
Events,64065412432650247,Events.Shared.MechanicalOutcome.RerollHeroSpecialization,{hero}'s B-Rank Specialization was retrained.,{hero}のBランク特化を再訓練した。
Events,64065412432650248,Events.Shared.MechanicalOutcome.RerollHeroSpecializationRandom,{hero}'s B-Rank Specialization randomly changed to {name}.,{hero}のBランク特化がランダムに{name}へ変化した。
Events,64065412432650252,Events.Shared.MechanicalOutcome.ShardStabilizerRestored,[Emergency Rewind]<bold> is available again.,[緊急巻き戻し]<bold>が再び使用可能になった。
Events,64065412432650250,Events.Shared.MechanicalOutcome.SkipCampfireReward,The campfire reward was skipped.,焚き火の報酬をスキップした。
HeroClasses,7200471350231040,HeroClasses.HeroClass_1.Description,"[Warriors]<warrior> use [Attack]<attack> to deal damage with auto attacks and active abilities.

[Warrior Mechanics]<warrior>: [Crit]<crit>, [Rush]<rush>, [Shields]<shield>.","[ウォリアー]<warrior>は[攻撃力]<attack>を活かし、通常攻撃とアクティブアビリティでダメージを与える。

[ウォリアーの主要メカニクス]<warrior>：[クリティカル]<crit>、[速攻]<rush>、[シールド]<shield>。"
HeroClasses,7200471329259520,HeroClasses.HeroClass_1.Name,Warrior,ウォリアー
HeroClasses,7200471350231042,HeroClasses.HeroClass_2.Description,"[Tanks]<tank> use [Defense]<defense> to protect their allies and disrupt enemies.

[Tank Mechanics:]<tank> [Stall]<stall>, [Poison]<poison>, [Frost]<frost>.","[タンク]<tank>は[防御力]<defense>を活かして味方を守り、敵の行動を妨害する。

[タンクの主要メカニクス：]<tank> [忍耐]<stall>、[毒]<poison>、[凍気]<frost>。"
HeroClasses,7200471350231041,HeroClasses.HeroClass_2.Name,Tank,タンク
HeroClasses,7200471350231044,HeroClasses.HeroClass_3.Description,"[Vanguards]<vanguard> use [Max HP]<maxhp> to absorb and dish out damage.

[Vanguard Mechanics:]<vanguard> [Rush]<rush>, [Shields]<shield>, [Burn]<burn>.","[ヴァンガード]<vanguard>は[最大HP]<maxhp>を活かして攻撃を受け止め、その耐久力をダメージへ変える。

[ヴァンガードの主要メカニクス：]<vanguard> [速攻]<rush>、[シールド]<shield>、[炎上]<burn>。"
HeroClasses,7200471350231043,HeroClasses.HeroClass_3.Name,Vanguard,ヴァンガード
HeroClasses,7200471350231046,HeroClasses.HeroClass_4.Description,"[Assassins]<assassin> use [Crit]<crit> to deal bursts of damage with their auto attacks and active abilities.

[Assassin Mechanics:]<assassin> [Crit]<crit>, [Shards]<shard>, [Poison]<poison>, [Rush]<rush>, [Stealth]<stealth>.","[アサシン]<assassin>は[クリティカル]<crit>を活かし、通常攻撃とアクティブアビリティで瞬間的に大ダメージを与える。

[アサシンの主要メカニクス：]<assassin> [クリティカル]<crit>、[シャード]<shard>、[毒]<poison>、[速攻]<rush>、[ステルス]<stealth>。"
HeroClasses,7200471350231045,HeroClasses.HeroClass_4.Name,Assassin,アサシン
HeroClasses,7200471350231048,HeroClasses.HeroClass_5.Description,"[Duelists]<duelist> use [Attack Speed]<attackspeed> to rapidly auto attack.

[Duelist Mechanics:]<duelist> [Stall]<stall>, [Rush]<rush>, [Debuffs]<debuff>, [Crit]<crit>, [Shards]<shard>.","[デュエリスト]<duelist>は[攻撃速度]<attackspeed>を活かし、素早く通常攻撃を繰り出す。

[デュエリストの主要メカニクス：]<duelist> [忍耐]<stall>、[速攻]<rush>、[デバフ]<debuff>、[クリティカル]<crit>、[シャード]<shard>。"
HeroClasses,7200471350231047,HeroClasses.HeroClass_5.Name,Duelist,デュエリスト
HeroClasses,7200471350231050,HeroClasses.HeroClass_6.Description,"[Mystics]<mystic> use [Mana Regen]<manaregen> to repeatedly cast their active ability, aiding allies and disrupting enemies.

[Mystic Mechanics:]<mystic> [Shields]<shield>, [Shards]<shard>, [Debuffs]<debuff>, [Stall]<stall>.","[ミスティック]<mystic>は[マナ回復]<manaregen>を活かしてアクティブアビリティを繰り返し発動し、味方を支援しながら敵を妨害する。

[ミスティックの主要メカニクス：]<mystic> [シールド]<shield>、[シャード]<shard>、[デバフ]<debuff>、[忍耐]<stall>。"
HeroClasses,7200471350231049,HeroClasses.HeroClass_6.Name,Mystic,ミスティック
HeroClasses,7200471350231052,HeroClasses.HeroClass_7.Description,"[Mages]<mage> use [Magic]<magic> to deal damage and disrupt enemies with their active abilities.

[Mage Mechanics:]<mage> [Stall]<stall>, [Burn]<burn>, [Frost]<frost>.","[メイジ]<mage>は[魔力]<magic>を活かし、アクティブアビリティでダメージを与えながら敵を妨害する。

[メイジの主要メカニクス：]<mage> [忍耐]<stall>、[炎上]<burn>、[凍気]<frost>。"
HeroClasses,7200471350231051,HeroClasses.HeroClass_7.Name,Mage,メイジ
HeroSpecializations,7200394758045722,HeroSpecializations.HeroSpecialization_1001.Name,The Right Hand,右腕
HeroSpecializations,7200394758045723,HeroSpecializations.HeroSpecialization_1002.Name,The Lustrous,輝ける者
HeroSpecializations,7200394758045724,HeroSpecializations.HeroSpecialization_1003.Name,The Tycoon,大物
HeroSpecializations,7200394737074176,HeroSpecializations.HeroSpecialization_101.Name,The Electric,電光の者
HeroSpecializations,7200394758045696,HeroSpecializations.HeroSpecialization_102.Name,The Mighty,剛力の者
HeroSpecializations,7200394758045697,HeroSpecializations.HeroSpecialization_103.Name,The Olympic,オリンピアン
HeroSpecializations,7200394758045725,HeroSpecializations.HeroSpecialization_1101.Name,The Tectonic,地殻を揺るがす者
HeroSpecializations,7200394758045726,HeroSpecializations.HeroSpecialization_1102.Name,The Protector,守護する者
HeroSpecializations,7200394758045727,HeroSpecializations.HeroSpecialization_1103.Name,The Friend,友
HeroSpecializations,7200394758045728,HeroSpecializations.HeroSpecialization_1201.Name,The Haughty,尊大なる者
HeroSpecializations,7200394758045729,HeroSpecializations.HeroSpecialization_1202.Name,The Winter's Bite,冬の牙
HeroSpecializations,7200394758045730,HeroSpecializations.HeroSpecialization_1203.Name,The Bristleguard,棘の守護者
HeroSpecializations,7200394758045731,HeroSpecializations.HeroSpecialization_1301.Name,The Iron,鉄人
HeroSpecializations,7200394758045732,HeroSpecializations.HeroSpecialization_1302.Name,The Juggernaut,不壊の猛進者
HeroSpecializations,7200394758045733,HeroSpecializations.HeroSpecialization_1303.Name,The Momentous,大業を成す者
HeroSpecializations,7200394758045734,HeroSpecializations.HeroSpecialization_1401.Name,The Stoked,燃え上がる者
HeroSpecializations,7200394758045735,HeroSpecializations.HeroSpecialization_1402.Name,The Inferno,業火
HeroSpecializations,7200394758045736,HeroSpecializations.HeroSpecialization_1403.Name,The Detonator,起爆者
HeroSpecializations,7200394758045737,HeroSpecializations.HeroSpecialization_1501.Name,The Stylish,粋な者
HeroSpecializations,7200394758045738,HeroSpecializations.HeroSpecialization_1502.Name,The Sharp,鋭き者
HeroSpecializations,7200394758045739,HeroSpecializations.HeroSpecialization_1503.Name,The Elegant,優雅なる者
HeroSpecializations,7200394758045740,HeroSpecializations.HeroSpecialization_1601.Name,The Investor,投資家
HeroSpecializations,7200394758045741,HeroSpecializations.HeroSpecialization_1602.Name,The Glacier,氷河
HeroSpecializations,7200394758045742,HeroSpecializations.HeroSpecialization_1603.Name,The Avalanche,雪崩
HeroSpecializations,7200394758045743,HeroSpecializations.HeroSpecialization_1701.Name,The Fashionable,流行の先駆者
HeroSpecializations,7200394758045744,HeroSpecializations.HeroSpecialization_1702.Name,The Ostentatious,絢爛たる者
HeroSpecializations,7200394758045745,HeroSpecializations.HeroSpecialization_1703.Name,The Magnanimous,度量ある者
HeroSpecializations,7200394758045746,HeroSpecializations.HeroSpecialization_1801.Name,The Glutton,大食漢
HeroSpecializations,7200394758045747,HeroSpecializations.HeroSpecialization_1802.Name,The Enraged,激昂せし者
HeroSpecializations,7200394758045748,HeroSpecializations.HeroSpecialization_1803.Name,The Brute,荒くれ者
HeroSpecializations,7200394758045752,HeroSpecializations.HeroSpecialization_2001.Name,The Falling Snow,降り積もる雪
HeroSpecializations,7200394758045753,HeroSpecializations.HeroSpecialization_2002.Name,The Warband,戦団
HeroSpecializations,7200394758045754,HeroSpecializations.HeroSpecialization_2003.Name,The Frostbite,凍傷
HeroSpecializations,7200394758045698,HeroSpecializations.HeroSpecialization_201.Name,The Conduit,導き手
HeroSpecializations,7200394758045699,HeroSpecializations.HeroSpecialization_202.Name,The Hunter,狩人
HeroSpecializations,7200394758045700,HeroSpecializations.HeroSpecialization_203.Name,The Sniper,狙撃手
HeroSpecializations,7200394758045755,HeroSpecializations.HeroSpecialization_2101.Name,The Searing,灼熱の者
HeroSpecializations,7200394758045756,HeroSpecializations.HeroSpecialization_2102.Name,The Tempered,鍛えられし者
HeroSpecializations,7200394758045757,HeroSpecializations.HeroSpecialization_2103.Name,The Enlightened,悟りし者
HeroSpecializations,7200394758045758,HeroSpecializations.HeroSpecialization_2201.Name,The Spicy,刺激的な者
HeroSpecializations,7200394758045759,HeroSpecializations.HeroSpecialization_2202.Name,The Seasoned,熟練の者
HeroSpecializations,7200394758045760,HeroSpecializations.HeroSpecialization_2203.Name,The Lover,愛する者
HeroSpecializations,7200394758045761,HeroSpecializations.HeroSpecialization_2301.Name,The Breezy,そよ風の者
HeroSpecializations,7200394758045762,HeroSpecializations.HeroSpecialization_2302.Name,The Lover,愛する者
HeroSpecializations,7200394758045763,HeroSpecializations.HeroSpecialization_2303.Name,The Brisk,颯爽たる者
HeroSpecializations,7200394758045764,HeroSpecializations.HeroSpecialization_2401.Name,The Greedy,強欲なる者
HeroSpecializations,7200394758045765,HeroSpecializations.HeroSpecialization_2402.Name,The Sanguine,血気盛んな者
HeroSpecializations,7200394758045766,HeroSpecializations.HeroSpecialization_2403.Name,The Kingpin,闇の顔役
HeroSpecializations,7200394758045770,HeroSpecializations.HeroSpecialization_2601.Name,The Unstoppable,止められぬ者
HeroSpecializations,7200394758045771,HeroSpecializations.HeroSpecialization_2602.Name,The Bold,大胆なる者
HeroSpecializations,7200394758045772,HeroSpecializations.HeroSpecialization_2603.Name,The Intrepid,勇猛なる者
HeroSpecializations,7200394758045773,HeroSpecializations.HeroSpecialization_2701.Name,The Selfless,無私なる者
HeroSpecializations,7200394758045774,HeroSpecializations.HeroSpecialization_2702.Name,The Benevolent,慈愛なる者
HeroSpecializations,7200394758045775,HeroSpecializations.HeroSpecialization_2703.Name,The Radiant,光輝の者
HeroSpecializations,7200394758045701,HeroSpecializations.HeroSpecialization_301.Name,The Champion,王者
HeroSpecializations,7200394758045702,HeroSpecializations.HeroSpecialization_302.Name,The Brawler,喧嘩屋
HeroSpecializations,7200394758045703,HeroSpecializations.HeroSpecialization_303.Name,The Boxer,拳闘士
HeroSpecializations,7200394758045704,HeroSpecializations.HeroSpecialization_401.Name,The Shadow,影
HeroSpecializations,7200394758045705,HeroSpecializations.HeroSpecialization_402.Name,The Collector,収集家
HeroSpecializations,7200394758045706,HeroSpecializations.HeroSpecialization_403.Name,The Nightshade,夜の毒華
HeroSpecializations,7200394758045707,HeroSpecializations.HeroSpecialization_501.Name,The Cruel,冷酷なる者
HeroSpecializations,7200394758045708,HeroSpecializations.HeroSpecialization_502.Name,The Serpent's Kiss,蛇の口づけ
HeroSpecializations,7200394758045709,HeroSpecializations.HeroSpecialization_503.Name,The Bladedancer,剣舞の者
HeroSpecializations,7200394758045710,HeroSpecializations.HeroSpecialization_601.Name,The Crescendo,クレッシェンド
HeroSpecializations,7200394758045711,HeroSpecializations.HeroSpecialization_602.Name,The Resplendent,燦然たる者
HeroSpecializations,7200394758045712,HeroSpecializations.HeroSpecialization_603.Name,The Harmony,調和
HeroSpecializations,7200394758045713,HeroSpecializations.HeroSpecialization_701.Name,The Keen-Eyed,慧眼の者
HeroSpecializations,7200394758045714,HeroSpecializations.HeroSpecialization_702.Name,The Wild,野生の者
HeroSpecializations,7200394758045715,HeroSpecializations.HeroSpecialization_703.Name,The Spark,火花
HeroSpecializations,7200394758045716,HeroSpecializations.HeroSpecialization_801.Name,The Bloomer,花開く者
HeroSpecializations,7200394758045717,HeroSpecializations.HeroSpecialization_802.Name,The Fae's Kiss,妖精の口づけ
HeroSpecializations,7200394758045718,HeroSpecializations.HeroSpecialization_803.Name,The Earth's Child,大地の子
HeroSpecializations,7200394758045719,HeroSpecializations.HeroSpecialization_901.Name,The Dealer,取引人
HeroSpecializations,7200394758045720,HeroSpecializations.HeroSpecialization_902.Name,The Executive,重役
HeroSpecializations,7200394758045721,HeroSpecializations.HeroSpecialization_903.Name,The Hoarder,溜め込み屋
Heroes,11913048047206400,Heroes.Hero_1.Name,Irini,イリニ
Heroes,11913048068177928,Heroes.Hero_10.Name,Fiona,フィオナ
Heroes,11913048068177929,Heroes.Hero_11.Name,Rowan,ローワン
Heroes,11913048068177930,Heroes.Hero_12.Name,Skorn,スコルン
Heroes,11913048068177931,Heroes.Hero_13.Name,Logan,ローガン
Heroes,11913048068177932,Heroes.Hero_14.Name,Funke,フンケ
Heroes,11913048068177933,Heroes.Hero_15.Name,Tilly,ティリー
Heroes,11913048068177934,Heroes.Hero_16.Name,Gustav,グスタフ
Heroes,11913048068177935,Heroes.Hero_17.Name,Ratna,ラトナ
Heroes,11913048068177936,Heroes.Hero_18.Name,Rip,リップ
Heroes,11913048068177920,Heroes.Hero_2.Name,Hoyoung,ホヨン
Heroes,11913048068177938,Heroes.Hero_20.Name,Karsu,カルス
Heroes,11913048068177939,Heroes.Hero_21.Name,Ming,ミン
Heroes,11913048068177940,Heroes.Hero_22.Name,Pimenta,ピメンタ
Heroes,11913048068177941,Heroes.Hero_23.Name,Sal,サウ
Heroes,11913048068177942,Heroes.Hero_24.Name,Dragomir,ドラゴミール
Heroes,11913048068177944,Heroes.Hero_26.Name,Kai,カイ
Heroes,11913048068177945,Heroes.Hero_27.Name,Grace,グレイス
Heroes,11913048068177921,Heroes.Hero_3.Name,Reyna,レイナ
Heroes,11913048068177922,Heroes.Hero_4.Name,Yuuna,ユウナ
Heroes,11913048068177923,Heroes.Hero_5.Name,Zuri,ズーリ
Heroes,11913048068177924,Heroes.Hero_6.Name,Aria,アリア
Heroes,11913048068177925,Heroes.Hero_7.Name,Nyx,ニュクス
Heroes,11913048068177926,Heroes.Hero_8.Name,Pollen,ポーレン
Heroes,11913048068177927,Heroes.Hero_9.Name,Niklas,ニクラス
Items,11913039159476224,Items.Item_101.Name,Hammer,ハンマー
Items,11913039180447744,Items.Item_102.Name,Gauntlet,ガントレット
Items,11913039180447745,Items.Item_103.Name,Bloodfang,ブラッドファング
Items,11913039180447746,Items.Item_104.Name,Tome,魔導書
Items,11913039180447747,Items.Item_105.Name,Charm,護符
Items,11913039180447748,Items.Item_106.Name,Runestone,ルーンストーン
Items,11913039180447749,Items.Item_107.Name,Flask,フラスコ
Items,11913039180447750,Items.Item_108.Name,Orb,オーブ
Items,11913039180447751,Items.Item_109.Name,Amulet,アミュレット
Items,11913039180447752,Items.Item_110.Name,Bulwark,大盾
Items,11913039180447856,Items.Item_1102.Description,Gain {0} Omnivamp.,オムニヴァンプ+{0}。
Items,11913039180447855,Items.Item_1102.Name,Vampire Cape 2,吸血鬼のケープ 2
Items,11913039180447858,Items.Item_1103.Description,Gain {0} Omnivamp.,オムニヴァンプ+{0}。
Items,11913039180447857,Items.Item_1103.Name,Vampire Cape 3,吸血鬼のケープ 3
Items,11913039180447753,Items.Item_111.Name,Chain Mail,チェインメイル
Items,11913039180447754,Items.Item_112.Name,Aegis,イージス
Items,11913039180447755,Items.Item_113.Name,Belt,ベルト
Items,11913039180447756,Items.Item_114.Name,Robes,ローブ
Items,11913039180447757,Items.Item_115.Name,Leather Vest,革のベスト
Items,11913039180447758,Items.Item_116.Name,Dagger,ダガー
Items,11913039180447759,Items.Item_117.Name,Quiver,矢筒
Items,11913039180447760,Items.Item_118.Name,Boots,ブーツ
Items,11913039180447761,Items.Item_119.Name,Gem,宝石
Items,11913039180447762,Items.Item_120.Name,Fang,牙
Items,11913039180447860,Items.Item_1201.Description,Gain {0} Damage Amp.,ダメージ増幅+{0}。
Items,11913039180447859,Items.Item_1201.Name,Booster 1,ブースター 1
Items,11913039180447862,Items.Item_1202.Description,Gain {0} Damage Amp.,ダメージ増幅+{0}。
Items,11913039180447861,Items.Item_1202.Name,Booster 2,ブースター 2
Items,11913039180447864,Items.Item_1203.Description,Gain {0} Damage Amp.,ダメージ増幅+{0}。
Items,11913039180447863,Items.Item_1203.Name,Booster 3,ブースター 3
Items,11913039180447763,Items.Item_121.Name,Blade,刃
Items,11913039180447764,Items.Item_122.Name,Crystal,結晶
Items,11913039180447765,Items.Item_123.Name,Chalice,聖杯
Items,11913039180447766,Items.Item_124.Name,Salve,軟膏
Items,11913039180447767,Items.Item_125.Name,Sigil,印章
Items,11913039180447866,Items.Item_1301.Description,Gain {0} Starting Mana.,開始時マナ+{0}。
Items,11913039180447865,Items.Item_1301.Name,Mana Box 1,マナボックス 1
Items,11913039180447868,Items.Item_1302.Description,Gain {0} Starting Mana.,開始時マナ+{0}。
Items,11913039180447867,Items.Item_1302.Name,Mana Box 2,マナボックス 2
Items,11913039180447870,Items.Item_1303.Description,Gain {0} Starting Mana.,開始時マナ+{0}。
Items,11913039180447869,Items.Item_1303.Name,Mana Box 3,マナボックス 3
Items,11913039180447872,Items.Item_1304.Description,Gain {0} HP.,HP+{0}。
Items,11913039180447871,Items.Item_1304.Name,Test HP Max,テスト：最大HP
Items,11913039180447874,Items.Item_1305.Description,Gain {0} starting mana.,開始時マナ+{0}。
Items,11913039180447873,Items.Item_1305.Name,Test Starting Mana,テスト：開始時マナ
Items,11913039180447876,Items.Item_1306.Description,Gain {0} mana regen.,マナ回復+{0}。
Items,11913039180447875,Items.Item_1306.Name,Test Ability Spam,テスト：アビリティ連発
Items,11913039180447818,Items.Item_301.Name,Big Blade,大型の刃
Items,11913039180447819,Items.Item_302.Name,Big Scepter,大型の王笏
Items,11913039180447820,Items.Item_303.Name,Big Amulet,大型のアミュレット
Items,11913039180447821,Items.Item_304.Name,Big Shield,大型の盾
Items,11913039180447822,Items.Item_305.Name,Big Vest,大型のベスト
Items,11913039180447823,Items.Item_306.Name,Big Bow,大型の弓
Items,11913039180447824,Items.Item_307.Name,Big Shiv,大型の小刀
Items,11913039180447826,Items.Item_308.Description,"If this item is held by a [Warrior]<warrior>, double its stats.",[ウォリアー]<warrior>が装備すると、このアイテムのステータスが2倍になる。
Items,11913039180447825,Items.Item_308.Name,Warrior's Sword,ウォリアーの剣
Items,11913039180447828,Items.Item_309.Description,"If this item is held by a [Warrior]<warrior>, double its stats.",[ウォリアー]<warrior>が装備すると、このアイテムのステータスが2倍になる。
Items,11913039180447827,Items.Item_309.Name,Warrior's Bow,ウォリアーの弓
Items,11913039180447830,Items.Item_310.Description,"If this item is held by a [Tank]<tank>, double its stats.",[タンク]<tank>が装備すると、このアイテムのステータスが2倍になる。
Items,11913039180447829,Items.Item_310.Name,Tank's Buckler,タンクのバックラー
Items,11913039180447832,Items.Item_311.Description,"If this item is held by a [Tank]<tank>, double its stats.",[タンク]<tank>が装備すると、このアイテムのステータスが2倍になる。
Items,11913039180447831,Items.Item_311.Name,Tank's Cape,タンクのケープ
Items,11913039180447834,Items.Item_312.Description,"If this item is held by a [Vanguard]<vanguard>, double its stats.",[ヴァンガード]<vanguard>が装備すると、このアイテムのステータスが2倍になる。
Items,11913039180447833,Items.Item_312.Name,Vanguard's Buckler,ヴァンガードのバックラー
Items,11913039180447836,Items.Item_313.Description,"If this item is held by a [Vanguard]<vanguard>, double its stats.",[ヴァンガード]<vanguard>が装備すると、このアイテムのステータスが2倍になる。
Items,11913039180447835,Items.Item_313.Name,Vanguard's Sword,ヴァンガードの剣
Items,11913039180447838,Items.Item_314.Description,"If this item is held by an [Assassin]<assassin>, double its stats.",[アサシン]<assassin>が装備すると、このアイテムのステータスが2倍になる。
Items,11913039180447837,Items.Item_314.Name,Assassin's Blade,アサシンの刃
Items,11913039180447840,Items.Item_315.Description,"If this item is held by an [Assassin]<assassin>, double its stats.",[アサシン]<assassin>が装備すると、このアイテムのステータスが2倍になる。
Items,11913039180447839,Items.Item_315.Name,Assassin's Tome,アサシンの魔導書
Items,11913039180447842,Items.Item_316.Description,"If this item is held by a [Duelist]<duelist>, double its stats.",[デュエリスト]<duelist>が装備すると、このアイテムのステータスが2倍になる。
Items,11913039180447841,Items.Item_316.Name,Duelist's Bow,デュエリストの弓
Items,11913039180447844,Items.Item_317.Description,"If this item is held by a [Duelist]<duelist>, double its stats.",[デュエリスト]<duelist>が装備すると、このアイテムのステータスが2倍になる。
Items,11913039180447843,Items.Item_317.Name,Duelist's Vest,デュエリストのベスト
Items,11913039180447846,Items.Item_318.Description,"If this item is held by a [Mystic]<mystic>, double its stats.",[ミスティック]<mystic>が装備すると、このアイテムのステータスが2倍になる。
Items,11913039180447845,Items.Item_318.Name,Mystic's Staff,ミスティックの杖
Items,11913039180447848,Items.Item_319.Description,"If this item is held by a [Mystic]<mystic>, double its stats.",[ミスティック]<mystic>が装備すると、このアイテムのステータスが2倍になる。
Items,11913039180447847,Items.Item_319.Name,Mystic's Tome,ミスティックの魔導書
Items,11913039180447850,Items.Item_320.Description,"If this item is held by a [Mage]<mage>, double its stats.",[メイジ]<mage>が装備すると、このアイテムのステータスが2倍になる。
Items,11913039180447849,Items.Item_320.Name,Mage's Staff,メイジの杖
Items,11913039180447852,Items.Item_321.Description,"If this item is held by a [Mage]<mage>, double its stats.",[メイジ]<mage>が装備すると、このアイテムのステータスが2倍になる。
Items,11913039180447851,Items.Item_321.Name,Mage's Tome,メイジの魔導書
Items,55685048291024896,Items.Item_400.Description,"On [Crit,]<crit> inflict [{0} Poison]<poison>.",[クリティカル時、]<crit>[毒を{0}]<poison>付与する。
Items,55685048240693248,Items.Item_400.Name,Toxic Shiv,猛毒の小刀
Items,55685048291024898,Items.Item_401.Description,"Every {0} times the holder is [auto attacked,]<bold> inflict [{1} Poison]<poison> on the attacker.",装備者が[通常攻撃を{0}回受けるたび、]<bold>攻撃者に[毒を{1}]<poison>付与する。
Items,55685048291024897,Items.Item_401.Name,Toxic Gauntlet,猛毒のガントレット
Items,55685048291024899,Items.Item_402.Name,Toxic Ring,猛毒の指輪
Items,65024537296240640,Items.Item_402.QuestDescription,Inflict [{0} Poison]<poison>.,[毒を合計{0}]<poison>付与する。
Items,65024537346572288,Items.Item_402.QuestRewardDescription,Gain [{0} Shards]<shard>.,[シャードを{0}]<shard>獲得する。
Items,55685048291024901,Items.Item_403.Description,"On [cast,]<bold> inflict [{0} Frost]<frost> on the nearest enemy.",[アクティブアビリティ発動時、]<bold>最も近い敵に[凍気を{0}]<frost>付与する。
Items,55685048291024900,Items.Item_403.Name,Freezing Tome,凍気の魔導書
Items,55685048291024903,Items.Item_404.Description,"Every {0} times the holder is [auto attacked,]<bold> inflict [{1} Frost]<frost> on the attacker.",装備者が[通常攻撃を{0}回受けるたび、]<bold>攻撃者に[凍気を{1}]<frost>付与する。
Items,55685048291024902,Items.Item_404.Name,Freezing Gauntlet,凍気のガントレット
Items,55685048291024904,Items.Item_405.Name,Freezing Ring,凍気の指輪
Items,65024537346572289,Items.Item_405.QuestDescription,Inflict [{0} Frost]<frost>.,[凍気を合計{0}]<frost>付与する。
Items,65024537346572290,Items.Item_405.QuestRewardDescription,Gain [{0} Shards]<shard>.,[シャードを{0}]<shard>獲得する。
Items,55685048291024906,Items.Item_406.Description,"On [cast,]<bold> inflict [{0} Burn]<burn> on the nearest enemy.",[アクティブアビリティ発動時、]<bold>最も近い敵に[炎上を{0}]<burn>付与する。
Items,55685048291024905,Items.Item_406.Name,Searing Tome,灼熱の魔導書
Items,55685048291024908,Items.Item_407.Description,"Whenever the holder is [auto attacked,]<bold> inflict [{0} Burn]<burn> on the attacker.",装備者が[通常攻撃を受けるたび、]<bold>攻撃者に[炎上を{0}]<burn>付与する。
Items,55685048291024907,Items.Item_407.Name,Searing Vest,灼熱のベスト
Items,55685048291024909,Items.Item_408.Name,Searing Ring,灼熱の指輪
Items,65024537346572291,Items.Item_408.QuestDescription,Inflict [{0} Burn]<burn>.,[炎上を合計{0}]<burn>付与する。
Items,65024537346572292,Items.Item_408.QuestRewardDescription,Gain [{0} Shards]<shard>.,[シャードを{0}]<shard>獲得する。
Items,55685048291024911,Items.Item_409.Description,"Whenever the holder [inflicts a Debuff,]<debuff> inflict {0} more.",装備者が[デバフを付与するたび、]<debuff>付与量が{0}増える。
Items,55685048291024910,Items.Item_409.Name,Infectious Bow,伝染の弓
Items,55685048291024913,Items.Item_410.Description,"Whenever the holder [inflicts a Debuff,]<debuff> inflict {0} more.",装備者が[デバフを付与するたび、]<debuff>付与量が{0}増える。
Items,55685048291024912,Items.Item_410.Name,Infectious Gauntlet,伝染のガントレット
Items,55685048291024914,Items.Item_411.Name,Infectious Ring,伝染の指輪
Items,65024537346572293,Items.Item_411.QuestDescription,Inflict [{0} Debuffs]<debuff>.,[デバフを合計{0}]<debuff>付与する。
Items,65024537346572294,Items.Item_411.QuestRewardDescription,Gain [{0} Shards]<shard>.,[シャードを{0}]<shard>獲得する。
Items,55685048291024916,Items.Item_412.Description,Gain [{0} Crit]<crit> and [{1} Mana Regen]<manaregen> while [Shielded]<shield>.,[シールド中、]<shield>[クリティカル+{0}]<crit>、[マナ回復+{1}]<manaregen>。
Items,55685048291024915,Items.Item_412.Name,Shielding Flask,守護のフラスコ
Items,55685048291024918,Items.Item_413.Description,"At [start of combat,]<bold> gain [{0} Shields]<shield>.",[戦闘開始時、]<bold>[シールドを{0}]<shield>獲得する。
Items,55685048291024917,Items.Item_413.Name,Shielding Vest,守護のベスト
Items,55685048291024919,Items.Item_414.Name,Shielding Ring,守護の指輪
Items,65024537346572295,Items.Item_414.QuestDescription,Apply [{0} Shields]<shield>.,[シールドを合計{0}]<shield>付与する。
Items,65024537346572296,Items.Item_414.QuestRewardDescription,Gain [{0} Shards]<shard>.,[シャードを{0}]<shard>獲得する。
Items,55685048291024921,Items.Item_415.Description,"On [Rush]<rush> trigger, gain [{0} Attack Speed]<attackspeed> and [{1} Attack]<attack>.",[速攻]<rush>発動時、[攻撃速度+{0}]<attackspeed>、[攻撃力+{1}]<attack>。
Items,55685048291024920,Items.Item_415.Name,Hasty Sword,迅速の剣
Items,55685048291024923,Items.Item_416.Description,"On [Rush]<rush> trigger, gain [{0} Shields]<shield>.",[速攻]<rush>発動時、[シールドを{0}]<shield>獲得する。
Items,55685048291024922,Items.Item_416.Name,Hasty Vest,迅速のベスト
Items,55685048291024924,Items.Item_417.Name,Hasty Ring,迅速の指輪
Items,65024537346572297,Items.Item_417.QuestDescription,Trigger [Rush]<rush> {0} times from any source.,任意の効果で[速攻]<rush>を{0}回発動する。
Items,65024537346572298,Items.Item_417.QuestRewardDescription,The holder's [Rush]<rush> abilities last {0} seconds longer.,装備者の[速攻]<rush>アビリティの持続時間+{0}秒。
Items,55685048291024926,Items.Item_418.Description,"On [Stall]<stall> trigger, gain [{0} Attack Speed]<attackspeed> and [{1} Magic]<magic>.",[忍耐]<stall>発動時、[攻撃速度+{0}]<attackspeed>、[魔力+{1}]<magic>。
Items,55685048291024925,Items.Item_418.Name,Patient Flask,忍耐のフラスコ
Items,55685048291024928,Items.Item_419.Description,"On [Stall]<stall> trigger, [heal {0}]<heal>.",[忍耐]<stall>発動時、[HPを{0}回復]<heal>する。
Items,55685048291024927,Items.Item_419.Name,Patient Gauntlet,忍耐のガントレット
Items,55685048291024929,Items.Item_420.Name,Patient Ring,忍耐の指輪
Items,65024537346572299,Items.Item_420.QuestDescription,Trigger [Stall]<stall> {0} times from any source.,任意の効果で[忍耐]<stall>を{0}回発動する。
Items,65024537346572300,Items.Item_420.QuestRewardDescription,The holder's [Stall]<stall> abilities trigger {0} seconds faster.,装備者の[忍耐]<stall>アビリティが{0}秒早く発動する。
Items,55685048291024931,Items.Item_421.Description,"On [Shards]<shard> [generated,]<generate> deal [{0} damage]<damage> to all enemies.",[シャード]<shard>[生成時、]<generate>敵全体に[{0}ダメージ]<damage>を与える。
Items,55685048291024930,Items.Item_421.Name,Greedy Shiv,強欲の小刀
Items,55685048291024933,Items.Item_422.Description,"On [Shards]<shard> [generated,]<generate> give all Heroes [{0} Shields]<shield>.",[シャード]<shard>[生成時、]<generate>味方全員に[シールドを{0}]<shield>付与する。
Items,55685048291024932,Items.Item_422.Name,Greedy Gauntlet,強欲のガントレット
Items,55685048291024934,Items.Item_423.Name,Greedy Ring,強欲の指輪
Items,65024537346572301,Items.Item_423.QuestDescription,[Generate]<generate> [{0} Shards]<shard> from any source.,任意の効果で[シャードを合計{0}]<shard>[生成する。]<generate>
Items,65024537346572302,Items.Item_423.QuestRewardDescription,"At [start of combat,]<bold> gain [{0} Shard]<shard>.",[戦闘開始時、]<bold>[シャードを{0}]<shard>獲得する。
Items,54863214927282176,Items.Item_500.Name,Zeus's Thunder,ゼウスの雷霆
Items,65024537346572303,Items.Item_500.QuestDescription,Attack {0} times. The holder must be Irini.,イリニに装備させ、通常攻撃を{0}回行う。
Items,65024537346572304,Items.Item_500.QuestRewardDescription,"On [auto attack,]<bold> deal [bonus damage]<damage> to all enemies equal to [{0}% of the holder's Attack Speed]<attackspeed>.",[通常攻撃時、]<bold>敵全体に、装備者の[攻撃速度の{0}%]<attackspeed>に等しい[追加ダメージ]<damage>を与える。
Items,11913039180447853,Items.Item_501.Name,Rift Seal,リフトシール
Items,60365405317750784,Items.Item_502.Description,"When this item is [destroyed,]<bold> permanently give the holder a large amount of [primary stats]<primarystat> for each of their classes.

When the holder [survives combat,]<bold> destroy this item.","このアイテムが[破壊されたとき、]<bold>装備者が持つ各クラスの[主要ステータス]<primarystat>を恒久的に大きく増加させる。

装備者が[戦闘を生き延びたとき、]<bold>このアイテムを破壊する。"
Items,60365405108035584,Items.Item_502.Name,Power Crystal,力の結晶
Items,62547274910130176,Items.Item_503.DataTrackingDescription,[Combats Survived:]<bold> [{0}]<datatracking>,[生存した戦闘数：]<bold> [{0}]<datatracking>
Items,60365405317750786,Items.Item_503.Description,"When this item is [destroyed,]<bold> permanently give the holder a very large amount of [primary stats]<primarystat> for each of their classes.

When the holder [survives combat,]<bold> destroy this item if it has survived {0} combats.","このアイテムが[破壊されたとき、]<bold>装備者が持つ各クラスの[主要ステータス]<primarystat>を恒久的に大幅増加させる。

装備者が[戦闘を生き延びたとき、]<bold>生存回数が{0}回に達していれば、このアイテムを破壊する。"
Items,60365405317750785,Items.Item_503.Name,Large Power Crystal,大いなる力の結晶
Items,62548323804897280,Items.Item_504.DataTrackingDescription,[Times Used:]<bold> [{0}]<datatracking>,[使用回数：]<bold> [{0}]<datatracking>
Items,62547274910130178,Items.Item_504.Description,"At [start of combat,]<bold> give the holder and adjacent Heroes [{0} Defense]<defense> and [{1} Max HP]<maxhp>.

At [end of combat,]<bold> destroy this item if it has been used {2} times.","[戦闘開始時、]<bold>装備者自身と、その隣にいるヒーローの[防御力+{0}]<defense>、[最大HP+{1}]<maxhp>。

[戦闘終了時、]<bold>使用回数が{2}回に達していれば、このアイテムを破壊する。"
Items,62547274910130177,Items.Item_504.Name,Protection Crystal,守護の結晶
Items,62548323804897281,Items.Item_505.DataTrackingDescription,[Times Used:]<bold> [{0}]<datatracking>,[使用回数：]<bold> [{0}]<datatracking>
Items,62547274910130180,Items.Item_505.Description,"At [start of combat,]<bold> give the holder and adjacent Heroes [{0} Attack Speed]<attackspeed> and [{1} Crit]<crit>.

At [end of combat,]<bold> destroy this item if it has been used {2} times.","[戦闘開始時、]<bold>装備者自身と、その隣にいるヒーローの[攻撃速度+{0}]<attackspeed>、[クリティカル+{1}]<crit>。

[戦闘終了時、]<bold>使用回数が{2}回に達していれば、このアイテムを破壊する。"
Items,62547274910130179,Items.Item_505.Name,Force Crystal,武威の結晶
Items,47347263025577985,Items.Item_601.DataTrackingDescription,[Bonus]<bold> [Attack:]<attack> [{0}]<datatracking>,[追加]<bold>[攻撃力：]<attack> [{0}]<datatracking>
Items,47347263025577984,Items.Item_601.Description,"On [combat survival,]<bold> if held by a [Warrior]<warrior> this item gains [{0} Attack]<attack>.",[戦闘を生き延びたとき、]<bold>[ウォリアー]<warrior>が装備していれば、このアイテムの[攻撃力+{0}]<attack>。
Items,21745534080106496,Items.Item_601.Name,Warrior's Greataxe,ウォリアーの大斧
Items,47347263025577986,Items.Item_602.DataTrackingDescription,[Bonus]<bold> [Defense:]<defense> [{0}]<datatracking>,[追加]<bold>[防御力：]<defense> [{0}]<datatracking>
Items,21745534101078017,Items.Item_602.Description,"On [Stall]<stall> [trigger,]<bold> if held by a [Tank]<tank> this item gains [{0} Defense]<defense>.",[忍耐]<stall>[発動時、]<bold>[タンク]<tank>が装備していれば、このアイテムの[防御力+{0}]<defense>。
Items,47331241723822080,Items.Item_602.Name,Tank's Tower Shield,タンクのタワーシールド
Items,47347263025577987,Items.Item_603.DataTrackingDescription,[Bonus]<bold> [Max HP:]<maxhp> [{0}]<datatracking>,[追加]<bold>[最大HP：]<maxhp> [{0}]<datatracking>
Items,47331241723822081,Items.Item_603.Description,"On [Rush]<rush> [trigger,]<bold> if held by a [Vanguard]<vanguard> this item gains [{0} Max HP]<maxhp>.",[速攻]<rush>[発動時、]<bold>[ヴァンガード]<vanguard>が装備していれば、このアイテムの[最大HP+{0}]<maxhp>。
Items,21745534101078018,Items.Item_603.Name,Vanguard's Bracelet,ヴァンガードの腕輪
Items,47347263025577988,Items.Item_604.DataTrackingDescription,[Bonus]<bold> [Crit:]<crit> [{0}]<datatracking>,[追加]<bold>[クリティカル：]<crit> [{0}]<datatracking>
Items,21745534101078020,Items.Item_604.Description,"[On kill,]<bold> if held by an [Assassin]<assassin> this item gains [{0} Crit]<crit>.",[敵撃破時、]<bold>[アサシン]<assassin>が装備していれば、このアイテムの[クリティカル+{0}]<crit>。
Items,21745534101078019,Items.Item_604.Name,Assassin's Hood,アサシンの頭巾
Items,47347263025577989,Items.Item_605.DataTrackingDescription,[Bonus]<bold> [Attack Speed:]<attackspeed> [{0}]<datatracking>,[追加]<bold>[攻撃速度：]<attackspeed> [{0}]<datatracking>
Items,21745534101078021,Items.Item_605.Description,"[Every {0} auto attacks,]<bold> if held by a [Duelist]<duelist> this item gains [{1} Attack Speed]<attackspeed>.",[通常攻撃{0}回ごとに、]<bold>[デュエリスト]<duelist>が装備していれば、このアイテムの[攻撃速度+{1}]<attackspeed>。
Items,47331241723822082,Items.Item_605.Name,Duelist's Foil,デュエリストの細剣
Items,21745534101078016,Items.Item_606.DataTrackingDescription,[Bonus]<bold> [Magic:]<magic> [{0}]<datatracking>,[追加]<bold>[魔力：]<magic> [{0}]<datatracking>
Items,47331241723822083,Items.Item_606.Description,"On [active ability kill,]<bold> if held by a [Mage]<mage> this item gains [{0} Magic]<magic>.",[アクティブアビリティで敵を倒したとき、]<bold>[メイジ]<mage>が装備していれば、このアイテムの[魔力+{0}]<magic>。
Items,21745534101078022,Items.Item_606.Name,Mage's Wand,メイジのワンド
Items,46193771615485957,Items.Item_607.DataTrackingDescription,[Bonus]<bold> [Mana Regen:]<manaregen> [{0}]<datatracking>,[追加]<bold>[マナ回復：]<manaregen> [{0}]<datatracking>
Items,21745534101078024,Items.Item_607.Description,"[Every {0} casts,]<bold> if held by a [Mystic]<mystic> this item gains [{1} Mana Regen]<manaregen>.",[アビリティを{0}回発動するたび、]<bold>[ミスティック]<mystic>が装備していれば、このアイテムの[マナ回復+{1}]<manaregen>。
Items,21745534101078023,Items.Item_607.Name,Mystic's Orb,ミスティックのオーブ
Items,47331212338528256,Items.Item_608.DataTrackingDescription,[Shards]<shard> [Generated:]<generate> [{0}]<datatracking>,[シャード]<shard>の[生成数：]<generate> [{0}]<datatracking>
Items,21745534101078026,Items.Item_608.Description,"On [kill,]<bold> gain [{0} Shards]<shard>.",[敵撃破時、]<bold>[シャードを{0}]<shard>獲得する。
Items,21745534101078025,Items.Item_608.Name,Thief's Dagger,盗賊のダガー
Items,47331212393054208,Items.Item_609.DataTrackingDescription,[Shards]<shard> [Generated:]<generate> [{0}]<datatracking>,[シャード]<shard>の[生成数：]<generate> [{0}]<datatracking>
Items,21745534101078028,Items.Item_609.Description,"After [Stall ({0}),]<stall> gain [{1} Shards]<shard>.",[忍耐（{0}）]<stall>後、[シャードを{1}]<shard>獲得する。
Items,21745534101078027,Items.Item_609.Name,Golden Helmet,黄金の兜
Items,21745534101078029,Items.Item_610.Name,Merchant's Scroll,商人の巻物
Items,65024537346572305,Items.Item_610.QuestDescription,Win a combat with [{0} or more Shards]<shard> or more in the bank.,[シャードを{0}以上]<shard>所持した状態で戦闘に勝利する。
Items,65024537346572306,Items.Item_610.QuestRewardDescription,The holder's active abilities gain [{0} Crit]<crit>.,装備者のアクティブアビリティに[クリティカル+{0}]<crit>。
Items,21745534101078030,Items.Item_611.Name,Cleric's Scroll,聖職者の巻物
Items,65024537346572307,Items.Item_611.QuestDescription,Apply [{0} Shields]<shield>.,[シールドを合計{0}]<shield>付与する。
Items,65024537346572308,Items.Item_611.QuestRewardDescription,"After [Stall ({0}),]<stall> remove [{1}% of all Debuffs]<debuff> from all Heroes.",[忍耐（{0}）]<stall>後、味方全員から[すべてのデバフを{1}%]<debuff>解除する。
Items,21745534101078033,Items.Item_612.DataTrackingDescription,[Shards]<shard> [Generated:]<generate> [globalShardsGenerated]<globaldatatracking>,[シャード]<shard>[生成数：]<generate> [globalShardsGenerated]<globaldatatracking>
Items,21745534101078032,Items.Item_612.Description,Gain [{0} Attack]<attack> per [{1} Shards]<shard> [generated]<generate> this game.,このラン中に[生成した]<generate>[シャード{1}]<shard>ごとに[攻撃力+{0}]<attack>。
Items,21745534101078031,Items.Item_612.Name,Brawler's Ledger,喧嘩屋の台帳
Items,21745534101078036,Items.Item_613.DataTrackingDescription,[Shards]<shard> [Generated:]<generate> [globalShardsGenerated]<globaldatatracking>,[シャード]<shard>[生成数：]<generate> [globalShardsGenerated]<globaldatatracking>
Items,21745534101078035,Items.Item_613.Description,Gain [{0} Magic]<magic> per [{1} Shards]<shard> [generated]<generate> this game.,このラン中に[生成した]<generate>[シャード{1}]<shard>ごとに[魔力+{0}]<magic>。
Items,21745534101078034,Items.Item_613.Name,Magician's Ledger,魔術師の台帳
Items,21745534101078037,Items.Item_614.Description,"On [auto attack,]<bold> inflict [{0} Burn]<burn>.",[通常攻撃時、]<bold>[炎上を{0}]<burn>付与する。
Items,47331241740599296,Items.Item_614.Name,Searing Lance,灼熱の槍
Items,21745534101078038,Items.Item_615.Name,Searing Contract,灼熱の契約書
Items,65024537346572309,Items.Item_615.QuestDescription,Inflict [{0} Burn]<burn>.,[炎上を合計{0}]<burn>付与する。
Items,65024537346572310,Items.Item_615.QuestRewardDescription,"Whenever the holder inflicts [Burn,]<burn> inflict {0}% more.",装備者が[炎上]<burn>を付与するとき、付与量が{0}%増える。
Items,21745534101078039,Items.Item_616.Description,"On [cast,]<bold> inflict [{0} Frost]<frost> on the nearest enemy.",[アクティブアビリティ発動時、]<bold>最も近い敵に[凍気を{0}]<frost>付与する。
Items,47331241740599297,Items.Item_616.Name,Freezing Wand,凍気のワンド
Items,21745534101078040,Items.Item_617.Name,Freezing Contract,凍気の契約書
Items,65024537346572311,Items.Item_617.QuestDescription,Inflict [{0} Frost]<frost>.,[凍気を合計{0}]<frost>付与する。
Items,65024537346572312,Items.Item_617.QuestRewardDescription,"Whenever the holder inflicts [Frost,]<frost> inflict {0}% more.",装備者が[凍気]<frost>を付与するとき、付与量が{0}%増える。
Items,21745534101078042,Items.Item_618.Description,"On [Crit,]<crit> inflict [{0} Poison]<poison>.",[クリティカル時、]<crit>[毒を{0}]<poison>付与する。
Items,21745534101078041,Items.Item_618.Name,Toxic Dart,猛毒の投げ矢
Items,21745534101078043,Items.Item_619.Name,Toxic Contract,猛毒の契約書
Items,65024537346572313,Items.Item_619.QuestDescription,Inflict [{0} Poison]<poison>.,[毒を合計{0}]<poison>付与する。
Items,65024537346572314,Items.Item_619.QuestRewardDescription,"Whenever the holder inflicts [Poison,]<poison> inflict {0}% more.",装備者が[毒]<poison>を付与するとき、付与量が{0}%増える。
Items,21745534101078045,Items.Item_620.Description,"At [start of combat,]<bold> the holder gains a [Shield]<shield> equal to [{0}% of their Defense]<defense>.",[戦闘開始時、]<bold>装備者が自身の[防御力の{0}%]<defense>に等しい[シールド]<shield>を獲得する。
Items,21745534101078044,Items.Item_620.Name,Runic Buckler,ルーンのバックラー
Items,21745534101078046,Items.Item_621.Name,Spiked Plate,棘つき板金鎧
Items,65024537346572315,Items.Item_621.QuestDescription,Take [{0} Shield]<shield> damage.,[シールドに合計{0}ダメージ]<shield>を受ける。
Items,65024537346572316,Items.Item_621.QuestRewardDescription,Reflect {0}% of [Shield]<shield> damage taken back to the source.,受けた[シールド]<shield>ダメージの{0}%を攻撃元へ反射する。
Items,21745534101078048,Items.Item_622.Description,"After [Stall ({0}),]<stall> gain [Stealth]<stealth> for {1} seconds.",[忍耐（{0}）]<stall>後、{1}秒間[ステルス]<stealth>を得る。
Items,21745534101078047,Items.Item_622.Name,Onyx Gem,オニキスの宝石
Items,21745534101078049,Items.Item_623.Name,Accuracy Contract,必中の契約書
Items,65024537346572317,Items.Item_623.QuestDescription,[Crit]<crit> {0} times.,[クリティカル]<crit>を{0}回発生させる。
Items,65024537346572318,Items.Item_623.QuestRewardDescription,Gain [{0} Shards]<shard>.,[シャードを{0}]<shard>獲得する。
Items,21745534101078051,Items.Item_624.Description,"After [Stall ({0}),]<stall> gain [+{1}% Max HP]<maxhp> and grow in size.",[忍耐（{0}）]<stall>後、[最大HP+{1}%]<maxhp>。さらに体が大きくなる。
Items,21745534101078050,Items.Item_624.Name,Enlarging Vest,膨張のベスト
Items,21745534101078053,Items.Item_625.Description,The holder's [Stall]<stall> abilities trigger {0} seconds sooner.,装備者の[忍耐]<stall>アビリティが{0}秒早く発動する。
Items,21745534101078052,Items.Item_625.Name,Eye of Patience,忍耐の瞳
Items,21745534101078054,Items.Item_626.Name,Hourglass,砂時計
Items,65024537346572319,Items.Item_626.QuestDescription,Trigger [Stall]<stall> {0} times from any source.,任意の効果で[忍耐]<stall>を{0}回発動する。
Items,65024537346572320,Items.Item_626.QuestRewardDescription,"After [Stall ({0}),]<stall> restore the holder to [{1}% Max HP]<maxhp> and give them [{2} Mana]<mana>.",[忍耐（{0}）]<stall>後、装備者のHPを[最大HPの{1}%]<maxhp>まで回復し、[マナを{2}]<mana>与える。
Items,21745534101078056,Items.Item_627.Description,"For [Rush ({0}),]<rush> gain [{1} Attack Speed]<attackspeed>.

Double the holder's [move speed]<movespeed>.","[速攻（{0}）]<rush>の間、[攻撃速度+{1}]<attackspeed>。

装備者の[移動速度]<movespeed>が2倍になる。"
Items,21745534101078055,Items.Item_627.Name,Nimble Boots,俊敏のブーツ
Items,21745534101078058,Items.Item_628.Description,The holder's [Rush]<rush> abilities last {0} seconds longer.,装備者の[速攻]<rush>アビリティの持続時間+{0}秒。
Items,21745534101078057,Items.Item_628.Name,Eye of Haste,迅速の瞳
Items,21745534101078059,Items.Item_629.Name,Viscera Collector,臓物収集器
Items,65024537346572321,Items.Item_629.QuestDescription,Trigger [Rush]<rush> {0} times from any source.,任意の効果で[速攻]<rush>を{0}回発動する。
Items,65024537346572322,Items.Item_629.QuestRewardDescription,"For [Rush ({0}),]<rush> the holder's auto attacks gain [{1} Crit]<crit>.",[速攻（{0}）]<rush>の間、装備者の通常攻撃に[クリティカル+{1}]<crit>。
Items,21745534101078061,Items.Item_630.Description,"At [start of combat,]<bold> if the holder is alone in the front row triple this item's stats.",[戦闘開始時、]<bold>装備者だけが前列にいる場合、このアイテムのステータスが3倍になる。
Items,21745534101078060,Items.Item_630.Name,Sentinel's Plate,番兵の板金鎧
Items,21745534101078063,Items.Item_631.Description,"At [start of combat,]<bold> if the holder is alone in the back row triple this item's stats.",[戦闘開始時、]<bold>装備者だけが後列にいる場合、このアイテムのステータスが3倍になる。
Items,21745534101078062,Items.Item_631.Name,Deadeye Hood,必中の頭巾
Items,21745534101078065,Items.Item_632.Description,"At [start of combat,]<bold> the holder and adjacent Heroes gain a [Shield]<shield> equal to {0}% of the holder's [Max HP]<maxhp>.",[戦闘開始時、]<bold>装備者自身と、その隣にいるヒーローが、装備者の[最大HP]<maxhp>の{0}%に等しい[シールド]<shield>を獲得する。
Items,21745534101078064,Items.Item_632.Name,Guardian's Lantern,守護者のランタン
Items,47383529528098816,Items.Item_633.DataTrackingDescription,[Max HP]<maxhp> Gained: [{0}]<datatracking>,[最大HP]<maxhp>増加量：[{0}]<datatracking>
Items,21745534101078067,Items.Item_633.Description,"At [start of combat,]<bold> if there is exactly one Hero in front of the holder they both permanently gain [{0} Max HP]<maxhp>.",[戦闘開始時、]<bold>装備者の前にヒーローがちょうど1人いる場合、両者の[最大HP+{0}]<maxhp>（恒久）。
Items,21745534101078066,Items.Item_633.Name,Squire's Helm,従者の兜
Items,47383529570041856,Items.Item_634.DataTrackingDescription,[Attack]<attack> Gained: [{0}]<datatracking>,[攻撃力]<attack>増加量：[{0}]<datatracking>
Items,21745534101078069,Items.Item_634.Description,"At [start of combat,]<bold> if there is exactly one Hero in front of the holder they both permanently gain [{0} Attack]<attack>.",[戦闘開始時、]<bold>装備者の前にヒーローがちょうど1人いる場合、両者の[攻撃力+{0}]<attack>（恒久）。
Items,21745534101078068,Items.Item_634.Name,Squire's Sword,従者の剣
Items,21745534101078071,Items.Item_635.Description,"On [cast,]<bold> gain [{0} Attack]<attack>.
On [auto attack,]<bold> gain [{1} Magic]<magic>.","[アクティブアビリティ発動時、]<bold>[攻撃力+{0}]<attack>。
[通常攻撃時、]<bold>[魔力+{1}]<magic>。"
Items,21745534101078070,Items.Item_635.Name,Spellblade,魔法剣
Items,21745534101078073,Items.Item_636.Description,"On [kill,]<bold> gain [{0} Mana]<mana>.
On [cast,]<bold> [heal]<heal> [{1}% Max HP]<maxhp>.","[敵撃破時、]<bold>[マナを{0}]<mana>獲得する。
[アクティブアビリティ発動時、]<bold>[最大HPの{1}%]<maxhp>を[回復]<heal>する。"
Items,21745534101078072,Items.Item_636.Name,Battlemage Robes,魔闘士のローブ
Items,21745534101078075,Items.Item_637.Description,"On [auto attack,]<bold> gain [{0} Max HP]<maxhp>.
When [auto attacked,]<bold> gain [{1} Attack]<attack>.","[通常攻撃時、]<bold>[最大HP+{0}]<maxhp>。
[通常攻撃を受けたとき、]<bold>[攻撃力+{1}]<attack>。"
Items,21745534101078074,Items.Item_637.Name,Bruiser's Mitts,荒くれ者のミトン
Items,21745534101078077,Items.Item_638.Description,Gain [{0} Crit]<crit> per {1}% missing [health]<maxhp> on the holder's target.,装備者の標的が失っている[HP]<maxhp>{1}%ごとに[クリティカル+{0}]<crit>。
Items,21745534101078076,Items.Item_638.Name,Executioner's Axe,処刑人の斧
Items,21745534101078079,Items.Item_639.Description,"On [cast,]<bold> gain [{0} Magic]<magic> per type of [Debuff]<debuff> on all enemies.",[アクティブアビリティ発動時、]<bold>敵全体に付与されている[デバフ]<debuff>の種類ごとに[魔力+{0}]<magic>。
Items,21745534101078078,Items.Item_639.Name,Plague Amulet,疫病のアミュレット
Items,21745534101078081,Items.Item_640.Description,"On [cast,]<bold> gain [{0} Mana Regen]<manaregen> and [{1} HP/S]<hp/s>.",[アクティブアビリティ発動時、]<bold>[マナ回復+{0}]<manaregen>、[秒間HP回復+{1}]<hp/s>。
Items,21745534101078080,Items.Item_640.Name,Emerald Charm,翠玉の護符
Items,21745534101078083,Items.Item_701.Description,"The holder counts as a [Warrior]<warrior> during combat. If they were already a [Warrior]<warrior>, they gain [+{0}% Attack]<attack>.",戦闘中、装備者を[ウォリアー]<warrior>として扱う。すでに[ウォリアー]<warrior>なら、[攻撃力+{0}%]<attack>。
Items,21745534101078082,Items.Item_701.Name,Warrior's Glyph,ウォリアーの符印
Items,21745534101078085,Items.Item_702.Description,"The holder counts as a [Tank]<tank> during combat. If they were already a [Tank]<tank>, they gain [+{0}% Defense]<defense>.",戦闘中、装備者を[タンク]<tank>として扱う。すでに[タンク]<tank>なら、[防御力+{0}%]<defense>。
Items,21745534101078084,Items.Item_702.Name,Tank's Glyph,タンクの符印
Items,21745534101078087,Items.Item_703.Description,"The holder counts as a [Vanguard]<vanguard> during combat. If they were already a [Vanguard]<vanguard>, they gain [+{0}% Max HP]<maxhp>.",戦闘中、装備者を[ヴァンガード]<vanguard>として扱う。すでに[ヴァンガード]<vanguard>なら、[最大HP+{0}%]<maxhp>。
Items,21745534101078086,Items.Item_703.Name,Vanguard's Glyph,ヴァンガードの符印
Items,21745534101078089,Items.Item_704.Description,"The holder counts as an [Assassin]<assassin> during combat. If they were already an [Assassin]<assassin>, they gain [+{0}% Crit]<crit>.",戦闘中、装備者を[アサシン]<assassin>として扱う。すでに[アサシン]<assassin>なら、[クリティカル+{0}%]<crit>。
Items,21745534101078088,Items.Item_704.Name,Assassin's Glyph,アサシンの符印
Items,21745534101078091,Items.Item_705.Description,"The holder counts as a [Duelist]<duelist> during combat. If they were already a [Duelist]<duelist>, they gain [+{0}% Attack Speed]<attackspeed>.",戦闘中、装備者を[デュエリスト]<duelist>として扱う。すでに[デュエリスト]<duelist>なら、[攻撃速度+{0}%]<attackspeed>。
Items,21745534101078090,Items.Item_705.Name,Duelist's Glyph,デュエリストの符印
Items,21745534101078093,Items.Item_706.Description,"The holder counts as a [Mage]<mage> during combat. If they were already a [Mage]<mage>, they gain [+{0}% Magic]<magic>.",戦闘中、装備者を[メイジ]<mage>として扱う。すでに[メイジ]<mage>なら、[魔力+{0}%]<magic>。
Items,21745534101078092,Items.Item_706.Name,Mage's Glyph,メイジの符印
Items,21745534101078095,Items.Item_707.Description,"The holder counts as a [Mystic]<mystic> during combat. If they were already a [Mystic]<mystic>, they gain [+{0}% Mana Regen]<manaregen>.",戦闘中、装備者を[ミスティック]<mystic>として扱う。すでに[ミスティック]<mystic>なら、[マナ回復+{0}%]<manaregen>。
Items,21745534101078094,Items.Item_707.Name,Mystic's Glyph,ミスティックの符印
Items,21745534101078098,Items.Item_708.DataTrackingDescription,[Shards]<shard> [Generated:]<generate> [globalShardsGenerated]<globaldatatracking>,[シャード]<shard>[生成数：]<generate> [globalShardsGenerated]<globaldatatracking>
Items,21745534101078097,Items.Item_708.Description,"Gain [{0} Attack]<attack>, [{1} Magic]<magic>, [{2} Attack Speed]<attackspeed>, and [{3} Defense]<defense> per [{4} Shards]<shard> [generated]<generate> this game.",このラン中に[生成した]<generate>[シャード{4}]<shard>ごとに、[攻撃力+{0}]<attack>、[魔力+{1}]<magic>、[攻撃速度+{2}]<attackspeed>、[防御力+{3}]<defense>。
Items,21745534101078096,Items.Item_708.Name,The Golden Standard,黄金の軍旗
Items,21745534101078101,Items.Item_709.DataTrackingDescription,[Shards]<shard> [Generated:]<generate> [{0}]<datatracking>,[シャード]<shard>の[生成数：]<generate> [{0}]<datatracking>
Items,21745534101078100,Items.Item_709.Description,"At [start of combat,]<bold> lose [{0}% Max HP]<maxhp>.

The first time each combat the holder reaches [{1}% Max HP]<maxhp>, gain [{2} Shards]<shard>.","[戦闘開始時、]<bold>[最大HPの{0}%]<maxhp>を失う。

各戦闘で初めて装備者のHPが[最大HPの{1}%]<maxhp>に達したとき、[シャードを{2}]<shard>獲得する。"
Items,21745534101078099,Items.Item_709.Name,Sacrificial Scythe,生贄の大鎌
Items,21745534101078102,Items.Item_710.Description,"At [start of combat]<bold> and [every {0} seconds,]<bold> gain [Stealth]<stealth> for {1} seconds.",[戦闘開始時]<bold>および[{0}秒ごとに、]<bold>{1}秒間[ステルス]<stealth>を得る。
Items,47331241740599298,Items.Item_710.Name,Rogue's Cowl,ローグの頭巾
Items,21745534101078103,Items.Item_711.Name,Scroll of Violence,暴力の巻物
Items,65024537346572323,Items.Item_711.QuestDescription,Auto attack {0} times.,通常攻撃を{0}回行う。
Items,65024537346572324,Items.Item_711.QuestRewardDescription,Gain [+{0}% Attack]<attack> and [+{1}% Attack Speed]<attackspeed>.,[攻撃力+{0}%]<attack>、[攻撃速度+{1}%]<attackspeed>。
Items,21745534101078104,Items.Item_712.Name,Scroll of Enlightenment,啓示の巻物
Items,65024537346572325,Items.Item_712.QuestDescription,Cast {0} times.,アクティブアビリティを{0}回発動する。
Items,65024537346572326,Items.Item_712.QuestRewardDescription,Gain [+{0}% Magic]<magic> and [+{1}% Mana Regen]<manaregen>.,[魔力+{0}%]<magic>、[マナ回復+{1}%]<manaregen>。
Items,21745534101078105,Items.Item_713.Name,Scroll of Perseverance,不屈の巻物
Items,65024537346572327,Items.Item_713.QuestDescription,Take {0} Damage.,合計{0}ダメージを受ける。
Items,65024537346572328,Items.Item_713.QuestRewardDescription,Gain [+{0}% Max HP]<maxhp> and [+{1}% Defense]<defense>.,[最大HP+{0}%]<maxhp>、[防御力+{1}%]<defense>。
Items,21745534101078107,Items.Item_714.Description,"[Every {0} seconds,]<bold> remove [{1}% of all Debuffs]<debuff> from the holder.",[{0}秒ごとに、]<bold>装備者から[すべてのデバフを{1}%]<debuff>解除する。
Items,21745534101078106,Items.Item_714.Name,Cleansing Charm,浄化の護符
Items,21745534101078109,Items.Item_715.Description,"On [auto attack,]<bold> deal [bonus damage]<damage> equal to the [Burn]<burn> on the target.",[通常攻撃時、]<bold>標的の[炎上]<burn>に等しい[追加ダメージ]<damage>を与える。
Items,21745534101078108,Items.Item_715.Name,Sword of Combustion,燃焼の剣
Items,21745534101078110,Items.Item_716.Name,Sword of the Spark,火花の剣
Items,65024537346572329,Items.Item_716.QuestDescription,Inflict [{0} Burn]<burn>.,[炎上を合計{0}]<burn>付与する。
Items,65024537346572330,Items.Item_716.QuestRewardDescription,"Whenever the holder inflicts [Burn,]<burn> inflict {0}% more.",装備者が[炎上]<burn>を付与するとき、付与量が{0}%増える。
Items,21745534101078112,Items.Item_717.Description,"On [cast,]<bold> remove [{0} Frost]<frost> from each enemy with {1} or more [Frost]<frost> to [Stun]<stun> those enemies for {2} seconds.",[アクティブアビリティ発動時、]<bold>[凍気]<frost>が{1}以上ある各敵から[凍気を{0}]<frost>取り除き、その敵を{2}秒間[スタン]<stun>させる。
Items,21745534101078111,Items.Item_717.Name,Amulet of Storms,嵐のアミュレット
Items,21745534101078113,Items.Item_718.Name,Amulet of Winter,冬のアミュレット
Items,65024537346572331,Items.Item_718.QuestDescription,Inflict [{0} Frost]<frost>,[凍気を合計{0}]<frost>付与する。
Items,65024537346572332,Items.Item_718.QuestRewardDescription,"Whenever the holder inflicts [Frost,]<frost> inflict {0}% more.",装備者が[凍気]<frost>を付与するとき、付与量が{0}%増える。
Items,21745534101078115,Items.Item_719.Description,"Whenever an enemy takes [Poison]<poison> damage, gain [{0} Crit]<crit> and [{1} HP/S]<hp/s>.",敵が[毒]<poison>ダメージを受けるたび、[クリティカル+{0}]<crit>、[秒間HP回復+{1}]<hp/s>。
Items,21745534101078114,Items.Item_719.Name,Ring of the Leech,吸命の指輪
Items,21745534101078116,Items.Item_720.Name,Ring of Virality,感染の指輪
Items,65024537346572333,Items.Item_720.QuestDescription,Inflict [{0} Poison]<poison>,[毒を合計{0}]<poison>付与する。
Items,65024537354960896,Items.Item_720.QuestRewardDescription,"Whenever the holder inflicts [Poison,]<poison> inflict {0}% more.",装備者が[毒]<poison>を付与するとき、付与量が{0}%増える。
Items,21745534101078118,Items.Item_721.Description,"Whenever the holder applies [Shields]<shield>, apply {0}% more.",装備者が[シールド]<shield>を付与するとき、付与量が{0}%増える。
Items,21745534101078117,Items.Item_721.Name,Amulet of Shields,盾のアミュレット
Items,21745534101078119,Items.Item_722.Name,Cleric's Circlet,聖職者のサークレット
Items,65024537354960897,Items.Item_722.QuestDescription,Apply [{0} Shields]<shield>,[シールドを合計{0}]<shield>付与する。
Items,65024537354960898,Items.Item_722.QuestRewardDescription,"Whenever the holder applies [Shields,]<shield> also [heal]<heal> for {0}% of the [Shields]<shield> applied.",装備者が[シールドを付与するたび、]<shield>付与した[シールド]<shield>の{0}%だけHPを[回復]<heal>する。
Items,21745534101078121,Items.Item_723.Description,"On [Crit,]<crit> reduce the target's [Defense]<defense> by {0}.",[クリティカル時、]<crit>標的の[防御力]<defense>を{0}低下させる。
Items,21745534101078120,Items.Item_723.Name,Serrated Dagger,鋸刃のダガー
Items,21745534101078122,Items.Item_724.Name,Executioner's Blade,処刑人の刃
Items,65024537354960899,Items.Item_724.QuestDescription,[Crit]<crit> {0} times.,[クリティカル]<crit>を{0}回発生させる。
Items,65024537354960900,Items.Item_724.QuestRewardDescription,Damage from the holder executes enemies below [{0}% Max HP]<maxhp>.,装備者のダメージは、HPが[最大HPの{0}%]<maxhp>未満の敵を即座に倒す。
Items,21745534101078124,Items.Item_725.Description,"After [Stall ({0}),]<stall> gain [+{1}% basic stats]<basicstat>.",[忍耐（{0}）]<stall>後、[基本ステータス+{1}%]<basicstat>。
Items,21745534101078123,Items.Item_725.Name,Tranquil Eye,静穏の瞳
Items,21745534101078127,Items.Item_726.DataTrackingDescription,[Stall]<stall> [Triggered:]<bold> [totalStallTriggers]<globaldatatracking>,[忍耐]<stall>の[発動回数：]<bold> [totalStallTriggers]<globaldatatracking>
Items,21745534101078126,Items.Item_726.Description,The holder gains [{0} Defense]<defense> and [{1} Magic]<magic> per [Stall]<stall> trigger this game.,このラン中の[忍耐]<stall>発動1回ごとに、装備者の[防御力+{0}]<defense>、[魔力+{1}]<magic>。
Items,21745534101078125,Items.Item_726.Name,Catalyst of Patience,忍耐の触媒
Items,47331241740599299,Items.Item_727.Description,The holder's [Stall]<stall> abilities trigger {0} seconds sooner.,装備者の[忍耐]<stall>アビリティが{0}秒早く発動する。
Items,21745534101078128,Items.Item_727.Name,Crown of Patience,忍耐の王冠
Items,21745534101078130,Items.Item_728.Description,"For [Rush ({0}),]<rush> gain [+{1}% basic stats]<basicstat>.",[速攻（{0}）]<rush>の間、[基本ステータス+{1}%]<basicstat>。
Items,21745534101078129,Items.Item_728.Name,Adrenal Eye,昂揚の瞳
Items,21745534101078133,Items.Item_729.DataTrackingDescription,[Rush]<rush> [Triggered:]<bold> [totalRushTriggers]<globaldatatracking>,[速攻]<rush>の[発動回数：]<bold> [totalRushTriggers]<globaldatatracking>
Items,21745534101078132,Items.Item_729.Description,The holder gains [{0} Attack]<attack> and [{1} Max HP]<maxhp> per [Rush]<rush> trigger this game.,このラン中の[速攻]<rush>発動1回ごとに、装備者の[攻撃力+{0}]<attack>、[最大HP+{1}]<maxhp>。
Items,21745534101078131,Items.Item_729.Name,Crown of Haste,迅速の王冠
Items,21745534101078134,Items.Item_730.Description,The holder's [Rush]<rush> abilities last {0} seconds longer.,装備者の[速攻]<rush>アビリティの持続時間+{0}秒。
Items,47347263025577990,Items.Item_730.Name,Temporal Accelerator,時間加速器
Items,21745534101078136,Items.Item_731.Description,"At [start of combat,]<bold> if there are no Heroes within {0} hexes of the holder the holder's attacks hit the nearest enemy to their target for {1}% damage.",[戦闘開始時、]<bold>装備者から{0}ヘクス以内に他のヒーローがいない場合、装備者の攻撃が標的に最も近い敵にも命中し、{1}%のダメージを与える。
Items,21745534101078135,Items.Item_731.Name,Lone Wolf's Bow,孤狼の弓
Items,21745534101078138,Items.Item_732.Description,"At [start of combat,]<bold> if the holder is the only Hero in the back {0} rows they gain [{1} Starting Mana]<startingmana> and [{2} Crit]<crit>.",[戦闘開始時、]<bold>後方{0}列にいるヒーローが装備者だけなら、[開始時マナ+{1}]<startingmana>、[クリティカル+{2}]<crit>。
Items,21745534101078137,Items.Item_732.Name,Wizard's Focus,魔術師の焦点具
Items,21745534101078140,Items.Item_733.Description,"Whenever the holder [Shields]<shield> another Hero, damage all enemies equal to {0}% of the [Shield]<shield> applied.",装備者が他のヒーローに[シールド]<shield>を付与するたび、その[シールド]<shield>の{0}%に等しいダメージを敵全体へ与える。
Items,21745534101078139,Items.Item_733.Name,Shattering Charm,破砕の護符
Items,21745534101078142,Items.Item_734.Description,"At [start of combat,]<bold> set the holder's [Attack]<attack> and [Magic]<magic> to the higher of the two.",[戦闘開始時、]<bold>装備者の[攻撃力]<attack>と[魔力]<magic>を、どちらも高いほうの値にする。
Items,21745534101078141,Items.Item_734.Name,Adaptive Sword,適応の剣
Items,21745534101078144,Items.Item_735.Description,"On [auto attack,]<bold> inflict [{0} Poison]<poison> on the target.
When [auto attacked,]<bold> inflict [{1} Poison]<poison> on the attacker.","[通常攻撃時、]<bold>標的に[毒を{0}]<poison>付与する。
[通常攻撃を受けたとき、]<bold>攻撃者に[毒を{1}]<poison>付与する。"
Items,21745534101078143,Items.Item_735.Name,Venomous Gauntlets,毒牙のガントレット
Items,21745534101078146,Items.Item_736.Description,"On [auto attack,]<bold> inflict [{0} Frost]<frost> on the target.
When [auto attacked,]<bold> inflict [{1} Frost]<frost> on the attacker.","[通常攻撃時、]<bold>標的に[凍気を{0}]<frost>付与する。
[通常攻撃を受けたとき、]<bold>攻撃者に[凍気を{1}]<frost>付与する。"
Items,21745534101078145,Items.Item_736.Name,Frosted Gauntlets,霜結のガントレット
Items,21745534101078148,Items.Item_737.Description,"On [auto attack,]<bold> inflict [{0} Burn]<burn> on the target.
When [auto attacked,]<bold> inflict [{1} Burn]<burn> on the attacker.","[通常攻撃時、]<bold>標的に[炎上を{0}]<burn>付与する。
[通常攻撃を受けたとき、]<bold>攻撃者に[炎上を{1}]<burn>付与する。"
Items,21745534101078147,Items.Item_737.Name,Flaming Gauntlets,炎熱のガントレット
Items,21745534101078150,Items.Item_738.Description,"On [auto attack,]<bold> steal [{0} Mana]<mana> from the target.",[通常攻撃時、]<bold>標的から[マナを{0}]<mana>奪う。
Items,21745534101078149,Items.Item_738.Name,Siphoning Dagger,吸収のダガー
Items,21745534101078152,Items.Item_739.Description,Gain +{0}% to the [primary stats]<primarystat> of each of the holder's [classes]<class>.,装備者が持つ各[クラス]<class>の[主要ステータス]<primarystat>+{0}%。
Items,21745534101078151,Items.Item_739.Name,Polymath's Prism,博識者のプリズム
Items,21745534101078153,Items.Item_740.Name,Sniper's Jewel,狙撃手の宝玉
Items,21745534101078156,Items.Item_801.Description,The holder counts as a [Warrior]<warrior> during combat.,戦闘中、装備者を[ウォリアー]<warrior>として扱う。
Items,21745534101078155,Items.Item_801.Name,Warrior's Crest,ウォリアーの紋章
Items,44722279669170176,Items.Item_802.Description,The holder counts as a [Tank]<tank> during combat.,戦闘中、装備者を[タンク]<tank>として扱う。
Items,44722279635615744,Items.Item_802.Name,Tank's Crest,タンクの紋章
Items,44722279669170178,Items.Item_803.Description,The holder counts as a [Vanguard]<vanguard> during combat.,戦闘中、装備者を[ヴァンガード]<vanguard>として扱う。
Items,44722279669170177,Items.Item_803.Name,Vanguard's Crest,ヴァンガードの紋章
Items,44722279669170180,Items.Item_804.Description,The holder counts as an [Assassin]<assassin> during combat.,戦闘中、装備者を[アサシン]<assassin>として扱う。
Items,44722279669170179,Items.Item_804.Name,Assassin's Crest,アサシンの紋章
Items,44722279669170182,Items.Item_805.Description,The holder counts as a [Duelist]<duelist> during combat.,戦闘中、装備者を[デュエリスト]<duelist>として扱う。
Items,44722279669170181,Items.Item_805.Name,Duelist's Crest,デュエリストの紋章
Items,44722279669170184,Items.Item_806.Description,The holder counts as a [Mystic]<mystic> during combat.,戦闘中、装備者を[ミスティック]<mystic>として扱う。
Items,44722279669170183,Items.Item_806.Name,Mystic's Crest,ミスティックの紋章
Items,44722279669170186,Items.Item_807.Description,The holder counts as a [Mage]<mage> during combat.,戦闘中、装備者を[メイジ]<mage>として扱う。
Items,44722279669170185,Items.Item_807.Name,Mage's Crest,メイジの紋章
Items,65461000030781440,UI.RiftSealingProtocol.RiftAnchor.Description,"Charge the [Rift Seal]<bold> by equipping it to Heroes of different classes and winning combats. Each combat victory provides one charge, and Heroes with more than one class charge the [Rift Seal]<bold> from top to bottom.\n\nThe [Rift Seal]<bold> decreases the holder's [basic stats by 25%]<bold>, and it must be equipped each combat. When the [Rift Seal]<bold> is fully charged, it destroys itself.",異なるクラスのヒーローに[リフトシール]<bold>を装備させて戦闘に勝利し、チャージを進める。1勝につき1段階チャージされ、複数のクラスを持つヒーローの場合は、上にある条件から順に[リフトシール]<bold>がチャージされる。\n\n[リフトシール]<bold>を装備すると、装備者の[基本ステータスが25%低下]<bold>する。また、毎回の戦闘で必ず誰かに装備させなければならない。完全にチャージされると、[リフトシール]<bold>は自壊する。
Items,65461000076918784,UI.RiftSealingProtocol.RiftAnchor.Group1,Tank or Vanguard,タンクまたはヴァンガード
Items,65461000076918785,UI.RiftSealingProtocol.RiftAnchor.Group2,"Assassin, Duelist, or Warrior",アサシン、デュエリスト、またはウォリアー
Items,65461000076918786,UI.RiftSealingProtocol.RiftAnchor.Group3,Mystic or Mage,ミスティックまたはメイジ
Lore,746891902977,Lore.Guild.Desc.Athletic,"They believe the only way to close the rifts is to overpower them, and they've turned that conviction into a performance brand. Teams train and compete like athletes, chasing a personal best with every break.",リフトを閉じる唯一の方法は、真正面から力でねじ伏せること。彼らはその信念を、ひとつの競技ブランドにまで育て上げた。チームはアスリートのように鍛え、競い合い、リフトを攻略するたび自己ベストを追い求める。
Lore,746891902980,Lore.Guild.Desc.Bohemian,"A community-driven guild that treats the rifts as living phenomena to be understood. Its breakers study each one closely and work to restore the natural balance around it, often staying long after the fighting is done.",リフトを、理解すべき生きた現象として扱う共同体主導のギルド。所属するブレイカーは一つひとつを綿密に調べ、周辺の自然な均衡を取り戻そうとする。戦いが終わった後も、長く現地へ残ることが多い。
Lore,746891902989,Lore.Guild.Desc.Corporate,"A corporate guild that has built a global network spanning crystal refinement, relic acquisition, and rift forecasting. It contracts its breakers to keep supply chains moving and rift activity contained.",クリスタル精製、レリック調達、リフト予測を結ぶ世界規模のネットワークを築いた企業ギルド。サプライチェーンを止めず、リフト活動を封じ込めるため、所属ブレイカーを契約任務へ派遣する。
Lore,746891902986,Lore.Guild.Desc.Luxury,"A prestige guild that recruits two kinds of breakers: heirs to old money, and rising stars famous enough to be worth the investment. It trains elite, media-ready breakers and moves easily through the circles where wealth, fame, and power overlap.",二種類のブレイカーを迎え入れる名門ギルド。代々の富を継ぐ者と、投資に値するほど名を上げた新星だ。メディア映えする精鋭を育て、富と名声と権力が交わる社交界を軽やかに渡り歩く。
Lore,746891902983,Lore.Guild.Desc.Punk,"A guild that believes the Shards & relics locked inside the rifts belongs to everyone, not to whoever can buy the rights to it. They fight to put those treasures in the hands of ordinary people.",リフトに眠るシャードやレリックは、採掘権を買える者ではなく、すべての人に属する。そう信じるギルドだ。彼らは、宝を普通の人々の手へ取り戻すために戦う。
Lore,746883514369,Lore.Guild.Desc.Urban,"A guild of Awakened professionals built for the chase, first through the door and closing in before a rift can breach do real damage. They hunt to win: the monster, the trophy, and the reputation that follows.",獲物を追うために鍛えられた、覚醒者のプロ集団。誰よりも早く現場へ踏み込み、リフトの決壊が深刻な被害を生む前に追い詰める。彼らが狩るのは勝利のためだ。怪物も、戦利品も、その後に得る名声も。
Lore,746883514370,Lore.Guild.Name.Athletic,Frontline,フロントライン
Lore,746891902978,Lore.Guild.Name.Bohemian,Gaia Project,ガイア・プロジェクト
Lore,746891902987,Lore.Guild.Name.Corporate,Aegis Global,イージス・グローバル
Lore,746891902984,Lore.Guild.Name.Luxury,L'Héritage,レリタージュ
Lore,746891902981,Lore.Guild.Name.Punk,A Temple,ア・テンプル
Lore,746866737152,Lore.Guild.Name.Urban,The Hunt,ザ・ハント
Lore,746891902976,Lore.Guild.Tagline.Athletic,Stronger every break.,攻略のたび、昨日より強く。
Lore,746891902979,Lore.Guild.Tagline.Bohemian,"Fight for tomorrow, not just today.",今日をしのぐだけでなく、明日のために戦おう。
Lore,746891902988,Lore.Guild.Tagline.Corporate,Certainty in an uncertain world.,不確かな世界に、確かな答えを。
Lore,746891902985,Lore.Guild.Tagline.Luxury,Excellence is a legacy.,卓越は、受け継がれるもの。
Lore,746891902982,Lore.Guild.Tagline.Punk,No gods. No masters.,神はいらない。支配者もいらない。
Lore,746883514368,Lore.Guild.Tagline.Urban,"When the call comes, we hunt.",招集がかかれば、狩りの始まりだ。
Lore,746891903085,Lore.Hero.CurrentWork.Aria,"A famous singer years before her Awakening. When her powers grew, her voice swelled, a choir rose with it. She still performs, and takes rift contracts between tours; letting her power loose in a rift is the one thing that quiets the choir.",覚醒する何年も前から名を馳せていた歌手。力が増すにつれ、その歌声は膨らみ、やがて幾重もの合唱が重なるようになった。今も舞台に立ち、ツアーの合間にはリフトの依頼を受けている。リフトの中で力を解き放つときだけ、その合唱は静まる。
Lore,746896097281,Lore.Hero.CurrentWork.Dragomir,"Dragomir's Awakening nearly killed him. Look closely and you could argue it partly did. Yet every year since, he's looked a little more vibrant, a little more alive; his doctors stopped trying to offer explanations long ago. He's well-spoken, with an old-world courtesy that puts people at ease and keeps anyone from investigating his condition too closely.",ドラゴミールは覚醒した際、死にかけた。よく見れば、ある意味では半ば死んだとも言える。だがそれ以来、年を追うごとに血色が増し、以前より生気に満ちてきた。医師たちはとうの昔に説明を諦めている。彼は弁が立ち、古風で礼儀正しい。その物腰で人を安心させ、自分の状態を深く調べようとする者を巧みに遠ざけている。
Lore,746896097291,Lore.Hero.CurrentWork.Fiona,"She fixed toasters and bicycles at a neighborhood repair café before her Awakening gave her the rare gift of fusing artifacts inside a rift, fusing gear like no other breaker can. She's Niklas's right hand across Aegis's supply chain: he acquires, she combines. No one's figured out how artifacts actually work, but her goal is to build them from scratch.",覚醒前は、地域のリペアカフェでトースターや自転車を直していた。覚醒によって得たのは、リフト内のアーティファクトを融合できる稀有な力。彼女ほど巧みに装備を組み合わせられるブレイカーはいない。イージスの供給網ではニクラスの右腕を務める。彼が仕入れ、彼女が組み上げるのだ。アーティファクトがどう動くのかは未解明だが、彼女はいつかゼロから作り出すつもりでいる。
Lore,746891903065,Lore.Hero.CurrentWork.Funke,"Funke's flames were never meant to be carried inside one body. He ended raids alone and took half the site with him. The incident reports stopped distinguishing between ""victory"" and ""collateral"" years ago. A Temple is the only guild that can work with him at all, and even that takes everything he has to hold back. Sometimes he goes quiet mid-thought, like he's listening to something else.",フンケの炎は、そもそも一人の肉体に収まるような代物ではなかった。彼はたった一人で襲撃を終わらせ、現場の半分もろとも焼き払ってきた。事故報告書が「勝利」と「巻き添え」を区別しなくなって久しい。彼とどうにか任務をこなせるギルドはア・テンプルだけだが、それでも力を抑えるだけで彼は全力を使い果たす。思考の途中でふと黙り込み、何か別の声に耳を澄ませているようなことがある。
Lore,746891903030,Lore.Hero.CurrentWork.Grace,"The bookish one in a family of athletes, Grace never expected to end up in a rift. Then her awakened powers turned up a rare healing affinity, and the Department of Guild Affairs fielded her before she'd decided if she wanted it. Frightened before every fight, frightened after every one, and back again for the next anyway. It's exactly the story Frontline's self-improvement campaigns are built to tell.",スポーツ一家に生まれた読書家のグレイスは、自分がリフトへ入ることになるとは思ってもいなかった。だが覚醒した力に希少な治癒適性が見つかり、本人が望むか決める前にギルド管理局から実戦へ送られた。戦う前も怖い。終わった後も怖い。それでも次の戦いにはまた戻ってくる。フロントラインの自己成長キャンペーンが求める物語そのものだ。
Lore,746896097286,Lore.Hero.CurrentWork.Gustav,"He came up through academia, with three published papers before he turned twenty one, and Aegis hired him straight out of his post-doc. He runs the numbers behind crystal refining, making each batch yield more usable energy than the last, and his models are why Aegis's supply chain has stayed a step ahead of every competitor for six straight quarters.",学究の道を歩み、21歳になる前に3本の論文を発表。博士研究員を終えると、すぐにイージスへ迎えられた。結晶精製の計算を担い、バッチごとに利用可能なエネルギーの収率を高めている。イージスの供給網が6四半期連続で競合の一歩先を行けたのは、彼のモデルがあってこそだ。
Lore,746891903005,Lore.Hero.CurrentWork.Hoyoung,"Even by a marksman's standard he's reliable to a degree that's rare, and no one can trace where he learned it: no paper trail, no prior guild, no training on record. He keeps to himself, says only what needs saying, and the shot lines up every time. He's covering a younger brother's tuition; once it's paid, he may leave the way he arrived.",射手の基準で見ても、異例なほど確実に仕事をこなす。だが、その技をどこで身につけたのかは誰にも追えない。書類上の経歴も、以前の所属ギルドも、訓練記録もない。寡黙で、必要なことしか口にせず、それでも狙いは毎回ぴたりと定まる。弟の学費を稼いでおり、払い終えれば、来たときと同じように姿を消すのかもしれない。
Lore,746891903025,Lore.Hero.CurrentWork.Irini,"A champion athlete, until a shoulder injury ended her career. Her powers awakened soon after, healing her - but making her too strong to fairly compete against ordinary people. Frontline signed her soon after. The performance guild built an entire marketing campaign around her: a champion everyone wrote off, coming back stronger than ever. In the rifts she's known for her ambition and explosive power.",肩の故障で競技人生を絶たれるまでは、チャンピオンとして活躍していた。その直後に覚醒し、傷は治ったものの、普通の人々と公平に競えないほど強くなってしまった。ほどなくフロントラインと契約。誰もが終わったと思った王者が、かつて以上に強くなって帰ってくる――ギルドは彼女を中心に大々的な宣伝を打った。リフトでは、野心と爆発的な力で知られている。
Lore,746891902995,Lore.Hero.CurrentWork.Kai,"One of the guild's shotcallers. He leads on charm more than rank, and keeps the team together when a fight turns. He made his name soloing a guardian before his squad could catch up, and he's been pushing past what the playbook recommends ever since.",ギルドの戦術指揮を担う一人。地位よりも人を惹きつける力で皆を率い、戦況が崩れかけてもチームをまとめ上げる。仲間が追いつく前にガーディアンを単独で仕留めて名を上げ、それ以来ずっと、定石の先へ踏み込み続けている。
Lore,746891903075,Lore.Hero.CurrentWork.Karsu,"She's a frost duelist: patient, exact, and the one who actually finishes the fights everyone else in the punk guild loves starting. She came over from Aegis Global, Dragomir's department officially, and whatever she walked away with isn't on any record. A Temple offered her a contract on the spot.",彼女は凍気を操るデュエリスト。辛抱強く、正確で、パンクな仲間たちが始めた戦いにきっちり決着をつける役だ。以前はイージス・グローバル、それも正式にはドラゴミールの部門にいた。だが、彼女が何を持ち出して去ったのかは、どの記録にも残っていない。ア・テンプルはその場で契約を持ちかけた。
Lore,746891903020,Lore.Hero.CurrentWork.Logan,"Logan survived a rift that got all members of his previous team killed. Since then he fights with one goal: end every fight as fast as possible. No showing off, no wasted moves, no casualties. Frontline loves marketing its stars - Logan gives them nothing to work with, and doesn't care.",以前の仲間を全員失ったリフトで、ローガンだけが生還した。それ以来、目的はただ一つ。すべての戦いを可能な限り早く終わらせること。見せ場も、無駄な動きも、犠牲者も要らない。フロントラインはスターを売り出すのが大好きだが、ローガンは宣伝材料を何一つ与えず、気にも留めていない。
Lore,746891903010,Lore.Hero.CurrentWork.Ming,"He's a frontliner with a particular kind of fire: solid, dependable, quiet in the briefing. Ming owns what fits in one bag and has never needed more. Guilds kept offering him a career path; he kept politely losing the paperwork. The Hunt is lenient enough to keep him on anyway - knowing full well that one morning, his bag will be gone.",ミンは独特の情熱を秘めた前衛だ。堅実で頼りになり、作戦説明中は寡黙。持ち物は鞄一つに収まり、それ以上を必要としたこともない。ギルドは何度も出世の道を提示したが、彼はそのたび丁寧に書類を「なくして」きた。ザ・ハントは、それでも彼を置いておくほど寛容だ。ある朝、鞄ごと姿を消しているかもしれないと承知したうえで。
Lore,746896097296,Lore.Hero.CurrentWork.Niklas,"He's who Aegis sends when something has to move quietly: officially an acquisitions lead, unofficially their smuggler-in-chief. Self-made, and long decided that fairness is a luxury for people who can afford to lose. Nothing leaves a rift in his presence without a cut for him.",何かを人知れず動かす必要があるとき、イージスが送り込むのが彼だ。表向きは調達責任者、実態は密輸の総元締め。自力でのし上がり、公平さなど負ける余裕のある者だけが買える贅沢だと、とっくに見切っている。彼の前でリフトから持ち出される物には、必ず彼の取り分がつく。
Lore,746891903015,Lore.Hero.CurrentWork.Nyx,"Nyx slipped past three rift lockdowns before The Hunt gave up chasing the kid and signed them instead. Now the youngest breaker on any roster: too quick to catch, too vicious to ignore. Nyx has no family on file, no address, no home. They don't trust The Hunt enough to sleep at their guild house. But every time there's a fight, the kid is always already there.",ニュクスは3度もリフトの封鎖をすり抜けた。追い回すのを諦めたザ・ハントは、その子を捕まえる代わりに契約した。今や、どの名簿を見ても最年少のブレイカー。捕まえるには素早すぎ、無視するには獰猛すぎる。家族も住所も住まいも登録されていない。ザ・ハントを信用しきれず、ギルドハウスで眠ることもない。それでも戦いが始まれば、いつも誰より先にそこにいる。
Lore,746891903045,Lore.Hero.CurrentWork.Pimenta,"She's the guardian who plants herself in front of her people to protect them. The poison spreads from her, buying everyone the time they need. She met Sal on the Gaia forum, trading notes, and after six months of bickering they noticed they were writing love letters. Their shared goal, once the crisis ends: a cottage with a rose garden.",仲間の前に立ちはだかり、身を挺して守るガーディアン。彼女から広がる毒が、皆に必要な時間を稼ぐ。ガイアのフォーラムでサウと出会い、情報を交換した。半年間言い争った末、二人は自分たちが書いていたのは恋文だったと気づいた。危機が去ったら、バラ園のある小さな家で暮らす。それが二人の共通の夢だ。
Lore,746891903050,Lore.Hero.CurrentWork.Pollen,"Nobody at Gaia is entirely sure where she came from. She turned up at their second meeting and never left, because her strange ideas about rifts kept turning out to be right. Her senses run stronger than anyone's: colors carry meaning, music has flavor, and a rift sings to her in a structure only she can hear. Gaia treats her as something between a daughter and a researcher.",彼女がどこから来たのか、ガイアの誰にもよく分かっていない。2回目の会合にふらりと現れ、そのまま居ついた。リフトについての奇妙な考えが、ことごとく正しいと分かったからだ。彼女の感覚は誰よりも鋭い。色には意味があり、音楽には味があり、リフトは彼女にしか聞き取れない構造で歌う。ガイアは彼女を、娘と研究者の中間のような存在として扱っている。
Lore,746891903095,Lore.Hero.CurrentWork.Ratna,"Ratna works in public relations for L'Héritage, smoothing over disasters and getting government support and favorable extraction rights signed. The chairman takes her calls when he won't take anyone else's. She works a rift the same way she works a room: watching who's in it, who's worth knowing, what it needs from her next.",レリタージュで広報を担当し、不祥事を丸く収め、政府の支援と有利な採掘権の認可を取りつけている。会長が誰の電話にも出ないときでさえ、彼女からの連絡には応じる。ラトナは社交の場と同じようにリフトを読む。誰がいるのか、誰と知り合う価値があるのか、次に自分へ何が求められるのかを見極めるのだ。
Lore,746891903035,Lore.Hero.CurrentWork.Reyna,"Frontline brought her in as a trainer, and she's one of the best they've had: Junior breakers come out of her sessions looking like fighters. What drives her: a pitch for a sanctioned tournament for Awakened, opponents finally worth the trouble.",フロントラインは彼女をトレーナーとして迎えた。歴代でも指折りの腕前で、彼女の訓練を終えた新人ブレイカーは、戦士の顔つきになって戻ってくる。彼女を突き動かすのは、覚醒者の公式大会を実現する構想だ。ようやく骨のある相手と戦える舞台を求めている。
Lore,746891903070,Lore.Hero.CurrentWork.Rip,"He's a frontliner with a reputation for tearing the heart out of whatever he kills, a habit left over from his old job on a cleanup crew hauling monster carcasses. He Awakened mid-shift; A Temple was the only guild that showed up to recruit him. Behind the mask he's entirely sane. Most teammates need time to work that out.",仕留めた獲物の心臓を引きずり出すことで悪名高い前衛。その癖は、モンスターの死骸を運ぶ処理班にいた頃の名残だ。作業中に覚醒し、勧誘に現れた唯一のギルドがア・テンプルだった。仮面の下の彼は、まったく正気だ。仲間の多くは、それを理解するまでに少し時間がかかる。
Lore,746891903040,Lore.Hero.CurrentWork.Rowan,"He's the wall the rest of the team forms up behind. Rowan spent six years mining crystals out of rifts for a mining company. The more crystals they took, the more the rifts started acting strange. He couldn't prove mining was the cause, but he believed it. Gaia was the first to say out loud what his gut already knew: take less, listen more.",仲間が背後に陣形を組むための壁。ローワンは鉱山会社で6年間、リフトから結晶を掘り出していた。採れば採るほど、リフトの挙動はおかしくなっていった。採掘が原因だと証明はできなかったが、彼はそう確信していた。『奪う量を減らし、もっと耳を傾けるべきだ』――胸の内で分かっていたことを、初めて声にしたのがガイアだった。
Lore,746891903055,Lore.Hero.CurrentWork.Sal,"She has always been keeping small things since she was a child: pressed flowers, faded photographs, small acts of preservation. Her Awakening carries the same instinct: frost that can shatter but also preserve, depending what's needed. It's the same frost that slows the poison in Pimenta's veins.",幼い頃から、小さな物を残しておく子だった。押し花、色褪せた写真――ささやかな保存の積み重ね。覚醒した力にも同じ本能が宿っている。必要に応じて、砕くことも保存することもできる凍気。それは、ピメンタの体内を巡る毒を遅らせる凍気でもある。
Lore,746891903060,Lore.Hero.CurrentWork.Skorn,"An eye for an eye - except Skorn takes two; Hit him and get hit back. He's built his whole fighting style around one insane conviction: nothing in any rift can take more pain than he can. So far, nothing has. Every scar is a fight where the monster blinked first.",目には目を――ただしスコルンは二発返す。殴られれば、必ず殴り返す。彼は、どんなリフトの怪物も自分ほど痛みに耐えられはしない、という常軌を逸した信念を軸に、戦い方のすべてを築いている。今のところ、例外はいない。傷跡の一つひとつが、怪物のほうから目を逸らした戦いの証だ。
Lore,746891903090,Lore.Hero.CurrentWork.Tilly,"Tilly looks like the sweetest thing L'Héritage ever put in front of a camera - right up until the flails start spinning. What follows is fast, heavy, and disturbingly cheerful. L'Héritage adores the contrast on camera. Off camera, even her coaches keep a respectful distance.",カメラの前に立つティリーは、レリタージュが世に送り出した誰よりも愛らしく見える――フレイルが回り始めるまでは。その後に続く猛攻は、速く、重く、ぞっとするほど楽しげだ。レリタージュは画面に映えるその落差をこよなく愛している。カメラが止まれば、コーチでさえ彼女とは礼儀正しく距離を取る。
Lore,746891903000,Lore.Hero.CurrentWork.Yuuna,"She marks the dangerous targets, opens angles for everyone else, and takes her own mistakes personally. The Hunt values her reliability and has made peace with how little she reveals about herself.",危険な標的へ印をつけ、仲間が攻め込む角度を作り、自分の失敗は重く受け止める。ザ・ハントは彼女の確実な仕事ぶりを高く買い、彼女が素性をほとんど明かさないことも受け入れている。
Lore,746891903080,Lore.Hero.CurrentWork.Zuri,"The old stories say you shouldn't look a gorgon in the eye. Zuri built a career on the opposite: everyone looks. Cameras, sponsors, monsters - her gaze stops them all where they stand, some more literally than others. L'Héritage trained her for both audiences, and she's never once blinked first.",古い物語は、ゴルゴンの目を見るなと説く。ズーリはその逆を仕事にした。誰もが彼女を見る。カメラも、スポンサーも、モンスターも――彼女の視線はそのすべてを釘づけにする。文字どおり動けなくなる者もいる。レリタージュはどちらの観客にも応えられるよう彼女を鍛え、彼女は一度たりとも先に目を逸らしていない。
Lore,746891903086,Lore.Hero.Motivation.Aria,The voices grow restless between fights. She's looking for a guild that keeps them singing.,戦いの合間、声たちは落ち着きを失う。ずっと歌わせてくれるギルドを探している。
Lore,746896097282,Lore.Hero.Motivation.Dragomir,Aegis is starting to ask questions. A new guild means new faces and answers he won't have to give for years.,イージスが彼のことを詮索し始めた。新しいギルドなら顔ぶれも一新され、何年かは追及をかわし続けられるだろう。
Lore,746896097292,Lore.Hero.Motivation.Fiona,A guild with the resources to keep her workshop stocked and the sense not to disturb her while she works.,工房の材料を切らさない資金力と、作業中は邪魔をしない分別。その両方があるギルドを求めている。
Lore,746891903066,Lore.Hero.Motivation.Funke,"Every guild so far has wanted him smaller, contained. Be the first to ask what happens when he stops holding back, and he'll show you personally.",これまでのギルドは皆、彼を小さく、安全な枠に収めようとした。『抑えるのをやめたらどうなる？』と最初に尋ねた者には、彼自身が答えを見せてくれる。
Lore,746891903031,Lore.Hero.Motivation.Grace,"Give her the confidence she's missing. Believe in her, and she becomes the backbone of your team.",彼女に欠けている自信を与えよう。信じてやれば、チームの大黒柱になってくれる。
Lore,746896097287,Lore.Hero.Motivation.Gustav,He wants a new challenge. Yours presents an interesting scenario. He'd like to see how it plays out.,新たな難題を求めている。あなたのギルドは興味深いケースだ。結末を確かめたいと思っている。
Lore,746891903006,Lore.Hero.Motivation.Hoyoung,"A smaller guild means less time waiting at the back of a big raid and more contracts he can actually close. More contracts, more rank, more money. The math isn't complicated.",小さなギルドなら、大規模作戦の後方で待たされる時間が減り、自分で片づけられる依頼が増える。依頼が増えれば、ランクも報酬も上がる。難しい計算ではない。
Lore,746891903026,Lore.Hero.Motivation.Irini,"A new guild is a clean track: real stakes, a team that needs her to perform rather than pose.",新しいギルドは、まっさらな走路だ。本気で挑む価値のある勝負と、ポーズではなく実力を求める仲間がいる。
Lore,746891902996,Lore.Hero.Motivation.Kai,"The Hunt does steady work, and steady bores him. Yours looks like the one that won't play it safe.",ザ・ハントの仕事は安定している。安定しすぎて退屈だ。あなたのギルドなら、安全策ばかり選びはしないように見える。
Lore,746891903076,Lore.Hero.Motivation.Karsu,"She doesn't think the big, official guilds will ever end this crisis. If your guild does things differently, she'll listen.",大手の公認ギルドでは、この危機を終わらせられないと思っている。あなたのギルドが別のやり方をするなら、話を聞くだろう。
Lore,746891903021,Lore.Hero.Motivation.Logan,"He believes the big guilds gain too much from the Rift crisis to ever end it. Prove your guild actually wants to finish it, and he's all in.",大手ギルドはリフト危機から利益を得すぎていて、本気で終わらせるはずがないと考えている。あなたのギルドが本当に決着を望むと証明できれば、彼はすべてを懸ける。
Lore,746891903011,Lore.Hero.Motivation.Ming,"Ming lives in the moment, and it takes something real to grab his attention. There's something in how you lead that he can't quite let drift past.",ミンは今この瞬間を生きている。彼の注意を引くには、まがい物では足りない。あなたの指揮には、ただ流れ去るままにできない何かを感じている。
Lore,746896097297,Lore.Hero.Motivation.Niklas,"Aegis pays well, but it watches everything and owns everything he touches. A new guild is an open market: fewer eyes, a bigger margin, first pick of whatever comes out of a rift before it's logged. He's switching if he believes you're the better deal.",イージスの報酬はいい。だが何もかも監視され、彼が触れた物はすべてイージスの所有物になる。新しいギルドは自由市場だ。監視の目は少なく、利幅は大きく、リフトから出た品が記録される前に選べる。あなたのほうが得な取引相手だと思えば、彼は乗り換える。
Lore,746891903016,Lore.Hero.Motivation.Nyx,"Nyx doesn't follow guilds but people worth trusting - and hasn't found one yet. Be the first, and the kid stops being a stray.",ニュクスがついていくのはギルドではなく、信じる価値のある人間だ――まだ一人も見つけていない。最初の一人になれれば、その子はもう野良ではなくなる。
Lore,746891903046,Lore.Hero.Motivation.Pimenta,"She and Sal want one thing answered: does your guild have a real chance of ending this? Gaia takes fewer contracts than the big names, and at this rate the cottage stays a long way off. Gaia is family, so they'll never fully leave. But move the clock forward, and they're with you.",ピメンタとサウが確かめたいことは一つ。あなたのギルドに、この危機を本当に終わらせる見込みがあるのか。ガイアが受ける依頼は大手より少なく、このままでは小さな家で暮らす日は遠い。ガイアは家族だから、完全に離れることはない。それでもその日を近づけられるなら、二人は力を貸す。
Lore,746891903051,Lore.Hero.Motivation.Pollen,"She'll never fully leave Gaia, but she's drawn to a guild that takes on plenty of contracts. Just know she may wander off mid-contract.",ガイアを完全に離れることは決してないが、多くの依頼へ挑むギルドには惹かれている。ただし、依頼の途中でふらりといなくなることがある。
Lore,746891903096,Lore.Hero.Motivation.Ratna,"You don't recruit Ratna. You earn her attention, and then she lends your guild her influence.",こちらがラトナを勧誘するのではない。まず彼女の関心に値すると証明し、それから彼女がギルドへ影響力を貸すのだ。
Lore,746891903036,Lore.Hero.Motivation.Reyna,"Two honest questions. Will you train as hard as she does? And will your guild back her tournament when it's time? Yes and yes, and she's in.",正直に答えるべき質問は二つ。彼女と同じだけ厳しく鍛える覚悟があるか。そして時が来たら、彼女の大会をギルドとして支援するか。どちらもイエスなら、彼女は加わる。
Lore,746891903071,Lore.Hero.Motivation.Rip,Point him towards fresh meat and he'll join your slaughterhouse gladly. Your recruiter gets about thirty seconds to do so.,新鮮な肉のほうを指してやれば、喜んであなたの屠殺場に加わる。勧誘役に与えられる時間は、せいぜい30秒だ。
Lore,746891903041,Lore.Hero.Motivation.Rowan,"Nobody ever truly leaves the Gaia community behind, but Rowan would join any guild that has a chance to end the crisis and cares about consequences. He'll know within a day whether yours does.",ガイアの共同体から完全に離れる者はいない。それでもローワンは、危機を終わらせる可能性があり、その後に残る影響まで考えるギルドなら力を貸す。あなたのギルドがそうかどうか、一日あれば見抜くだろう。
Lore,746891903056,Lore.Hero.Motivation.Sal,"She goes where Pimenta goes. Bring the day closer when none of this is needed anymore, and she'll work twice as hard to get there.",ピメンタの行くところへついていく。もう戦わなくてよい日を近づけられるなら、そのために人一倍働くだろう。
Lore,746891903061,Lore.Hero.Motivation.Skorn,"He gets bored in guilds that fight carefully. Promise him the front of every fight, and the ugliest opponents you can find, and he's in.",慎重に戦うギルドでは退屈してしまう。毎回最前線に立たせ、見つけうる最悪の敵をぶつけると約束すれば、彼は加わる。
Lore,746891903091,Lore.Hero.Motivation.Tilly,She's not interested in being L'Héritage's new shiny thing. Her idea of beauty is a monster coming apart mid-swing. A guild with the bloodiest contracts is a guild she'll love.,レリタージュの新しい飾り物になる気はない。彼女が美しいと思うのは、振り抜く途中で怪物がばらばらになる光景だ。血なまぐさい依頼がいちばん多いギルドなら、きっと気に入る。
Lore,746891903001,Lore.Hero.Motivation.Yuuna,"She needs a guild that holds itself to a certain standard, and a team worth the loyalty. One caveat: no one has seen her without the mask, and knows who she really is.",一定の規律を守り、忠誠を捧げるに値する仲間がいるギルドを求めている。ただ、一つ注意すべき点がある。彼女が仮面を外した姿を見た者はおらず、本当は何者なのか誰も知らない。
Lore,746891903081,Lore.Hero.Motivation.Zuri,"Convince her your guild won't be overlooked, and she's interested.",あなたのギルドが決して埋もれないと納得させれば、彼女は興味を示す。
Lore,746891903082,Lore.Hero.Name.Aria,Aria,アリア
Lore,746891903097,Lore.Hero.Name.Dragomir,Dragomir,ドラゴミール
Lore,746896097288,Lore.Hero.Name.Fiona,Fiona,フィオナ
Lore,746891903062,Lore.Hero.Name.Funke,Funke,フンケ
Lore,746891903027,Lore.Hero.Name.Grace,Grace,グレイス
Lore,746896097283,Lore.Hero.Name.Gustav,Gustav,グスタフ
Lore,746891903002,Lore.Hero.Name.Hoyoung,Hoyoung,ホヨン
Lore,746891903022,Lore.Hero.Name.Irini,Irini,イリニ
Lore,746891902992,Lore.Hero.Name.Kai,Kai,カイ
Lore,746891903072,Lore.Hero.Name.Karsu,Karsu,カルス
Lore,746891903017,Lore.Hero.Name.Logan,Logan,ローガン
Lore,746891903007,Lore.Hero.Name.Ming,Ming,ミン
Lore,746896097293,Lore.Hero.Name.Niklas,Niklas,ニクラス
Lore,746891903012,Lore.Hero.Name.Nyx,Nyx,ニュクス
Lore,746891903042,Lore.Hero.Name.Pimenta,Pimenta,ピメンタ
Lore,746891903047,Lore.Hero.Name.Pollen,Pollen,ポーレン
Lore,746891903092,Lore.Hero.Name.Ratna,Ratna,ラトナ
Lore,746891903032,Lore.Hero.Name.Reyna,Reyna,レイナ
Lore,746891903067,Lore.Hero.Name.Rip,Rip,リップ
Lore,746891903037,Lore.Hero.Name.Rowan,Rowan,ローワン
Lore,746891903052,Lore.Hero.Name.Sal,Sal,サウ
Lore,746891903057,Lore.Hero.Name.Skorn,Skorn,スコルン
Lore,746891903087,Lore.Hero.Name.Tilly,Tilly,ティリー
Lore,746891902997,Lore.Hero.Name.Yuuna,Yuuna,ユウナ
Lore,746891903077,Lore.Hero.Name.Zuri,Zuri,ズーリ
Lore,746891903084,Lore.Hero.Quote.Aria,I've brought them with me.,あの声たちも連れてきたわ。
Lore,746896097280,Lore.Hero.Quote.Dragomir,You'll want me here. Trust me.,私をここに置いておくべきだ。信じてくれ。
Lore,746896097290,Lore.Hero.Quote.Fiona,I've got all we need here with me.,必要なものは全部、持ってきたよ。
Lore,746891903064,Lore.Hero.Quote.Funke,Let me do things my way.,俺のやり方でやらせろ。
Lore,746891903029,Lore.Hero.Quote.Grace,Me? Really? I.. I'll try my best.,私が？ 本当に？ わ、分かりました。精いっぱい頑張ります。
Lore,746896097285,Lore.Hero.Quote.Gustav,I've been wanting to test a scenario like this.,こういうケースを検証してみたかった。
Lore,746891903004,Lore.Hero.Quote.Hoyoung,Everything is lining up.,すべて狙いどおりだ。
Lore,746891903024,Lore.Hero.Quote.Irini,They said I'd never do this again.,もう二度と無理だって、みんな言ってた。
Lore,746891902994,Lore.Hero.Quote.Kai,Don't have all the fun without me.,俺抜きで楽しみ尽くすなよ。
Lore,746891903074,Lore.Hero.Quote.Karsu,I'm not here to talk.,話をしに来たんじゃない。
Lore,746891903019,Lore.Hero.Quote.Logan,I don't fight for sport. I fight to end this.,遊びで戦うんじゃない。終わらせるためだ。
Lore,746891903009,Lore.Hero.Quote.Ming,So this is where the world sends me next.,次はここへ流れ着いたか。
Lore,746896097295,Lore.Hero.Quote.Niklas,Looks like you know a deal when you see one.,取引の価値が分かるようだな。
Lore,746891903014,Lore.Hero.Quote.Nyx,Yeah. I know I'm small. Get over it.,そうだよ。小さいのは分かってる。もういいだろ。
Lore,746891903044,Lore.Hero.Quote.Pimenta,"If they want you, they'll have to go through me.",あなたを狙うなら、まず私を倒してもらう。
Lore,746891903049,Lore.Hero.Quote.Pollen,Ohh.. can you smell that? This rift is alive.,ああ…この匂い、分かる？ このリフト、生きてる。
Lore,746891903094,Lore.Hero.Quote.Ratna,Are you sure your guild can afford me?,あなたのギルド、私を雇えるだけの余裕はあるの？
Lore,746891903034,Lore.Hero.Quote.Reyna,"If I'm in, we train hard. Let's get to work.",私が入るなら、徹底的に鍛えるわよ。始めましょう。
Lore,746891903069,Lore.Hero.Quote.Rip,"Woof woof, no need to be scared. I don't bite.",ワンワン。怖がらなくていい。噛みはしない。
Lore,746891903039,Lore.Hero.Quote.Rowan,You're safe with me.,俺がいれば大丈夫だ。
Lore,746891903054,Lore.Hero.Quote.Sal,See? We're still here.,ほら。私たち、まだここにいる。
Lore,746891903059,Lore.Hero.Quote.Skorn,Let them try. I'll take it gladly.,やらせてみろ。喜んで受けてやる。
Lore,746891903089,Lore.Hero.Quote.Tilly,Oh.. I might actually be brilliant at this.,あら…私、これの天才かもしれない。
Lore,746891902999,Lore.Hero.Quote.Yuuna,I will not let our guild down.,ギルドの期待は裏切りません。
Lore,746891903079,Lore.Hero.Quote.Zuri,It's okay. You can take a peek.,大丈夫。少しくらい覗いてもいいのよ。
Lore,746891903083,Lore.Hero.Title.Aria,The Requiem,鎮魂歌
Lore,746891903098,Lore.Hero.Title.Dragomir,The Executive,重役
Lore,746896097289,Lore.Hero.Title.Fiona,The Maker,創造者
Lore,746891903063,Lore.Hero.Title.Funke,The Shackled,囚われし者
Lore,746891903028,Lore.Hero.Title.Grace,The Saint,聖女
Lore,746896097284,Lore.Hero.Title.Gustav,The Analyst,分析官
Lore,746891903003,Lore.Hero.Title.Hoyoung,The Newcomer,新参者
Lore,746891903023,Lore.Hero.Title.Irini,Second Wind,再起
Lore,746891902993,Lore.Hero.Title.Kai,The Shotcaller,司令塔
Lore,746891903073,Lore.Hero.Title.Karsu,The Finisher,仕留め役
Lore,746891903018,Lore.Hero.Title.Logan,The Executioner,処刑人
Lore,746891903008,Lore.Hero.Title.Ming,The Drifter,流浪人
Lore,746896097294,Lore.Hero.Title.Niklas,The Dealer,取引人
Lore,746891903013,Lore.Hero.Title.Nyx,The Stray,野良
Lore,746891903043,Lore.Hero.Title.Pimenta,The Rose Knight,薔薇の騎士
Lore,746891903048,Lore.Hero.Title.Pollen,The Bloom,花開く者
Lore,746891903093,Lore.Hero.Title.Ratna,The Matriarch,女傑
Lore,746891903033,Lore.Hero.Title.Reyna,The Contender,挑戦者
Lore,746891903068,Lore.Hero.Title.Rip,The Butcher,解体屋
Lore,746891903038,Lore.Hero.Title.Rowan,The Anchor,要石
Lore,746891903053,Lore.Hero.Title.Sal,The Keeper,守り手
Lore,746891903058,Lore.Hero.Title.Skorn,The Bulwark,防壁
Lore,746891903088,Lore.Hero.Title.Tilly,The Heiress,令嬢
Lore,746891902998,Lore.Hero.Title.Yuuna,The Professional,プロフェッショナル
Lore,746891903078,Lore.Hero.Title.Zuri,The Gorgon,ゴルゴン
Lore,746891902990,Lore.UI.CurrentGuild,Current role at guild: {guildname},現在の所属ギルド：{guildname}
Lore,746891902991,Lore.UI.ReasonToChange,Motivation to join your guild,あなたのギルドへ参加する動機
PassiveAbilities,44096926831476742,PassiveAbilities.PassiveAbility_101001.DataTrackingDescription,"[Items Created:]<bold> [{0}]<datatracking>
[Shards]<shard> [Generated:]<generate> [{1}]<datatracking>","[作成したアイテム：]<bold> [{0}]<datatracking>
[シャード]<shard>の[生成数：]<generate> [{1}]<datatracking>"
PassiveAbilities,9816540992749670,PassiveAbilities.PassiveAbility_101001.Description,"Every {0} [casts]<bold>, create a [random item]<trh> and gain [{1}+{2}_Rank]<statcalc_shard> [Shards]<shard>.",[アビリティを{0}回発動]<bold>するたび、[ランダムなアイテム]<trh>を1つ作成し、[シャード]<shard>を[{1}+{2}_Rank]<statcalc_shard>獲得する。
PassiveAbilities,9816540992749669,PassiveAbilities.PassiveAbility_101001.Name,The Right Hand,右腕
PassiveAbilities,43809116878667783,PassiveAbilities.PassiveAbility_101002.ClassDescription,Gain the [Vanguard]<vanguard> class and [200 Max HP]<maxhp>.,[ヴァンガード]<vanguard>クラスと[最大HP+200]<maxhp>を得る。
PassiveAbilities,9816540992749672,PassiveAbilities.PassiveAbility_101002.Description,"On [cast,]<bold> gain [{0}+{1}_MaxHealth]<statcalc_shield> [Shields]<shield>.

Whenever an enemy damages a [Shielded]<shield> Hero, inflict [{2}+{3}_Rank]<statcalc_burn> [Burn]<burn> on that enemy per [{4} Shields]<shield> removed. [Backup.]<backup>","[アクティブアビリティ発動時、]<bold>[シールド]<shield>を[{0}+{1}_MaxHealth]<statcalc_shield>獲得する。

敵が[シールド中]<shield>のヒーローへダメージを与えるたび、失われた[シールド{4}]<shield>ごとに、その敵へ[炎上]<burn>を[{2}+{3}_Rank]<statcalc_burn>付与する。[控え有効。]<backup>"
PassiveAbilities,9816540992749671,PassiveAbilities.PassiveAbility_101002.Name,The Lustrous,輝ける者
PassiveAbilities,44096926831476743,PassiveAbilities.PassiveAbility_101003.DataTrackingDescription,[Tycoon Stacks:]<bold> [{0}]<datatracking>,[大物スタック：]<bold> [{0}]<datatracking>
PassiveAbilities,9816540992749674,PassiveAbilities.PassiveAbility_101003.Description,"Every {0} [casts,]<bold> gain a [Tycoon]<bold> stack.

At [start of combat,]<bold> Heroes gain [{1}+{2}_ManaRegen]<statcalc_maxhp> [Max HP]<maxhp> per [Tycoon]<bold> stack. [Backup.]<backup>","[アビリティを{0}回発動するたび、]<bold>[大物]<bold>スタックを1獲得する。

[戦闘開始時、]<bold>[大物]<bold>スタック1つにつき、ヒーローの[最大HP]<maxhp>+[{1}+{2}_ManaRegen]<statcalc_maxhp>。[控え有効。]<backup>"
PassiveAbilities,9816540992749673,PassiveAbilities.PassiveAbility_101003.Name,The Tycoon,大物
PassiveAbilities,9816540992749616,PassiveAbilities.PassiveAbility_10101.Description,"Each [auto attack,]<bold> gain [{0} Attack Speed]<attackspeed>.

After [Stall ({1}),]<stall> [auto attacks]<bold> deal [{2}+{3}_AttackSpeed]<statcalc_damage> [bonus damage]<damage>.","[通常攻撃]<bold>のたび、[攻撃速度+{0}]<attackspeed>。

[忍耐（{1}）]<stall>後、[通常攻撃]<bold>が[追加ダメージ]<damage>[{2}+{3}_AttackSpeed]<statcalc_damage>を与える。"
PassiveAbilities,9816540992749615,PassiveAbilities.PassiveAbility_10101.Name,Limitless,限界知らず
PassiveAbilities,9816540992749618,PassiveAbilities.PassiveAbility_10102.Description,"After [Stall ({4}),]<stall> whenever a [Duelist]<duelist> [auto attacks]<bold> it gains [{0}+{1}_Rank]<statcalc_attackspeed> [Attack Speed]<attackspeed> and [{2}+{3}_Rank]<statcalc_attack> [Attack]<attack>. [Backup.]<backup>",[忍耐（{4}）]<stall>後、[デュエリスト]<duelist>が[通常攻撃]<bold>するたび、そのヒーローの[攻撃速度]<attackspeed>+[{0}+{1}_Rank]<statcalc_attackspeed>、[攻撃力]<attack>+[{2}+{3}_Rank]<statcalc_attack>。[控え有効。]<backup>
PassiveAbilities,9816540992749617,PassiveAbilities.PassiveAbility_10102.Name,The Mighty,剛力の者
PassiveAbilities,9816540992749620,PassiveAbilities.PassiveAbility_10103.Description,Gain the unique quest item [Zeus's Thunder]<bold>.,固有クエストアイテム[ゼウスの雷霆]<bold>を得る。
PassiveAbilities,9816540992749619,PassiveAbilities.PassiveAbility_10103.Name,The Olympic,オリンピアン
PassiveAbilities,9816540992749676,PassiveAbilities.PassiveAbility_101101.Description,"After [Stall ({0}),]<stall> gain [{1}+{2}_MaxHealth+{3}_Defense]<statcalc_hps> [HP/S]<hp/s>.",[忍耐（{0}）]<stall>後、[秒間HP回復]<hp/s>+[{1}+{2}_MaxHealth+{3}_Defense]<statcalc_hps>。
PassiveAbilities,9816540992749675,PassiveAbilities.PassiveAbility_101101.Name,Hearty,健壮
PassiveAbilities,9816540996943873,PassiveAbilities.PassiveAbility_101102.Description,"On [auto attack,]<bold> gain [{0}+{1}_MaxHealth]<statcalc_shield> [Shields]<shield>, then deal [bonus damage]<damage> equal to [{2}+{3}_Rank]<statcalc_damage>[%]<damage> of current [Shields]<shield> (Max Damage: [{4}+{5}_MaxHealth]<statcalc_damage>.",[通常攻撃時、]<bold>[シールド]<shield>を[{0}+{1}_MaxHealth]<statcalc_shield>獲得する。その後、現在の[シールド]<shield>の[{2}+{3}_Rank]<statcalc_damage>[%]<damage>に等しい[追加ダメージ]<damage>を与える（最大ダメージ：[{4}+{5}_MaxHealth]<statcalc_damage>）。
PassiveAbilities,9816540996943872,PassiveAbilities.PassiveAbility_101102.Name,The Protector,守護する者
PassiveAbilities,44096926831476744,PassiveAbilities.PassiveAbility_101103.DataTrackingDescription,"[Defense]<defense> Gained: [{0}]<datatracking>
[Max HP]<maxhp> Gained: [{1}]<datatracking>","[防御力]<defense>増加量：[{0}]<datatracking>
[最大HP]<maxhp>増加量：[{1}]<datatracking>"
PassiveAbilities,9816540996943875,PassiveAbilities.PassiveAbility_101103.Description,"On [Stall]<stall> trigger, permanently gain [{0} Max HP]<maxhp> and [{1} Defense]<defense>. [Backup.]<backup>

[Backup Only:]<backuponly> At [start of combat,]<bold> [Tanks]<tank> and [Vanguards]<vanguard> gain all [Defense]<defense> and [Max HP]<maxhp> gained from this ability.","[忍耐]<stall>発動時、[最大HP+{0}]<maxhp>、[防御力+{1}]<defense>（恒久）。[控え有効。]<backup>

[控え専用：]<backuponly>[戦闘開始時、]<bold>[タンク]<tank>と[ヴァンガード]<vanguard>は、このアビリティで増加した[防御力]<defense>と[最大HP]<maxhp>をすべて得る。"
PassiveAbilities,9816540996943874,PassiveAbilities.PassiveAbility_101103.Name,The Friend,友
PassiveAbilities,9816540996943877,PassiveAbilities.PassiveAbility_101201.Description,"When [auto attacked]<bold> after [Stall ({0}),]<stall> deal [{1}+{2}_Magic]<statcalc_damage> damage and inflict [{3}+{4}_Defense]<statcalc_poison> [Poison]<poison> on the attacker.",[忍耐（{0}）]<stall>後に[通常攻撃を受けると、]<bold>攻撃者へ[{1}+{2}_Magic]<statcalc_damage>ダメージを与え、[毒]<poison>を[{3}+{4}_Defense]<statcalc_poison>付与する。
PassiveAbilities,9816540996943876,PassiveAbilities.PassiveAbility_101201.Name,Retribution,報復
PassiveAbilities,9816540996943879,PassiveAbilities.PassiveAbility_101202.Description,"Whenever Skorn inflicts [Poison,]<poison> he inflicts an equal amount of [Frost]<frost>.


Whenever Skorn inflicts [Frost,]<frost> he gains [{0}+{1}_Rank]<statcalc_shield> [Shields]<shield>.","スコルンが[毒]<poison>を付与するたび、同量の[凍気]<frost>も付与する。


スコルンが[凍気]<frost>を付与するたび、[シールド]<shield>を[{0}+{1}_Rank]<statcalc_shield>獲得する。"
PassiveAbilities,9816540996943878,PassiveAbilities.PassiveAbility_101202.Name,The Winter's Bite,冬の牙
PassiveAbilities,9816540996943881,PassiveAbilities.PassiveAbility_101203.Description,"At [start of combat,]<bold> for each [Tank]<tank> in combat inflict [{0}+{1}_Rank]<statcalc_poison> [Poison]<poison> on all enemies and give [{2}+{3}_Rank]<statcalc_defense> [Defense]<defense> to all Heroes. [Backup.]<backup>",[戦闘開始時、]<bold>戦闘中の[タンク]<tank>1体につき、敵全体へ[毒]<poison>を[{0}+{1}_Rank]<statcalc_poison>付与し、味方全員の[防御力]<defense>+[{2}+{3}_Rank]<statcalc_defense>。[控え有効。]<backup>
PassiveAbilities,9816540996943880,PassiveAbilities.PassiveAbility_101203.Name,The Bristleguard,棘の守護者
PassiveAbilities,44096926831476745,PassiveAbilities.PassiveAbility_101301.DataTrackingDescription,[Rush]<rush> [Triggered:]<bold> [totalRushTriggers]<globaldatatracking>,[速攻]<rush>の[発動回数：]<bold> [totalRushTriggers]<globaldatatracking>
PassiveAbilities,9816540996943883,PassiveAbilities.PassiveAbility_101301.Description,"For [Rush ({0}),]<rush> [Warriors]<warrior> gain [{1}+{2}_Rank]<statcalc_attack> [Attack]<attack> and [{3}+{4}_Rank]<statcalc_defense> [Defense]<defense> per [Rush]<rush> trigger this game. [Backup.]<backup>",[速攻（{0}）]<rush>の間、このラン中の[速攻]<rush>発動1回につき、[ウォリアー]<warrior>の[攻撃力]<attack>+[{1}+{2}_Rank]<statcalc_attack>、[防御力]<defense>+[{3}+{4}_Rank]<statcalc_defense>。[控え有効。]<backup>
PassiveAbilities,9816540996943882,PassiveAbilities.PassiveAbility_101301.Name,The Iron,鉄人
PassiveAbilities,9816540996943885,PassiveAbilities.PassiveAbility_101302.Description,"Whenever Logan deals damage with [Execution,]<bold> he gains [lasting]<lasting> [Shields]<shield> equal to [{0}+{1}_Rank]<statcalc_shield>% of the damage dealt. ",ローガンが[処刑]<bold>でダメージを与えるたび、与えたダメージの[{0}+{1}_Rank]<statcalc_shield>%に等しい[永続]<lasting>[シールド]<shield>を獲得する。
PassiveAbilities,9816540996943884,PassiveAbilities.PassiveAbility_101302.Name,The Juggernaut,不壊の猛進者
PassiveAbilities,44096926831476746,PassiveAbilities.PassiveAbility_101303.DataTrackingDescription,"[Attack]<attack> Gained: [{0}]<datatracking>
[Crit]<crit> Gained: [{1}]<datatracking>","[攻撃力]<attack>増加量：[{0}]<datatracking>
[クリティカル]<crit>増加量：[{1}]<datatracking>"
PassiveAbilities,9816540996943887,PassiveAbilities.PassiveAbility_101303.Description,"On [kill,]<bold> gain [{2} Mana]<mana> and permanently gain [{0} Attack]<attack> and [{1} Crit]<crit>.",[敵撃破時、]<bold>[マナを{2}]<mana>獲得し、[攻撃力+{0}]<attack>、[クリティカル+{1}]<crit>（恒久）。
PassiveAbilities,9816540996943886,PassiveAbilities.PassiveAbility_101303.Name,The Momentous,大業を成す者
PassiveAbilities,9816540996943889,PassiveAbilities.PassiveAbility_101401.Description,"[Mages]<mage> gain [{0}+{1}_Rank]<statcalc_magic> [Magic]<magic> whenever an enemy in their [range]<attackrange> takes [Burn]<burn> damage. [Backup.]<backup>

Funke gains [{2} Mana]<mana> whenever an enemy in his [range]<attackrange> takes [Burn]<burn> damage.","敵が[射程]<attackrange>内で[炎上]<burn>ダメージを受けるたび、[メイジ]<mage>の[魔力]<magic>+[{0}+{1}_Rank]<statcalc_magic>。[控え有効。]<backup>

敵が自身の[射程]<attackrange>内で[炎上]<burn>ダメージを受けるたび、フンケは[マナを{2}]<mana>獲得する。"
PassiveAbilities,9816540996943888,PassiveAbilities.PassiveAbility_101401.Name,The Stoked,燃え上がる者
PassiveAbilities,9816540996943891,PassiveAbilities.PassiveAbility_101402.Description,"Gain [{0} Attack Range]<attackrange>.

At [start of combat]<bold> and after [Stall ({3}),]<stall> inflict [{1}+{2}_Magic]<statcalc_burn> [Burn]<burn> on all enemies in [range]<attackrange>.","[射程+{0}]<attackrange>。

[戦闘開始時]<bold>および[忍耐（{3}）]<stall>後、[射程]<attackrange>内の敵全体へ[炎上]<burn>を[{1}+{2}_Magic]<statcalc_burn>付与する。"
PassiveAbilities,9816540996943890,PassiveAbilities.PassiveAbility_101402.Name,The Inferno,業火
PassiveAbilities,9816540996943893,PassiveAbilities.PassiveAbility_101403.Description,"On [cast,]<bold> all enemies in [range]<attackrange> take [{0}+{1}_Rank]<statcalc_burn> ticks of [Burn]<burn> damage.",[アクティブアビリティ発動時、]<bold>[射程]<attackrange>内の敵全体が、[炎上]<burn>ダメージを[{0}+{1}_Rank]<statcalc_burn>回受ける。
PassiveAbilities,9816540996943892,PassiveAbilities.PassiveAbility_101403.Name,The Detonator,起爆者
PassiveAbilities,44096926831476747,PassiveAbilities.PassiveAbility_101501.DataTrackingDescription,[Shards]<shard> [Generated:]<generate> [{0}]<datatracking>,[シャード]<shard>の[生成数：]<generate> [{0}]<datatracking>
PassiveAbilities,9816540996943895,PassiveAbilities.PassiveAbility_101501.Description,"Gain [{0}+{1}_Attack]<statcalc_attackspeed> [Attack Speed]<attackspeed> and [{2}+{3}_AttackSpeed]<statcalc_attack> [Attack]<attack>.

Every {4} [auto attacks,]<bold> gain [{5}+{6}_Rank]<statcalc_shard> [Shards]<shard>.","[攻撃速度]<attackspeed>+[{0}+{1}_Attack]<statcalc_attackspeed>、[攻撃力]<attack>+[{2}+{3}_AttackSpeed]<statcalc_attack>。

[通常攻撃{4}回ごとに、]<bold>[シャード]<shard>を[{5}+{6}_Rank]<statcalc_shard>獲得する。"
PassiveAbilities,9816540996943894,PassiveAbilities.PassiveAbility_101501.Name,Luxurious,豪奢
PassiveAbilities,44096926831476748,PassiveAbilities.PassiveAbility_101502.DataTrackingDescription,[Shards]<shard> [Generated:]<generate> [globalShardsGenerated]<globaldatatracking>,[シャード]<shard>[生成数：]<generate> [globalShardsGenerated]<globaldatatracking>
PassiveAbilities,9816540996943897,PassiveAbilities.PassiveAbility_101502.Description,"Gain an item slot.

On [auto attack,]<bold> deal [bonus damage]<damage> per [Shard]<shard> [generated]<generate> this game.","アイテムスロット+1。

[通常攻撃時、]<bold>このラン中に[生成した]<generate>[シャード]<shard>1つにつき[追加ダメージ]<damage>を与える。"
PassiveAbilities,9816540996943896,PassiveAbilities.PassiveAbility_101502.Name,The Stylish,粋な者
PassiveAbilities,9816540996943899,PassiveAbilities.PassiveAbility_101503.Description,"For [Rush ({0}),]<rush> [Warriors]<warrior> gain [{1}+{2}_Rank]<statcalc_attack>[% Attack]<attack> and [{3}+{4}_Rank]<statcalc_crit>[% Crit]<crit>. [Backup.]<backup>

After [Stall ({5}),]<stall> [Duelists]<duelist> gain [{6}+{7}_Rank]<statcalc_attackspeed>[% Attack Speed]<attackspeed> and [{8}+{9}_Rank]<statcalc_crit>[% Crit]<crit>. [Backup.]<backup>","[速攻（{0}）]<rush>の間、[ウォリアー]<warrior>の攻撃力+[{1}+{2}_Rank]<statcalc_attack>[%]<attack>、クリティカル+[{3}+{4}_Rank]<statcalc_crit>[%]<crit>。[控え有効。]<backup>

[忍耐（{5}）]<stall>後、[デュエリスト]<duelist>の攻撃速度+[{6}+{7}_Rank]<statcalc_attackspeed>[%]<attackspeed>、クリティカル+[{8}+{9}_Rank]<statcalc_crit>[%]<crit>。[控え有効。]<backup>"
PassiveAbilities,9816540996943898,PassiveAbilities.PassiveAbility_101503.Name,The Sharp,鋭き者
PassiveAbilities,44096926831476749,PassiveAbilities.PassiveAbility_101601.DataTrackingDescription,"[Investments:]<bold> [{0}]<datatracking>
[Shards]<shard> [Generated/Spent:]<generate> [{1}]<datatracking>","[投資数：]<bold> [{0}]<datatracking>
[シャード]<shard>の[生成／消費数：]<generate> [{1}]<datatracking>"
PassiveAbilities,9816540996943901,PassiveAbilities.PassiveAbility_101601.Description,"At [start of combat,]<bold> spend [{0} Shards]<shard> to give Gustav an [Investment]<bold>. Give all Heroes [{1} Mana Regen]<manaregen> per [Investment]<bold>. [Backup]<backup>.

[Every {2} Investments,]<bold> gain [{3} Shards]<shard>. ","[戦闘開始時、]<bold>[シャードを{0}]<shard>消費して、グスタフに[投資]<bold>を1与える。味方全員の[マナ回復+{1}]<manaregen>（[投資]<bold>1つにつき）。[控え有効]<backup>。

[投資{2}ごとに、]<bold>[シャードを{3}]<shard>獲得する。"
PassiveAbilities,9816540996943900,PassiveAbilities.PassiveAbility_101601.Name,The Investor,投資家
PassiveAbilities,43809116878667784,PassiveAbilities.PassiveAbility_101602.ClassDescription,"Gain the [Tank]<tank> class, [40 Defense]<defense>, and [-1 Attack Range]<attackrange>.",[タンク]<tank>クラス、[防御力+40]<defense>、[攻撃射程-1]<attackrange>を得る。
PassiveAbilities,76066710824673280,PassiveAbilities.PassiveAbility_101602.DataTrackingDescription,[Defense]<defense> Gained: [{0}]<datatracking>,[防御力]<defense>増加量：[{0}]<datatracking>
PassiveAbilities,9816540996943903,PassiveAbilities.PassiveAbility_101602.Description,"[Blizzard]<bold> applies [{0}+{1}_Defense]<statcalc_shield> more [Shields]<shield> and always targets Gustav.

After [Stall ({2} and {3}),]<stall> permanently gain [{4}+{5}_Rank]<statcalc_defense> [Defense]<defense>.","[ブリザード]<bold>が付与する[シールド]<shield>が[{0}+{1}_Defense]<statcalc_shield>増え、必ずグスタフを標的にする。

[忍耐（{2}, {3}）]<stall>後、[防御力]<defense>+[{4}+{5}_Rank]<statcalc_defense>（恒久）。"
PassiveAbilities,9816540996943902,PassiveAbilities.PassiveAbility_101602.Name,The Glacier,氷河
PassiveAbilities,44096926831476750,PassiveAbilities.PassiveAbility_101603.DataTrackingDescription,[Shards]<shard> [Generated:]<generate> [{0}]<datatracking>,[シャード]<shard>の[生成数：]<generate> [{0}]<datatracking>
PassiveAbilities,9816540996943905,PassiveAbilities.PassiveAbility_101603.Description,"On [cast,]<bold> gain [{0} Shard]<shard>.

On [Shards]<shard> [generated,]<generate> gain [{1} Mana Regen]<manaregen> and [{2} Magic]<magic>.","[アクティブアビリティ発動時、]<bold>[シャードを{0}]<shard>獲得する。

[シャード]<shard>[生成時、]<generate>[マナ回復+{1}]<manaregen>、[魔力+{2}]<magic>。"
PassiveAbilities,9816540996943904,PassiveAbilities.PassiveAbility_101603.Name,The Avalanche,雪崩
PassiveAbilities,63372908599836672,PassiveAbilities.PassiveAbility_101701.CommonItemsBonus,<b>Common</b> Items ({0}): {1},<b>コモン</b>アイテム（{0}）：{1}
PassiveAbilities,9816540996943907,PassiveAbilities.PassiveAbility_101701.Description,"Gain an item slot.

At [start of combat,]<bold> gain [{0} Magic]<magic>, [{1} Mana Regen]<manaregen>, and [{2} HP/S]<hp/s> per rarity level of each equipped item.","アイテムスロット+1。

[戦闘開始時、]<bold>装備中の各アイテムのレアリティレベル1につき、[魔力+{0}]<magic>、[マナ回復+{1}]<manaregen>、[秒間HP回復+{2}]<hp/s>。"
PassiveAbilities,63372908616613889,PassiveAbilities.PassiveAbility_101701.EpicItemsBonus,<b>Epic</b> Items ({0}): {1},<b>エピック</b>アイテム（{0}）：{1}
PassiveAbilities,9816540996943906,PassiveAbilities.PassiveAbility_101701.Name,The Fashionable,流行の先駆者
PassiveAbilities,63372908616613888,PassiveAbilities.PassiveAbility_101701.RareItemsBonus,<b>Rare</b> Items ({0}): {1},<b>レア</b>アイテム（{0}）：{1}
PassiveAbilities,43809116878667785,PassiveAbilities.PassiveAbility_101702.ClassDescription,Gain the [Mystic]<mystic> class and [4 Mana Regen]<manaregen>.,[ミスティック]<mystic>クラスと[マナ回復+4]<manaregen>を得る。
PassiveAbilities,9816540996943909,PassiveAbilities.PassiveAbility_101702.Description,"On [cast,]<bold> other Heroes gain [{0}+{1}_Magic]<statcalc_magic> [Magic]<magic> and [{2}+{3}_ManaRegen]<statcalc_manaregen> [Mana Regen]<manaregen>.

[Backup Only:]<backuponly> At [start of combat,]<bold> [Mages]<mage> and [Mystics]<mystic> gain [{4}+{5}_Magic]<statcalc_magic> [Magic]<magic> and [{6}+{7}_ManaRegen]<statcalc_manaregen> [Mana Regen]<manaregen>.","[アクティブアビリティ発動時、]<bold>自身以外のヒーローの[魔力]<magic>+[{0}+{1}_Magic]<statcalc_magic>、[マナ回復]<manaregen>+[{2}+{3}_ManaRegen]<statcalc_manaregen>。

[控え専用：]<backuponly>[戦闘開始時、]<bold>[メイジ]<mage>と[ミスティック]<mystic>の[魔力]<magic>+[{4}+{5}_Magic]<statcalc_magic>、[マナ回復]<manaregen>+[{6}+{7}_ManaRegen]<statcalc_manaregen>。"
PassiveAbilities,9816540996943908,PassiveAbilities.PassiveAbility_101702.Name,The Ostentatious,絢爛たる者
PassiveAbilities,43809116878667786,PassiveAbilities.PassiveAbility_101703.ClassDescription,Gain the [Assassin]<assassin> class and [25 Crit]<crit>.,[アサシン]<assassin>クラスと[クリティカル+25]<crit>を得る。
PassiveAbilities,44096926831476751,PassiveAbilities.PassiveAbility_101703.DataTrackingDescription,[Crit]<crit> Gained: [{0}]<datatracking>,[クリティカル]<crit>増加量：[{0}]<datatracking>
PassiveAbilities,9816540996943911,PassiveAbilities.PassiveAbility_101703.Description,"[Starfall]<bold> also hits the lowest health enemy the first [{0}+{1}_Rank]<statcalc_rank> times it is cast each combat.

On [kill,]<bold> gain [Stealth]<stealth> for {4} seconds and permanently gain [{2}+{3}_Rank]<statcalc_crit> [Crit]<crit>. ","各戦闘で最初の[{0}+{1}_Rank]<statcalc_rank>回の発動時、[星落とし]<bold>が残りHPが最も少ない敵にも命中する。

[敵撃破時、]<bold>{4}秒間[ステルス]<stealth>を得て、[クリティカル]<crit>+[{2}+{3}_Rank]<statcalc_crit>（恒久）。"
PassiveAbilities,9816540996943910,PassiveAbilities.PassiveAbility_101703.Name,The Magnanimous,度量ある者
PassiveAbilities,9816540996943913,PassiveAbilities.PassiveAbility_101801.Description,"For [Rush ({0}),]<rush> gain [{1}+{2}_MaxHealth]<statcalc_attack> [Attack]<attack>.

Whenever Rip or an enemy adjacent to him first drops below [{3}% Max HP]<maxhp>, refresh all of his [Rush]<rush> abilities and gain [{4}+{5}_MaxHealth]<statcalc_attackspeed> [Attack Speed]<attackspeed>.","[速攻（{0}）]<rush>の間、[攻撃力]<attack>+[{1}+{2}_MaxHealth]<statcalc_attack>。

リップ自身、または隣接する各敵のHPが初めて[最大HPの{3}%]<maxhp>未満になると、リップの[速攻]<rush>アビリティをすべて再使用可能にし、[攻撃速度]<attackspeed>+[{4}+{5}_MaxHealth]<statcalc_attackspeed>。"
PassiveAbilities,9816540996943912,PassiveAbilities.PassiveAbility_101801.Name,Bloodthirsty,血に飢えた者
PassiveAbilities,44096926831476752,PassiveAbilities.PassiveAbility_101802.DataTrackingDescription,[Max HP]<maxhp> Gained: [{0}]<datatracking>,[最大HP]<maxhp>増加量：[{0}]<datatracking>
PassiveAbilities,9816540996943915,PassiveAbilities.PassiveAbility_101802.Description,"On [Rush]<rush> trigger, permanently gain [{0} Max HP]<maxhp>. [Backup.]<backup>

[Backup Only:]<backuponly> At [start of combat,]<bold> [Vanguards]<vanguard> gain all [Max HP]<maxhp> gained from this ability. ","[速攻]<rush>発動時、[最大HP+{0}]<maxhp>（恒久）。[控え有効。]<backup>

[控え専用：]<backuponly>[戦闘開始時、]<bold>[ヴァンガード]<vanguard>は、このアビリティで増加した[最大HP]<maxhp>をすべて得る。"
PassiveAbilities,9816540996943914,PassiveAbilities.PassiveAbility_101802.Name,The Glutton,大食漢
PassiveAbilities,43809116878667787,PassiveAbilities.PassiveAbility_101803.ClassDescription,Gain the [Assassin]<assassin> class and [35 Crit]<crit>.,[アサシン]<assassin>クラスと[クリティカル+35]<crit>を得る。
PassiveAbilities,9816540996943917,PassiveAbilities.PassiveAbility_101803.Description,"On [Crit,]<bold> steal [{0}+{1}_Crit]<statcalc_maxhp> [Health]<health> from the target.",[クリティカル時、]<bold>標的から[HP]<health>を[{0}+{1}_Crit]<statcalc_maxhp>奪う。
PassiveAbilities,9816540996943916,PassiveAbilities.PassiveAbility_101803.Name,The Brute,荒くれ者
PassiveAbilities,9816540996943919,PassiveAbilities.PassiveAbility_102001.Description,"[Snowpiercer]<bold> fires {0} more arrows.

After [Stall ({1}),]<stall> [Snowpiercer]<bold> arrows gain [{2}+{3}_Rank]<statcalc_crit> [Crit]<crit>.","[雪穿ち]<bold>が放つ矢+{0}本。

[忍耐（{1}）]<stall>後、[雪穿ち]<bold>の矢に[クリティカル]<crit>+[{2}+{3}_Rank]<statcalc_crit>。"
PassiveAbilities,9816540996943918,PassiveAbilities.PassiveAbility_102001.Name,The Falling Snow,降り積もる雪
PassiveAbilities,44096926831476753,PassiveAbilities.PassiveAbility_102002.DataTrackingDescription,"[Crit]<crit> Gained: [{0}]<datatracking>
[Attack]<attack> Gained: [{1}]<datatracking>
[Attack Speed]<attackspeed> Gained: [{2}]<datatracking>","[クリティカル]<crit>増加量：[{0}]<datatracking>
[攻撃力]<attack>増加量：[{1}]<datatracking>
[攻撃速度]<attackspeed>増加量：[{2}]<datatracking>"
PassiveAbilities,9816540996943921,PassiveAbilities.PassiveAbility_102002.Description,"On [cast,]<bold> permanently gain [{0} Crit]<crit>, [{1} Attack]<attack>, and [{2} Attack Speed]<attackspeed>.

At [start of combat,]<bold> other [Duelists]<duelists> gain all stats gained from this ability. [Backup.]<backup>","[アクティブアビリティ発動時、]<bold>[クリティカル+{0}]<crit>、[攻撃力+{1}]<attack>、[攻撃速度+{2}]<attackspeed>（恒久）。

[戦闘開始時、]<bold>自身以外の[デュエリスト]<duelists>は、このアビリティで増加したステータスをすべて得る。[控え有効。]<backup>"
PassiveAbilities,9816540996943920,PassiveAbilities.PassiveAbility_102002.Name,The Warband,戦団
PassiveAbilities,43809116878667788,PassiveAbilities.PassiveAbility_102003.ClassDescription,Gain the [Warrior]<warrior> class and [40 Attack]<attack>.,[ウォリアー]<warrior>クラスと[攻撃力+40]<attack>を得る。
PassiveAbilities,9816540996943923,PassiveAbilities.PassiveAbility_102003.Description,"On [auto attack,]<bold> fire an additional arrow that inflicts [{0}+{1}_AttackSpeed]<statcalc_frost> [Frost]<frost> and deals [{2}+{3}_Attack]<statcalc_attack>[%]<attack> of normal [auto attack]<bold> damage.",[通常攻撃時、]<bold>追加の矢を1本放つ。その矢は[凍気]<frost>を[{0}+{1}_AttackSpeed]<statcalc_frost>付与し、[通常攻撃]<bold>の[{2}+{3}_Attack]<statcalc_attack>[%]<attack>に等しいダメージを与える。
PassiveAbilities,9816540996943922,PassiveAbilities.PassiveAbility_102003.Name,The Frostbite,凍傷
PassiveAbilities,43809116845113344,PassiveAbilities.PassiveAbility_10201.ClassDescription,Gain the [Mystic]<mystic> class and [6 Mana Regen]<manaregen>.,[ミスティック]<mystic>クラスと[マナ回復+6]<manaregen>を得る。
PassiveAbilities,44096926802116608,PassiveAbilities.PassiveAbility_10201.DataTrackingDescription,[Mana Regen]<manaregen> Gained: [{0}]<datatracking>,[マナ回復]<manaregen>増加量：[{0}]<datatracking>
PassiveAbilities,9816540992749622,PassiveAbilities.PassiveAbility_10201.Description,"On [kill,]<bold> permanently gain [{0} Mana Regen]<manaregen> and [Stealth]<stealth> for {1} seconds.

At [start of combat,]<bold> other [Assassins]<assassin> and [Mystics]<mystic> gain all [Mana Regen]<manaregen> gained from this ability. [Backup.]<backup>","[敵撃破時、]<bold>[マナ回復+{0}]<manaregen>（恒久）を得て、{1}秒間[ステルス]<stealth>になる。

[戦闘開始時、]<bold>自身以外の[アサシン]<assassin>と[ミスティック]<mystic>は、このアビリティで増加した[マナ回復]<manaregen>をすべて得る。[控え有効。]<backup>"
PassiveAbilities,9816540992749621,PassiveAbilities.PassiveAbility_10201.Name,The Conduit,導き手
PassiveAbilities,44096926831476736,PassiveAbilities.PassiveAbility_10202.DataTrackingDescription,[Shards]<shard> [Generated:]<generate> [{0}]<datatracking>,[シャード]<shard>の[生成数：]<generate> [{0}]<datatracking>
PassiveAbilities,9816540992749624,PassiveAbilities.PassiveAbility_10202.Description,"[Killshot]<bold> gains [{0}+{1}_Rank]<statcalc_crit> [Crit]<crit> the first [{2}+{3}_Rank]<statcalc_rank> times it is cast each combat.

On [kill,]<bold> gain [{4} Shard]<shard> for each hex from the enemy.","各戦闘で最初の[{2}+{3}_Rank]<statcalc_rank>回の発動中、[致命の一矢]<bold>の[クリティカル]<crit>+[{0}+{1}_Rank]<statcalc_crit>。

[敵撃破時、]<bold>敵との距離1ヘクスにつき[シャードを{4}]<shard>獲得する。"
PassiveAbilities,9816540992749623,PassiveAbilities.PassiveAbility_10202.Name,The Hunter,狩人
PassiveAbilities,43809116878667776,PassiveAbilities.PassiveAbility_10203.ClassDescription,"Gain the [Warrior]<warrior> class, [50 Attack]<attack>, [40 Max Mana]<mana>, and [5 Attack Range]<attackrange>.",[ウォリアー]<warrior>クラス、[攻撃力+50]<attack>、[最大マナ+40]<mana>、[射程+5]<attackrange>を得る。
PassiveAbilities,9816540992749626,PassiveAbilities.PassiveAbility_10203.Description,"Always choose to target the furthest enemy.

[Auto attacks]<bold> gain [{0}+{1}_Rank]<statcalc_attack> [Attack]<attack> and [{2}+{3}_Rank]<statcalc_attack> [Crit]<crit> for each hex from the enemy.","常に最も遠い敵を標的にする。

[通常攻撃]<bold>は、敵との距離1ヘクスにつき[攻撃力]<attack>+[{0}+{1}_Rank]<statcalc_attack>、[クリティカル]<crit>+[{2}+{3}_Rank]<statcalc_attack>。"
PassiveAbilities,9816540992749625,PassiveAbilities.PassiveAbility_10203.Name,The Sniper,狙撃手
PassiveAbilities,9816540996943925,PassiveAbilities.PassiveAbility_102101.Description,"[Each second,]<bold> inflict [{0}+{1}_MaxHealth]<statcalc_burn> [Burn]<burn> on adjacent enemies.

For [Rush ({2}),]<rush> double the [Burn]<burn>.","[毎秒、]<bold>隣接する敵へ[炎上]<burn>を[{0}+{1}_MaxHealth]<statcalc_burn>付与する。

[速攻（{2}）]<rush>の間、付与する[炎上]<burn>が2倍になる。"
PassiveAbilities,9816540996943924,PassiveAbilities.PassiveAbility_102101.Name,Inner Flame,内なる炎
PassiveAbilities,9816540996943927,PassiveAbilities.PassiveAbility_102102.Description,"For [Rush ({0}),]<rush> [Vanguards]<vanguard> gain [{1}+{2}_Rank]<statcalc_maxhp>[% Max HP]<maxhp>. [Backup.]<backup>",[速攻（{0}）]<rush>の間、[ヴァンガード]<vanguard>の最大HP+[{1}+{2}_Rank]<statcalc_maxhp>[%]<maxhp>。[控え有効。]<backup>
PassiveAbilities,9816540996943926,PassiveAbilities.PassiveAbility_102102.Name,The Tempered,鍛えられし者
PassiveAbilities,9816540996943929,PassiveAbilities.PassiveAbility_102103.Description,"Increase the duration of [Rush]<rush> abilities by [{0}+{1}_Rank]<statcalc_rank> seconds.

For [Rush ({2}),]<rush> Ming is immune to damage.","[速攻]<rush>アビリティの持続時間+[{0}+{1}_Rank]<statcalc_rank>秒。

[速攻（{2}）]<rush>の間、ミンはダメージを受けない。"
PassiveAbilities,9816540996943928,PassiveAbilities.PassiveAbility_102103.Name,The Enlightened,悟りし者
PassiveAbilities,43809116878667789,PassiveAbilities.PassiveAbility_102201.ClassDescription,Gain the [Duelist]<duelist> class and [20 Attack Speed]<attackspeed>.,[デュエリスト]<duelist>クラスと[攻撃速度+20]<attackspeed>を得る。
PassiveAbilities,9816540996943931,PassiveAbilities.PassiveAbility_102201.Description,"On [auto attack,]<bold> for each type of [Debuff]<debuff> on the target inflict [{0}+{1}_Rank]<statcalc_rank> more of that [Debuff]<debuff> and deal [{2}+{3}_AttackSpeed]<statcalc_damage> [bonus damage]<damage>.",[通常攻撃時、]<bold>標的に付与されている[デバフ]<debuff>の種類ごとに、その[デバフ]<debuff>の付与量を[{0}+{1}_Rank]<statcalc_rank>増やし、[追加ダメージ]<damage>[{2}+{3}_AttackSpeed]<statcalc_damage>を与える。
PassiveAbilities,9816540996943930,PassiveAbilities.PassiveAbility_102201.Name,The Spicy,刺激的な者
PassiveAbilities,43809116882862080,PassiveAbilities.PassiveAbility_102202.ClassDescription,Gain the [Mage]<mage> class and [25 Magic]<magic>.,[メイジ]<mage>クラスと[魔力+25]<magic>を得る。
PassiveAbilities,9816540996943933,PassiveAbilities.PassiveAbility_102202.Description,"[Pepper Spray]<bold> expands in size and lasts {0} second longer.

After [Stall ({1}),]<stall> [Tanks]<tank> and [Mages]<mage> gain [{2}+{3}_Rank]<statcalc_defense> [Defense]<defense>. [Backup.]<backup>","[ペッパースプレー]<bold>の範囲が広がり、持続時間+{0}秒。

[忍耐（{1}）]<stall>後、[タンク]<tank>と[メイジ]<mage>の[防御力]<defense>+[{2}+{3}_Rank]<statcalc_defense>。[控え有効。]<backup>"
PassiveAbilities,9816540996943932,PassiveAbilities.PassiveAbility_102202.Name,The Seasoned,熟練の者
PassiveAbilities,44096926831476754,PassiveAbilities.PassiveAbility_102203.DataTrackingDescription,[Attack Speed]<attackspeed> [Given:]<bold> [{0}]<datatracking>,[攻撃速度]<attackspeed>[付与量：]<bold> [{0}]<datatracking>
PassiveAbilities,9816540996943935,PassiveAbilities.PassiveAbility_102203.Description,"At [start of combat,]<bold> Heroes directly behind Pimenta permanently gain [{0} Attack Speed]<attackspeed>. Sal gains {1} more.",[戦闘開始時、]<bold>ピメンタの真後ろにいるヒーローの[攻撃速度+{0}]<attackspeed>（恒久）。サウはさらに+{1}。
PassiveAbilities,9816540996943934,PassiveAbilities.PassiveAbility_102203.Name,The Lover,愛する者
PassiveAbilities,43809116882862081,PassiveAbilities.PassiveAbility_102301.ClassDescription,"Gain the [Duelist]<duelist> class, [20 Attack Speed]<attackspeed>, and [1 Attack Range]<attackrange>.",[デュエリスト]<duelist>クラス、[攻撃速度+20]<attackspeed>、[射程+1]<attackrange>を得る。
PassiveAbilities,9816540996943937,PassiveAbilities.PassiveAbility_102301.Description,"Whenever a [Mage]<mage> or [Duelist]<duelist> inflicts a [Debuff]<debuff>, they gain [{0}+{1}_Rank]<statcalc_attackspeed> [Attack Speed]<attackspeed> and [{2}+{3}_Rank]<statcalc_magic> [Magic]<magic>. [Backup.]<backup>",[メイジ]<mage>または[デュエリスト]<duelist>が[デバフ]<debuff>を付与するたび、そのヒーローの[攻撃速度]<attackspeed>+[{0}+{1}_Rank]<statcalc_attackspeed>、[魔力]<magic>+[{2}+{3}_Rank]<statcalc_magic>。[控え有効。]<backup>
PassiveAbilities,9816540996943936,PassiveAbilities.PassiveAbility_102301.Name,The Breezy,そよ風の者
PassiveAbilities,44096926831476755,PassiveAbilities.PassiveAbility_102302.DataTrackingDescription,[Defense]<defense> [Given:]<bold> [{0}]<datatracking>,[防御力]<defense>[付与量：]<bold> [{0}]<datatracking>
PassiveAbilities,9816540996943939,PassiveAbilities.PassiveAbility_102302.Description,"At [start of combat,]<bold> Heroes directly in front of Sal permanently gain [{0} Defense]<defense>. Pimenta gains {1} more.",[戦闘開始時、]<bold>サウの真正面にいるヒーローの[防御力+{0}]<defense>（恒久）。ピメンタはさらに+{1}。
PassiveAbilities,9816540996943938,PassiveAbilities.PassiveAbility_102302.Name,The Lover,愛する者
PassiveAbilities,43809116882862082,PassiveAbilities.PassiveAbility_102303.ClassDescription,Gain the [Warrior]<warrior> class and [50 Attack]<attack>.,[ウォリアー]<warrior>クラスと[攻撃力+50]<attack>を得る。
PassiveAbilities,9816540996943941,PassiveAbilities.PassiveAbility_102303.Description,"[Bonus damage]<damage> from [Permafrost]<bold> can [Crit]<crit>.

On [Crit,]<crit> inflict [{0}+{1}_Rank]<statcalc_frost> [Frost]<frost>.

On [cast,]<bold> Sal gains [{2}+{3}_Attack+{4}_Magic]<statcalc_crit> [Crit]<crit>.","[永久凍土]<bold>の[追加ダメージ]<damage>が[クリティカル]<crit>可能になる。

[クリティカル時、]<crit>[凍気]<frost>を[{0}+{1}_Rank]<statcalc_frost>付与する。

[アクティブアビリティ発動時、]<bold>サウの[クリティカル]<crit>+[{2}+{3}_Attack+{4}_Magic]<statcalc_crit>。"
PassiveAbilities,9816540996943940,PassiveAbilities.PassiveAbility_102303.Name,The Brisk,颯爽たる者
PassiveAbilities,44096926831476756,PassiveAbilities.PassiveAbility_102401.DataTrackingDescription,"[Omnivamp]<omnivamp> and [Crit]<crit> Gained: [{0}]<datatracking>
[Shards]<shard> [Generated/Spent:]<generate> [{1}]<datatracking>","[オムニヴァンプ]<omnivamp>／[クリティカル]<crit>増加量：[{0}]<datatracking>
[シャード]<shard>の[生成／消費数：]<generate> [{1}]<datatracking>"
PassiveAbilities,9816540996943943,PassiveAbilities.PassiveAbility_102401.Description,"[Devour]<bold> [generates]<generate> [{0}+{1}_Rank]<statcalc_shard> more [Shards]<shard> on [kill.]<bold>

On [cast,]<bold> consume [{2} Shards]<shard> to permanently gain [{3}+{4}_Rank]<statcalc_omnivamp> [Omnivamp]<omnivamp> and [{5}+{6}_Rank]<statcalc_crit> [Crit]<crit>.","[貪食]<bold>で[敵を倒したとき、]<bold>[生成する]<generate>[シャード]<shard>が[{0}+{1}_Rank]<statcalc_shard>増える。

[アクティブアビリティ発動時、]<bold>[シャードを{2}]<shard>消費し、[オムニヴァンプ]<omnivamp>+[{3}+{4}_Rank]<statcalc_omnivamp>、[クリティカル]<crit>+[{5}+{6}_Rank]<statcalc_crit>（恒久）。"
PassiveAbilities,9816540996943942,PassiveAbilities.PassiveAbility_102401.Name,The Greedy,強欲なる者
PassiveAbilities,43809116882862083,PassiveAbilities.PassiveAbility_102402.ClassDescription,Gain the [Mage]<mage> class and [25 Magic]<magic>.,[メイジ]<mage>クラスと[魔力+25]<magic>を得る。
PassiveAbilities,9816540996943945,PassiveAbilities.PassiveAbility_102402.Description,"On [cast,]<bold> gain [{0}+{1}_Rank]<statcalc_omnivamp> [Omnivamp]<omnivamp> and teleport behind the lowest health enemy.

On [Devour kill,]<bold> gain [{2} Mana]<mana> and [Stealth]<stealth> for {3} seconds.","[アクティブアビリティ発動時、]<bold>[オムニヴァンプ]<omnivamp>+[{0}+{1}_Rank]<statcalc_omnivamp>。さらに、残りHPが最も少ない敵の背後へテレポートする。

[貪食で敵を倒したとき、]<bold>[マナを{2}]<mana>獲得し、{3}秒間[ステルス]<stealth>になる。"
PassiveAbilities,9816540996943944,PassiveAbilities.PassiveAbility_102402.Name,The Sanguine,血気盛んな者
PassiveAbilities,43809116882862084,PassiveAbilities.PassiveAbility_102403.ClassDescription,Gain the [Vanguard]<vanguard> class and [200 Max HP]<maxhp>.,[ヴァンガード]<vanguard>クラスと[最大HP+200]<maxhp>を得る。
PassiveAbilities,44096926831476757,PassiveAbilities.PassiveAbility_102403.DataTrackingDescription,[Shards]<shard> [Generated:]<generate> [globalShardsGenerated]<globaldatatracking>,[シャード]<shard>[生成数：]<generate> [globalShardsGenerated]<globaldatatracking>
PassiveAbilities,9816540996943947,PassiveAbilities.PassiveAbility_102403.Description,"For [Rush ({0}),]<rush> [Assassins]<assassin> and [Vanguards]<vanguard> gain [{1} Omnivamp]<omnivamp> and [{2} Crit]<crit> per [Shard]<shard> [generated]<generate> this game. [Backup.]<backup>",[速攻（{0}）]<rush>の間、[アサシン]<assassin>と[ヴァンガード]<vanguard>は、このラン中に[生成した]<generate>[シャード]<shard>1つにつき[オムニヴァンプ+{1}]<omnivamp>、[クリティカル+{2}]<crit>。[控え有効。]<backup>
PassiveAbilities,9816540996943946,PassiveAbilities.PassiveAbility_102403.Name,The Kingpin,闇の顔役
PassiveAbilities,9816540996943949,PassiveAbilities.PassiveAbility_102601.Description,"Gain [{0}+{1}_Attack]<statcalc_shield>[%]<shield> more [Shields]<shield> from all sources.

Whenever Kai gains [Shields]<shield>, he also gains [{2}+{3}_Rank]<statcalc_attack> [Attack]<attack>.","あらゆる効果から得る[シールド]<shield>が[{0}+{1}_Attack]<statcalc_shield>[%]<shield>増える。

カイが[シールド]<shield>を獲得するたび、[攻撃力]<attack>+[{2}+{3}_Rank]<statcalc_attack>。"
PassiveAbilities,9816540996943948,PassiveAbilities.PassiveAbility_102601.Name,The Unstoppable,止められぬ者
PassiveAbilities,43809116882862085,PassiveAbilities.PassiveAbility_102602.ClassDescription,Gain the [Tank]<tank> class and [30 Defense]<defense>.,[タンク]<tank>クラスと[防御力+30]<defense>を得る。
PassiveAbilities,9816540996943951,PassiveAbilities.PassiveAbility_102602.Description,"[Resolute Strike]<bold> hits {0} second faster and affects a larger area.

On [cast]<bold> after [Stall ({3}),]<stall> gain [{1}+{2}_Defense]<statcalc_shield> [lasting]<lasting> [Shields]<shield>.","[不屈の一撃]<bold>が{0}秒早く命中し、効果範囲が広がる。

[忍耐（{3}）]<stall>後、[アクティブアビリティ発動時、]<bold>[永続]<lasting>[シールド]<shield>を[{1}+{2}_Defense]<statcalc_shield>獲得する。"
PassiveAbilities,9816540996943950,PassiveAbilities.PassiveAbility_102602.Name,The Bold,大胆なる者
PassiveAbilities,83960963810713600,PassiveAbilities.PassiveAbility_102603.DataTrackingDescription,[Attack]<attack> Gained: [{0}]<datatracking>,[攻撃力]<attack>増加量：[{0}]<datatracking>
PassiveAbilities,9816540996943953,PassiveAbilities.PassiveAbility_102603.Description,"On [Crit]<crit> for [Rush ({0}),]<rush> permanently gain [{1}+{2}_Rank]<statcalc_attack> [Attack]<attack> and [{5}+{6}_Attack]<statcalc_shield> [lasting]<lasting> [Shields]<shield>.

Whenever a [Warrior]<warrior> [Crits]<crit> reduce their target's [Defense]<defense> by [{3}+{4}_Rank]<statcalc_defense>. [Backup.]<backup>","[速攻（{0}）]<rush>の間に[クリティカル]<crit>が発生するたび、[攻撃力]<attack>+[{1}+{2}_Rank]<statcalc_attack>（恒久）。さらに[永続]<lasting>[シールド]<shield>を[{5}+{6}_Attack]<statcalc_shield>獲得する。

[ウォリアー]<warrior>が[クリティカル]<crit>を発生させるたび、標的の[防御力]<defense>を[{3}+{4}_Rank]<statcalc_defense>低下させる。[控え有効。]<backup>"
PassiveAbilities,9816540996943952,PassiveAbilities.PassiveAbility_102603.Name,The Intrepid,勇猛なる者
PassiveAbilities,9816540996943955,PassiveAbilities.PassiveAbility_102701.Description,"After [Stall ({0}),]<stall> [Salvation]<bold> targets all Heroes.

[Backup Only:]<backuponly> After [Stall ({1} and Stall {2}),]<stall> apply [{3}+{4}_Rank]<statcalc_shield> [Shields]<shield> to all Heroes and [heal]<heal> them for half that amount.","[忍耐（{0}）]<stall>後、[救済]<bold>が味方全員を対象にする。

[控え専用：]<backuponly>[忍耐（{1}, {2}）]<stall>後、味方全員へ[シールド]<shield>を[{3}+{4}_Rank]<statcalc_shield>付与し、その半分だけHPを[回復]<heal>する。"
PassiveAbilities,9816540996943954,PassiveAbilities.PassiveAbility_102701.Name,The Selfless,無私なる者
PassiveAbilities,44096926831476758,PassiveAbilities.PassiveAbility_102702.DataTrackingDescription,[Buffs Given:]<bold> [{0}]<datatracking>,[付与したバフ：]<bold> [{0}]<datatracking>
PassiveAbilities,9816540996943957,PassiveAbilities.PassiveAbility_102702.Description,"On [cast]<bold> after [Stall ({0}),]<stall> permanently give the target primary stats for each of their [classes]<gtp>. This ability only triggers [{1}+{2}_Rank]<statcalc_rank> times per combat.",[忍耐（{0}）]<stall>後、[アクティブアビリティ発動時、]<bold>標的が持つ各[クラス]<gtp>の主要ステータスを恒久的に増加させる。このアビリティは1戦闘につき[{1}+{2}_Rank]<statcalc_rank>回まで発動する。
PassiveAbilities,9816540996943956,PassiveAbilities.PassiveAbility_102702.Name,The Benevolent,慈愛なる者
PassiveAbilities,9816540996943959,PassiveAbilities.PassiveAbility_102703.Description,"Whenever a [Mystic]<mystic> [Shields]<shield> a Hero, give that Hero [{0}+{1}_Rank]<statcalc_rank> [Attack]<attack> and [Magic]<magic>. [Backup.]<backup>",[ミスティック]<mystic>がヒーローへ[シールド]<shield>を付与するたび、そのヒーローの[攻撃力]<attack>+[{0}+{1}_Rank]<statcalc_rank>、[魔力]<magic>も同量増加する。[控え有効。]<backup>
PassiveAbilities,9816540996943958,PassiveAbilities.PassiveAbility_102703.Name,The Radiant,光輝の者
PassiveAbilities,44096926831476737,PassiveAbilities.PassiveAbility_10301.DataTrackngDescription,[Rush]<rush> [Triggered:]<bold> [totalRushTriggers]<globaldatatracking>,[速攻]<rush>の[発動回数：]<bold> [totalRushTriggers]<globaldatatracking>
PassiveAbilities,9816540992749628,PassiveAbilities.PassiveAbility_10301.Description,"Gain [{0} Attack]<attack> per [Rush]<rush> triggered this game.

For [Rush ({1}),]<rush> [Warriors]<warrior> gain [{2} Crit]<crit> and [{3} Omnivamp]<omnivamp> per [Rush]<rush> triggered this game. [Backup.]<backup>","このラン中に[速攻]<rush>を1回発動するたび、[攻撃力+{0}]<attack>。

[速攻（{1}）]<rush>の間、このラン中の[速攻]<rush>発動1回につき、[ウォリアー]<warrior>の[クリティカル+{2}]<crit>、[オムニヴァンプ+{3}]<omnivamp>。[控え有効。]<backup>"
PassiveAbilities,9816540992749627,PassiveAbilities.PassiveAbility_10301.Name,The Champion,王者
PassiveAbilities,43809116878667777,PassiveAbilities.PassiveAbility_10302.ClassDescription,Gain the [Vanguard]<vanguard> class and [300 Max HP]<maxhp>.,[ヴァンガード]<vanguard>クラスと[最大HP+300]<maxhp>を得る。
PassiveAbilities,9816540992749630,PassiveAbilities.PassiveAbility_10302.Description,"[Triple Threat]<bold> applies {0}% more [Shields]<shield>.

Gain [{1} Attack]<attack> per [{2} Shields]<shield>, up to [{3}+{4}_MaxHealth]<statcalc_attack> [Attack]<attack>.","[三重の脅威]<bold>が付与する[シールド]<shield>が{0}%増える。

[シールド{2}]<shield>ごとに[攻撃力]<attack>+{1}。この効果による[攻撃力]<attack>の増加量は最大+[{3}+{4}_MaxHealth]<statcalc_attack>。"
PassiveAbilities,9816540992749629,PassiveAbilities.PassiveAbility_10302.Name,The Brawler,喧嘩屋
PassiveAbilities,43809116878667778,PassiveAbilities.PassiveAbility_10303.ClassDescription,Gain the [Duelist]<duelist> class and [20 Attack Speed]<attackspeed>.,[デュエリスト]<duelist>クラスと[攻撃速度+20]<attackspeed>を得る。
PassiveAbilities,9816540992749632,PassiveAbilities.PassiveAbility_10303.Description,"Every [{0} auto attacks,]<bold> deal [{1}+{2}_Attack]<statcalc_attack> [bonus damage]<damage> and inflict [{3}+{4}_AttackSpeed]<statcalc_burn> [Burn]<burn>.",[通常攻撃{0}回ごとに、]<bold>[追加ダメージ]<damage>[{1}+{2}_Attack]<statcalc_attack>を与え、[炎上]<burn>を[{3}+{4}_AttackSpeed]<statcalc_burn>付与する。
PassiveAbilities,9816540992749631,PassiveAbilities.PassiveAbility_10303.Name,The Boxer,拳闘士
PassiveAbilities,47711049711869952,PassiveAbilities.PassiveAbility_10401.DataTrackingDescription,[Crit]<crit> Gained: [{0}]<datatracking>,[クリティカル]<crit>増加量：[{0}]<datatracking>
PassiveAbilities,9816540992749634,PassiveAbilities.PassiveAbility_10401.Description,"When Yuuna goes below [{1}% Max HP,]<maxhp> she gains [Stealth]<stealth> for {0} seconds. Triggers once per combat.

Whenever Yuuna gains [Stealth,]<stealth> she gains [{2} Mana]<mana> and permanently gains [{3}+{4}_Rank]<statcalc_crit> [Crit]<crit>.","ユウナのHPが[最大HPの{1}%]<maxhp>未満になると、{0}秒間[ステルス]<stealth>を得る。1戦闘につき1回。

ユウナが[ステルス]<stealth>を得るたび、[マナを{2}]<mana>獲得し、[クリティカル]<crit>+[{3}+{4}_Rank]<statcalc_crit>（恒久）。"
PassiveAbilities,9816540992749633,PassiveAbilities.PassiveAbility_10401.Name,The Shadow,影
PassiveAbilities,44096926831476738,PassiveAbilities.PassiveAbility_10402.DataTrackingDescription,[Shards]<shard> [Generated:]<generate> [{0}]<datatracking>,[シャード]<shard>の[生成数：]<generate> [{0}]<datatracking>
PassiveAbilities,9816540992749636,PassiveAbilities.PassiveAbility_10402.Description,"[Shuriken Shadow Strike]<bold> fires an additional shuriken.

On [kill,]<bold> gain [{0}]<datatracking> [Shards]<shard> then permanently increase the [Shards]<shard> [generated]<generate> from this ability by {1}. Triggers once per combat.","[影手裏剣]<bold>が手裏剣を追加で1枚放つ。

[敵撃破時、]<bold>[シャード]<shard>を[{0}]<datatracking>獲得し、このアビリティが[生成する]<generate>[シャード]<shard>を恒久的に+{1}。1戦闘につき1回。"
PassiveAbilities,9816540992749635,PassiveAbilities.PassiveAbility_10402.Name,The Collector,収集家
PassiveAbilities,9816540992749638,PassiveAbilities.PassiveAbility_10403.Description,"[Shuriken Shadow Strike]<bold> gains [+{0}% Crit]<crit> against [Poisoned]<poison> enemies.

Whenever an [Assassin]<assassin> [Crits]<crit>, they inflict [{1}+{2}_Rank]<statcalc_poison> [Poison]<poison>. [Backup.]<backup>","[影手裏剣]<bold>は[毒]<poison>状態の敵に対して[クリティカル+{0}%]<crit>。

[アサシン]<assassin>が[クリティカル]<crit>を発生させるたび、[毒]<poison>を[{1}+{2}_Rank]<statcalc_poison>付与する。[控え有効。]<backup>"
PassiveAbilities,9816540992749637,PassiveAbilities.PassiveAbility_10403.Name,The Nightshade,夜の毒華
PassiveAbilities,48413713856716800,PassiveAbilities.PassiveAbility_10501.DataTrackingDescription,[Defense]<defense> and [Magic]<magic> Gained: [{0}]<datatracking>,[防御力]<defense>／[魔力]<magic>増加量：[{0}]<datatracking>
PassiveAbilities,9816540992749640,PassiveAbilities.PassiveAbility_10501.Description,"On [Crit,]<crit> permanently gain [{0} Defense]<defense> and [{1} Magic]<magic>. Triggers [{2}+{3}_Crit+{4}_Defense]<statcalc_defense> times per combat.",[クリティカル時、]<crit>[防御力+{0}]<defense>、[魔力+{1}]<magic>（恒久）。1戦闘につき[{2}+{3}_Crit+{4}_Defense]<statcalc_defense>回まで発動する。
PassiveAbilities,9816540992749639,PassiveAbilities.PassiveAbility_10501.Name,Stone Skin,石の皮膚
PassiveAbilities,9816540992749642,PassiveAbilities.PassiveAbility_10502.Description,"When [auto attacked,]<bold> inflict [{0}+{1}_Defense+{2}_Magic]<statcalc_poison> [Poison]<poison> on the attacker and gain [{3}+{4}_Rank]<statcalc_hps> [HP/S]<hp/s>.",[通常攻撃を受けたとき、]<bold>攻撃者へ[毒]<poison>を[{0}+{1}_Defense+{2}_Magic]<statcalc_poison>付与し、[秒間HP回復]<hp/s>+[{3}+{4}_Rank]<statcalc_hps>。
PassiveAbilities,9816540992749641,PassiveAbilities.PassiveAbility_10502.Name,The Serpent's Kiss,蛇の口づけ
PassiveAbilities,9816540992749644,PassiveAbilities.PassiveAbility_10503.Description,"For [Rush ({0}),]<rush> [auto attacks]<bold> deal [{1}+{2}_Crit+{3}_Magic]<statcalc_damage> [bonus damage]<damage> and [heal]<heal> [{1}+{2}_Crit+{3}_Magic]<statcalc_heal>.

After [Stall ({4}),]<stall> [auto attacks]<bold> deal [{5}+{6}_Crit+{7}_Defense]<statcalc_damage> [bonus damage]<damage> and [heal]<heal> [{5}+{6}_Crit+{7}_Defense]<statcalc_heal>.","[速攻（{0}）]<rush>の間、[通常攻撃]<bold>が[追加ダメージ]<damage>[{1}+{2}_Crit+{3}_Magic]<statcalc_damage>を与え、[{1}+{2}_Crit+{3}_Magic]<statcalc_heal>だけHPを[回復]<heal>する。

[忍耐（{4}）]<stall>後、[通常攻撃]<bold>が[追加ダメージ]<damage>[{5}+{6}_Crit+{7}_Defense]<statcalc_damage>を与え、[{5}+{6}_Crit+{7}_Defense]<statcalc_heal>だけHPを[回復]<heal>する。"
PassiveAbilities,9816540992749643,PassiveAbilities.PassiveAbility_10503.Name,The Bladedancer,剣舞の者
PassiveAbilities,44096926831476740,PassiveAbilities.PassiveAbility_10601.DataTrackingDescription,[Magic]<magic> Gained: [{0}]<datatracking>.,[魔力]<magic>増加量：[{0}]<datatracking>
PassiveAbilities,9816540992749646,PassiveAbilities.PassiveAbility_10601.Description,"On [Stall]<stall> trigger, permanently gain [{0} Magic]<magic>.

After [Stall ({1}, {2}, and {3}),]<stall> gain [+{4}% Magic]<magic> and increase the duration of Requiem Barrage by {5} second.","[忍耐]<stall>発動時、[魔力+{0}]<magic>（恒久）。

[忍耐（{1}, {2}, {3}）]<stall>後、[魔力+{4}%]<magic>。さらに「鎮魂歌の斉射」の持続時間+{5}秒。"
PassiveAbilities,9816540992749645,PassiveAbilities.PassiveAbility_10601.Name,The Crescendo,クレッシェンド
PassiveAbilities,9816540992749648,PassiveAbilities.PassiveAbility_10602.Description,"[Mages]<mage> inflict [{0}+{1}_Rank]<statcalc_rank>% [more Debuffs]<debuff>. [Backup.]<backup>

Aria inflicts an additional {2}% [more Debuffs]<debuff>.","[メイジ]<mage>が付与する[デバフの量]<debuff>が[{0}+{1}_Rank]<statcalc_rank>%増える。[控え有効。]<backup>

アリアが付与する[デバフの量]<debuff>はさらに{2}%増える。"
PassiveAbilities,9816540992749647,PassiveAbilities.PassiveAbility_10602.Name,The Resplendent,燦然たる者
PassiveAbilities,43809116878667779,PassiveAbilities.PassiveAbility_10603.ClassDescription,Gain the [Mystic]<mystic> class and [4 Mana Regen]<manaregen>.,[ミスティック]<mystic>クラスと[マナ回復+4]<manaregen>を得る。
PassiveAbilities,9816540992749650,PassiveAbilities.PassiveAbility_10603.Description,[Requiem Barrage]<bold> [Shields]<shield> Heroes for [{0}+{1}_Magic+{2}_ManaRegen]<statcalc_shield>.,[鎮魂歌の斉射]<bold>がヒーローへ[シールド]<shield>を[{0}+{1}_Magic+{2}_ManaRegen]<statcalc_shield>付与する。
PassiveAbilities,9816540992749649,PassiveAbilities.PassiveAbility_10603.Name,The Harmony,調和
PassiveAbilities,43809116878667780,PassiveAbilities.PassiveAbility_10701.ClassDescription,Gain the [Assassin]<assassin> class and [30 Crit]<crit>.,[アサシン]<assassin>クラスと[クリティカル+30]<crit>を得る。
PassiveAbilities,9816540992749652,PassiveAbilities.PassiveAbility_10701.Description,[Assassins]<assassin> and [Duelists]<duelist> instantly kill any enemies they damage below [{0}+{1}_Rank]<statcalc_rank>[% Max HP]<maxhp>. [Backup.]<backup>,[アサシン]<assassin>と[デュエリスト]<duelist>が敵にダメージを与え、その敵のHPが最大HPの[{0}+{1}_Rank]<statcalc_rank>[%]<maxhp>未満になると、その敵を即座に倒す。[控え有効。]<backup>
PassiveAbilities,9816540992749651,PassiveAbilities.PassiveAbility_10701.Name,The Keen-Eyed,慧眼の者
PassiveAbilities,9816540992749654,PassiveAbilities.PassiveAbility_10702.Description,"For [Rush ({0}),]<rush> gain [{1}+{2}_AttackSpeed]<statcalc_attackspeed> [Attack Speed]<attackspeed> and [{3}+{4}_Attack]<statcalc_attack> [Attack]<attack> for each time this ability has triggered this combat.

Every {5} [auto attacks,]<bold> refresh all of Nyx's [Rush]<rush> abilities.","[速攻（{0}）]<rush>の間、この戦闘でこのアビリティが発動した回数1回につき、[攻撃速度]<attackspeed>+[{1}+{2}_AttackSpeed]<statcalc_attackspeed>、[攻撃力]<attack>+[{3}+{4}_Attack]<statcalc_attack>。

[通常攻撃を{5}回]<bold>行うたび、ニュクスの[速攻]<rush>アビリティをすべて再使用可能にする。"
PassiveAbilities,9816540992749653,PassiveAbilities.PassiveAbility_10702.Name,Ferality,野性
PassiveAbilities,9816540992749656,PassiveAbilities.PassiveAbility_10703.Description,"After [Stall ({8}),]<stall> each [auto attack]<bold> inflicts [{0}+{1}_AttackSpeed]<statcalc_burn> [Burn]<burn>.
After [Stall ({2}),]<stall> each [auto attack]<bold> inflicts [{3}+{4}_AttackSpeed]<statcalc_frost> [Frost]<frost>.
After [Stall ({5}),]<stall> each [auto attack]<bold> inflicts [{6}+{7}_AttackSpeed]<statcalc_poison> [Poison]<poison>.","[忍耐（{8}）]<stall>後、各[通常攻撃]<bold>が[炎上]<burn>を[{0}+{1}_AttackSpeed]<statcalc_burn>付与する。
[忍耐（{2}）]<stall>後、各[通常攻撃]<bold>が[凍気]<frost>を[{3}+{4}_AttackSpeed]<statcalc_frost>付与する。
[忍耐（{5}）]<stall>後、各[通常攻撃]<bold>が[毒]<poison>を[{6}+{7}_AttackSpeed]<statcalc_poison>付与する。"
PassiveAbilities,9816540992749655,PassiveAbilities.PassiveAbility_10703.Name,The Spark,火花
PassiveAbilities,9816540992749658,PassiveAbilities.PassiveAbility_10801.Description,"After [Stall ({0}),]<stall> Double [Sanctuary of Bloom's]<bold> [healing]<heal> and [Shielding]<shield>. It lasts {1} second longer. ",[忍耐（{0}）]<stall>後、[花咲く聖域]<bold>の[回復量]<heal>と[シールド量]<shield>が2倍になり、持続時間+{1}秒。
PassiveAbilities,9816540992749657,PassiveAbilities.PassiveAbility_10801.Name,The Bloomer,花開く者
PassiveAbilities,9816540992749660,PassiveAbilities.PassiveAbility_10802.Description,"After [Stall ({0}),]<stall> [Sanctuary of Bloom]<bold> inflicts [{1}% more Poison]<poison>.

After [Stall ({2}),]<stall> increase the amount of [Debuffs]<debuff> on all enemies by [{3}+{4}_Rank]<statcalc_rank>[%]<rank>. [Backup.]<backup>","[忍耐（{0}）]<stall>後、[花咲く聖域]<bold>が付与する[毒が{1}%増える]<poison>。

[忍耐（{2}）]<stall>後、敵全体の[デバフ]<debuff>量を[{3}+{4}_Rank]<statcalc_rank>[%]<rank>増加させる。[控え有効。]<backup>"
PassiveAbilities,9816540992749659,PassiveAbilities.PassiveAbility_10802.Name,The Fae's Kiss,妖精の口づけ
PassiveAbilities,43809116878667781,PassiveAbilities.PassiveAbility_10803.ClassDescription,Gain the [Mage]<mage> class and [30 Magic]<magic>.,[メイジ]<mage>クラスと[魔力+30]<magic>を得る。
PassiveAbilities,9816540992749662,PassiveAbilities.PassiveAbility_10803.Description,"After [Stall ({0}),]<stall> [Sanctuary of Bloom]<bold> also inflicts [{1}+{2}_Magic]<statcalc_frost> [Frost]<frost> and [{3}+{4}_Magic]<statcalc_burn> [Burn]<burn> each second.",[忍耐（{0}）]<stall>後、[花咲く聖域]<bold>が毎秒[凍気]<frost>を[{1}+{2}_Magic]<statcalc_frost>、[炎上]<burn>を[{3}+{4}_Magic]<statcalc_burn>付与する。
PassiveAbilities,9816540992749661,PassiveAbilities.PassiveAbility_10803.Name,The Earth's Child,大地の子
PassiveAbilities,9816540992749582,PassiveAbilities.PassiveAbility_109.Description,Gain [{0}+{1}_MaxHealth]<statcalc_hps> [HP/S]<hp/s>.,[秒間HP回復]<hp/s>+[{0}+{1}_MaxHealth]<statcalc_hps>。
PassiveAbilities,9816540992749581,PassiveAbilities.PassiveAbility_109.Name,Regeneration,再生
PassiveAbilities,47806553833594880,PassiveAbilities.PassiveAbility_10901.DataTrackingDescription,"[Items Consumed:]<bold> [{0}]<datatracking>
[Shards]<shard> [Generated:]<generate> [{1}]<datatracking>","[消費したアイテム：]<bold> [{0}]<datatracking>
[シャード]<shard>の[生成数：]<generate> [{1}]<datatracking>"
PassiveAbilities,9816540992749664,PassiveAbilities.PassiveAbility_10901.Description,"Niklas has an extra item slot. When he [survives]<bold> combat, consume the item in his leftmost item slot to permanently gain {0}% of its stats and [Shards]<shard> equal to [{1}% of its value]<rhd>.

For [Rush ({2}),]<rush> [auto attacks]<bold> inflict [{3}+{4}_MaxHealth]<statcalc_burn> [Burn]<burn> per equipped item.","アイテムスロット+1。ニクラスが戦闘を[生き延びたとき、]<bold>一番左のアイテムを消費する。そのステータスの{0}%を恒久的に得て、[価格の{1}%]<rhd>に等しい[シャード]<shard>を獲得する。

[速攻（{2}）]<rush>の間、[通常攻撃]<bold>が装備中のアイテム1個につき[炎上]<burn>を[{3}+{4}_MaxHealth]<statcalc_burn>付与する。"
PassiveAbilities,9816540992749663,PassiveAbilities.PassiveAbility_10901.Name,Red Hot Deals,激アツ取引
PassiveAbilities,9816540992749666,PassiveAbilities.PassiveAbility_10902.Description,"Gain an item slot.

For [Rush ({0}),]<rush> gain [{1}+{2}_MaxHealth]<statcalc_shield> [Shields]<shield> per equipped item.","アイテムスロット+1。

[速攻（{0}）]<rush>の間、装備中のアイテム1個につき[シールド]<shield>を[{1}+{2}_MaxHealth]<statcalc_shield>獲得する。"
PassiveAbilities,9816540992749665,PassiveAbilities.PassiveAbility_10902.Name,The Executive,重役
PassiveAbilities,43809116878667782,PassiveAbilities.PassiveAbility_10903.ClassDescription,Gain the [Tank]<tank> class and [30 Defense]<defense>.,[タンク]<tank>クラスと[防御力+30]<defense>を得る。
PassiveAbilities,44096926831476741,PassiveAbilities.PassiveAbility_10903.DataTrackingDescription,[Shards]<shard> [Generated:]<generate> [globalShardsGenerated]<globaldatatracking>,[シャード]<shard>[生成数：]<generate> [globalShardsGenerated]<globaldatatracking>
PassiveAbilities,9816540992749668,PassiveAbilities.PassiveAbility_10903.Description,"Whenever a [Vanguard]<vanguard> or [Tank]<tank> is [auto attacked]<bold>, they deal [{0} damage]<damage> to the attacker per [Shard]<shard> [generated]<generate> this game. [Backup.]<backup>",[ヴァンガード]<vanguard>または[タンク]<tank>が[通常攻撃を受けるたび、]<bold>このラン中に[生成した]<generate>[シャード]<shard>1つにつき、攻撃者へ[{0}ダメージ]<damage>を与える。[控え有効。]<backup>
PassiveAbilities,9816540992749667,PassiveAbilities.PassiveAbility_10903.Name,The Hoarder,溜め込み屋
PassiveAbilities,9816540992749584,PassiveAbilities.PassiveAbility_110.Description,[Start of Combat:]<bold> Gain [{0}+{1}_Magic]<statcalc_defense> [Defense]<defense>.,[戦闘開始時：]<bold>[防御力]<defense>+[{0}+{1}_Magic]<statcalc_defense>。
PassiveAbilities,9816540992749583,PassiveAbilities.PassiveAbility_110.Name,Oak Skin,樫の皮膚
PassiveAbilities,9816540992749590,PassiveAbilities.PassiveAbility_113.Description,[Every {0} Seconds:]<bold> Gain [{1}+{2}_MaxHealth]<statcalc_shield> [Shields]<shield>.,[{0}秒ごと：]<bold>[シールド]<shield>を[{1}+{2}_MaxHealth]<statcalc_shield>獲得する。
PassiveAbilities,9816540992749589,PassiveAbilities.PassiveAbility_113.Name,Shields Up!,シールド展開！
PassiveAbilities,9816540992749592,PassiveAbilities.PassiveAbility_114.Description,[Every {0} Attacks:]<bold> Inflict [{1}+{2}_Crit]<statcalc_poison> [Poison]<poison>.,[通常攻撃{0}回ごと：]<bold>[毒]<poison>を[{1}+{2}_Crit]<statcalc_poison>付与する。
PassiveAbilities,9816540992749591,PassiveAbilities.PassiveAbility_114.Name,Poisonous,毒性
PassiveAbilities,9816540992749594,PassiveAbilities.PassiveAbility_115.Description,"At [start of combat,]<bold> jump to the enemy backline, landing on the hex directly opposite the Lizard's starting position. If occupied, land on the nearest available hex.",[戦闘開始時、]<bold>敵の後衛へ跳躍し、リザードの初期位置の真向かいにあるヘクスへ着地する。埋まっている場合は、最も近い空きヘクスへ着地する。
PassiveAbilities,9816540992749593,PassiveAbilities.PassiveAbility_115.Name,Lizard Leap,トカゲの跳躍
PassiveAbilities,9816540992749596,PassiveAbilities.PassiveAbility_116.Description,"When this unit dies, it deals [{0}+{1}_Magic]<statcalc_damage> damage and inflicts [{2}+{3}_Magic]<statcalc_burn> [Burn]<burn> on all adjacent enemies.",このユニットが倒れると、隣接する敵全体へ[{0}+{1}_Magic]<statcalc_damage>ダメージを与え、[炎上]<burn>を[{2}+{3}_Magic]<statcalc_burn>付与する。
PassiveAbilities,9816540992749595,PassiveAbilities.PassiveAbility_116.Name,Explosive,爆発性
PassiveAbilities,9816540992749600,PassiveAbilities.PassiveAbility_118.Description,"At [start of combat,]<bold> gain [{0} Omnivamp]<omnivamp>.

[Every {1} auto attacks,]<bold> inflict [{2}+{3}_Crit]<statcalc_poison> [Poison]<poison>.","[戦闘開始時、]<bold>[オムニヴァンプ+{0}]<omnivamp>。

[通常攻撃{1}回ごとに、]<bold>[毒]<poison>を[{2}+{3}_Crit]<statcalc_poison>付与する。"
PassiveAbilities,9816540992749599,PassiveAbilities.PassiveAbility_118.Name,Venomous,有毒
PassiveAbilities,45910753000022016,PassiveAbilities.PassiveAbility_120.Description,"[Every {0} auto attacks,]<bold> inflict [{1}+{2}_Crit]<statcalc_poison> [Poison]<poison>.",[通常攻撃{0}回ごとに、]<bold>[毒]<poison>を[{1}+{2}_Crit]<statcalc_poison>付与する。
PassiveAbilities,45910752932913152,PassiveAbilities.PassiveAbility_120.Name,Poisonous,毒性
PassiveAbilities,9816540992749604,PassiveAbilities.PassiveAbility_201.Description,The Dragon's auto attacks inflict [{1}+{2}_Magic]<statcalc_burn> [Burn]<burn> and hit all Heroes adjacent to its target for [{0}% damage]<damage>.,ドラゴンの通常攻撃は[炎上]<burn>を[{1}+{2}_Magic]<statcalc_burn>付与し、標的に隣接するヒーロー全員にも[{0}%ダメージ]<damage>で命中する。
PassiveAbilities,9816540992749603,PassiveAbilities.PassiveAbility_201.Name,Flaming Attacks,炎熱攻撃
PassiveAbilities,9816540992749606,PassiveAbilities.PassiveAbility_202.Description,The Dragon's auto attacks inflict [{1}+{2}_Magic]<statcalc_frost> [Frost]<frost> and hit all Heroes adjacent to its target for [{0}% damage]<damage>.,ドラゴンの通常攻撃は[凍気]<frost>を[{1}+{2}_Magic]<statcalc_frost>付与し、標的に隣接するヒーロー全員にも[{0}%ダメージ]<damage>で命中する。
PassiveAbilities,9816540992749605,PassiveAbilities.PassiveAbility_202.Name,Freezing Attacks,凍気攻撃
PassiveAbilities,9816540992749608,PassiveAbilities.PassiveAbility_203.Description,The Dragon's auto attacks inflict [{1}+{2}_Magic]<statcalc_poison> [Poison]<poison> and hit all Heroes adjacent to its target for [{0}% damage]<damage>.,ドラゴンの通常攻撃は[毒]<poison>を[{1}+{2}_Magic]<statcalc_poison>付与し、標的に隣接するヒーロー全員にも[{0}%ダメージ]<damage>で命中する。
PassiveAbilities,9816540992749607,PassiveAbilities.PassiveAbility_203.Name,Toxic Attacks,猛毒攻撃
PassiveAbilities,9816540992749610,PassiveAbilities.PassiveAbility_204.Description,"When the Demon reaches {0}% remaining [Max HP]<maxhp>, it gains [{5} Attack Speed]<attackspeed>, [{1}+{2}_MaxHealth]<statcalc_shield> [Shields]<shield>, and inflicts [{3}+{4}_Attack]<statcalc_burn> [Burn]<burn> on all Heroes.",デーモンの残りHPが[最大HP]<maxhp>の{0}%に達すると、[攻撃速度+{5}]<attackspeed>、[シールド]<shield>を[{1}+{2}_MaxHealth]<statcalc_shield>獲得し、ヒーロー全員へ[炎上]<burn>を[{3}+{4}_Attack]<statcalc_burn>付与する。
PassiveAbilities,9816540992749609,PassiveAbilities.PassiveAbility_204.Name,Fury,激怒
PassiveAbilities,9816540992749612,PassiveAbilities.PassiveAbility_205.Description,"When the Hydra goes below [{0}% and {1}% Max HP]<maxhp> it loses a head.

The Hydra attacks an additional time for each head it has beyond the first. The bonus attacks deal {2}% damage.

The Hydra gains [{3} HP/S]<hp/s> per head.","ヒュドラのHPが[最大HPの{0}%と{1}%]<maxhp>を下回るたび、頭を1つ失う。

最初の1つを超える頭1つにつき、ヒュドラの攻撃回数+1。追加攻撃のダメージは{2}%。

頭1つにつき[秒間HP回復+{3}]<hp/s>。"
PassiveAbilities,9816540992749611,PassiveAbilities.PassiveAbility_205.Name,Three Heads,三つ首
RankModifiers,11912747969921024,RankModifiers.RankModifier_1.Description,"On [auto attack,]<bold> inflict [{0}+{1}_AttackSpeed]<statcalc_burn> [Burn]<burn> (Max: {2}).",[通常攻撃時、]<bold>[炎上]<burn>を[{0}+{1}_AttackSpeed]<statcalc_burn>付与する（最大：{2}）。
RankModifiers,11912747948949504,RankModifiers.RankModifier_1.Name,Burning Attacks,炎上攻撃
RankModifiers,11912747969921042,RankModifiers.RankModifier_10.Description,"On [Crit,]<crit> [heal]<heal> [{0}+{1}_Crit]<statcalc_heal> [health]<heal> and gain [{2} Mana]<mana>.",[クリティカル時、]<crit>[HP]<heal>を[{0}+{1}_Crit]<statcalc_heal>[回復]<heal>し、[マナを{2}]<mana>獲得する。
RankModifiers,11912747969921041,RankModifiers.RankModifier_10.Name,Critical Invigoration,会心の活力
RankModifiers,11912747969921222,RankModifiers.RankModifier_100.Description,"When [auto attacked]<bold> by an enemy with [Frost]<frost>, gain [{0} HP/S]<hp/s>.",[凍気]<frost>状態の敵から[通常攻撃を受けたとき、]<bold>[秒間HP回復+{0}]<hp/s>。
RankModifiers,11912747969921221,RankModifiers.RankModifier_100.Name,Freezing Restoration,凍気の再生
RankModifiers,11912747969921224,RankModifiers.RankModifier_101.Description,"When [auto attacked,]<bold> inflict [{0}+{1}_Defense]<statcalc_poison> [Poison]<poison> on the attacker (Max: {2}).",[通常攻撃を受けたとき、]<bold>攻撃者へ[毒]<poison>を[{0}+{1}_Defense]<statcalc_poison>付与する（最大：{2}）。
RankModifiers,11912747969921223,RankModifiers.RankModifier_101.Name,Poisonous Aura,毒のオーラ
RankModifiers,11912747969921226,RankModifiers.RankModifier_102.Description,"When [auto attacked]<bold> by an enemy with [Poison]<poison>, gain [{0} HP/S]<hp/s>.",[毒]<poison>状態の敵から[通常攻撃を受けたとき、]<bold>[秒間HP回復+{0}]<hp/s>。
RankModifiers,11912747969921225,RankModifiers.RankModifier_102.Name,Poisonous Restoration,毒の再生
RankModifiers,11912747969921228,RankModifiers.RankModifier_103.Description,[Tanks]<tank> gain [+{0}% Defense]<defense> against damage from enemies with [Poison]<poison>. [Backup]<backup>.,[タンク]<tank>が[毒]<poison>状態の敵から受けるダメージに対し、[防御力+{0}%]<defense>。[控え有効]<backup>。
RankModifiers,11912747969921227,RankModifiers.RankModifier_103.Name,Poisonous Presence,毒の加護
RankModifiers,11912747969921230,RankModifiers.RankModifier_104.Description,This Hero gains [+{0}% Defense]<defense> for each enemy targeting it.,自身を狙っている敵1体につき、このヒーローの[防御力+{0}%]<defense>。
RankModifiers,11912747969921229,RankModifiers.RankModifier_104.Name,Protector,守護者
RankModifiers,11912747969921232,RankModifiers.RankModifier_105.Description,"At [start of combat,]<bold> if this Hero is in the back row all Heroes gain [+{0}% Defense]<defense>.",[戦闘開始時、]<bold>このヒーローが後列にいる場合、味方全員の[防御力+{0}%]<defense>。
RankModifiers,11912747969921231,RankModifiers.RankModifier_105.Name,Rear Support,後衛支援
RankModifiers,46193532301082624,RankModifiers.RankModifier_11.DataTrackingDescription,[Rerolls]<reroll> [this Game:]<bold> [globalRerolls]<globaldatatracking>,このラン中の[リロール]<reroll>[回数：]<bold> [globalRerolls]<globaldatatracking>
RankModifiers,11912747969921044,RankModifiers.RankModifier_11.Description,[Duelists]<duelist> gain [{0} Attack Speed]<attackspeed> per [reroll]<reroll> this game. [Backup]<backup>.,このラン中の[リロール]<reroll>1回につき、[デュエリスト]<duelist>の[攻撃速度+{0}]<attackspeed>。[控え有効]<backup>。
RankModifiers,11912747969921043,RankModifiers.RankModifier_11.Name,Rolling Speed,リロール加速
RankModifiers,46193532301082625,RankModifiers.RankModifier_12.DataTrackingDescription,[Shards]<shard> [Generated:]<generate> [12]<datatracking>,[シャード]<shard>の[生成数：]<generate> [12]<datatracking>
RankModifiers,11912747969921046,RankModifiers.RankModifier_12.Description,"[Every {0} auto attacks,]<bold> gain [{1} Shard]<shard>.",[通常攻撃{0}回ごとに、]<bold>[シャードを{1}]<shard>獲得する。
RankModifiers,11912747969921045,RankModifiers.RankModifier_12.Name,Golden Eye,黄金の瞳
RankModifiers,11912747969921048,RankModifiers.RankModifier_13.Description,Gain [{0} Range]<attackrange>.,[射程+{0}]<attackrange>。
RankModifiers,11912747969921047,RankModifiers.RankModifier_13.Name,Ranger,レンジャー
RankModifiers,46193532301082632,RankModifiers.RankModifier_136.DataTrackingDescription,[Rerolls]<reroll> [this Game:]<bold> [globalRerolls]<globaldatatracking>,このラン中の[リロール]<reroll>[回数：]<bold> [globalRerolls]<globaldatatracking>
RankModifiers,11912747969921294,RankModifiers.RankModifier_136.Description,[Mystics]<mystic> gain [{0} Mana Regen]<manaregen> for each [reroll]<reroll> this game. [Backup]<backup>.,このラン中の[リロール]<reroll>1回につき、[ミスティック]<mystic>の[マナ回復+{0}]<manaregen>。[控え有効]<backup>。
RankModifiers,11912747969921293,RankModifiers.RankModifier_136.Name,Rolling Conduit,リロール導管
RankModifiers,46193532301082633,RankModifiers.RankModifier_137.DataTrackingDescription,[Shards]<shard> [Generated:]<generate> [137]<datatracking>,[シャード]<shard>の[生成数：]<generate> [137]<datatracking>
RankModifiers,11912747969921296,RankModifiers.RankModifier_137.Description,"[Every other cast,]<bold> gain [{0} Shards]<shard>.",[アビリティを2回発動するたび、]<bold>[シャードを{0}]<shard>獲得する。
RankModifiers,11912747969921295,RankModifiers.RankModifier_137.Name,Shard Weaver,シャード織り
RankModifiers,46193532301082634,RankModifiers.RankModifier_138.DataTrackingDescription,[Shards]<shard> [Generated:]<generate> [138]<datatracking>,[シャード]<shard>の[生成数：]<generate> [138]<datatracking>
RankModifiers,11912747969921298,RankModifiers.RankModifier_138.Description,"[Backup Only:]<backuponly> At [start of combat,]<bold> gain [{0} Shards]<shard> and give Heroes [{1}+{2}_Rank]<statcalc_shield> [Shields]<shield>.",[控え専用：]<backuponly>[戦闘開始時、]<bold>[シャードを{0}]<shard>獲得し、味方へ[シールド]<shield>を[{1}+{2}_Rank]<statcalc_shield>付与する。
RankModifiers,11912747969921297,RankModifiers.RankModifier_138.Name,Sideline Support,控え支援
RankModifiers,46193532301082635,RankModifiers.RankModifier_139.DataTrackingDescription,[Shards]<shard> [Generated:]<generate> [139]<datatracking>,[シャード]<shard>の[生成数：]<generate> [139]<datatracking>
RankModifiers,11912747969921300,RankModifiers.RankModifier_139.Description,"On [Stall]<stall> [trigger,]<bold> gain [{0} Shard]<shard> and give Heroes [{1} Mana Regen]<manaregen>. [Backup]<backup>.",[忍耐]<stall>[発動時、]<bold>[シャードを{0}]<shard>獲得し、味方の[マナ回復+{1}]<manaregen>。[控え有効]<backup>。
RankModifiers,11912747969921299,RankModifiers.RankModifier_139.Name,Stall Battery,忍耐バッテリー
RankModifiers,46193532301082626,RankModifiers.RankModifier_14.DataTrackingDescription,[Attack Speed]<attackspeed> Gained: [14]<datatracking>,[攻撃速度]<attackspeed>増加量：[14]<datatracking>
RankModifiers,11912747969921050,RankModifiers.RankModifier_14.Description,"At [start of combat,]<bold> if this Hero is adjacent to exactly one other Hero they both permanently gain [{0} Attack Speed]<attackspeed>.",[戦闘開始時、]<bold>このヒーローに隣接する味方がちょうど1人なら、両者の[攻撃速度+{0}]<attackspeed>（恒久）。
RankModifiers,11912747969921049,RankModifiers.RankModifier_14.Name,Scaling Speed,成長する攻撃速度
RankModifiers,46193532301082636,RankModifiers.RankModifier_140.DataTrackingDescription,[Mana Regen]<manaregen> Gained: [140]<datatracking>,[マナ回復]<manaregen>増加量：[140]<datatracking>
RankModifiers,11912747969921302,RankModifiers.RankModifier_140.Description,"After [Stall ({0}),]<stall> permanently gain [{1} Mana Regen]<manaregen>.",[忍耐（{0}）]<stall>後、[マナ回復+{1}]<manaregen>（恒久）。
RankModifiers,11912747969921301,RankModifiers.RankModifier_140.Name,Stall Enlightenment,忍耐の悟り
RankModifiers,11912747969921304,RankModifiers.RankModifier_141.Description,[Stall]<stall> abilities trigger {0} seconds faster. [Backup]<backup>.,[忍耐]<stall>アビリティが{0}秒早く発動する。[控え有効]<backup>。
RankModifiers,11912747969921303,RankModifiers.RankModifier_141.Name,Stall Certainty,忍耐の確信
RankModifiers,11912747969921306,RankModifiers.RankModifier_142.Description,"When this Hero applies [Shields]<shield>, apply [{0}% more Shields]<shield>.",このヒーローが[シールド]<shield>を付与するとき、[付与量が{0}%増える]<shield>。
RankModifiers,11912747969921305,RankModifiers.RankModifier_142.Name,Shield Magnification,シールド増幅
RankModifiers,11912747969921308,RankModifiers.RankModifier_143.Description,"On [cast,]<bold> give other Heroes [{0}+{1}_ManaRegen]<statcalc_attack> [Attack]<attack> and [{2}+{3}_ManaRegen]<statcalc_magic> [Magic]<magic>.",[アクティブアビリティ発動時、]<bold>自身以外の味方の[攻撃力]<attack>+[{0}+{1}_ManaRegen]<statcalc_attack>、[魔力]<magic>+[{2}+{3}_ManaRegen]<statcalc_magic>。
RankModifiers,11912747969921307,RankModifiers.RankModifier_143.Name,Empowered Magic,強化魔術
RankModifiers,11912747969921310,RankModifiers.RankModifier_144.Description,"At [start of combat,]<bold> give this Hero and adjacent Heroes [{0}+{1}_Magic+{2}_ManaRegen]<statcalc_shield> [Shields]<shield>.",[戦闘開始時、]<bold>このヒーローと隣接する味方へ[シールド]<shield>を[{0}+{1}_Magic+{2}_ManaRegen]<statcalc_shield>付与する。
RankModifiers,11912747969921309,RankModifiers.RankModifier_144.Name,Shield Formation,シールド陣形
RankModifiers,11912747969921312,RankModifiers.RankModifier_145.Description,"[Backup Only:]<backuponly> At [start of combat,]<bold> give Heroes [{0}+{1}_Rank]<statcalc_manaregen> [Mana Regen]<manaregen>, [{2}+{3}_Rank]<statcalc_attack> [Attack]<attack>, and [{4}+{5}_Rank]<statcalc_magic> [Magic]<magic>.",[控え専用：]<backuponly>[戦闘開始時、]<bold>味方全員の[マナ回復]<manaregen>+[{0}+{1}_Rank]<statcalc_manaregen>、[攻撃力]<attack>+[{2}+{3}_Rank]<statcalc_attack>、[魔力]<magic>+[{4}+{5}_Rank]<statcalc_magic>。
RankModifiers,11912747969921311,RankModifiers.RankModifier_145.Name,Sideline Empowerment,控えの強化
RankModifiers,11912747969921314,RankModifiers.RankModifier_146.Description,"On [cast,]<bold> give the lowest percent [health]<health> Hero [{0}+{1}_ManaRegen]<statcalc_shield> [Shields]<shield>.",[アクティブアビリティ発動時、]<bold>残り[HP割合]<health>が最も低い味方へ[シールド]<shield>を[{0}+{1}_ManaRegen]<statcalc_shield>付与する。
RankModifiers,11912747969921313,RankModifiers.RankModifier_146.Name,Protective Magic,守護魔術
RankModifiers,46193532301082637,RankModifiers.RankModifier_147.DataTrackingDescription,[Magic]<magic> Gained: [147]<datatracking>,[魔力]<magic>増加量：[147]<datatracking>
RankModifiers,11912747969921316,RankModifiers.RankModifier_147.Description,"On [cast,]<bold> permanently gain [{0} Magic]<magic>.",[アクティブアビリティ発動時、]<bold>[魔力+{0}]<magic>（恒久）。
RankModifiers,11912747969921315,RankModifiers.RankModifier_147.Name,Arcane Growth,秘術の成長
RankModifiers,11912747969921318,RankModifiers.RankModifier_148.Description,"On [cast,]<bold> increase the amount of each [Debuff]<debuff> on enemies in [range]<attackrange> by [{0}+{1}_ManaRegen]<statcalc_manaregen>.",[アクティブアビリティ発動時、]<bold>[射程]<attackrange>内の敵に付与されている各[デバフ]<debuff>を[{0}+{1}_ManaRegen]<statcalc_manaregen>増加させる。
RankModifiers,11912747969921317,RankModifiers.RankModifier_148.Name,Debuff Amplification,デバフ増幅
RankModifiers,11912747969921320,RankModifiers.RankModifier_149.Description,"On [cast,]<bold> gain [{0} Mana Regen]<manaregen> for each type of [Debuff]<debuff> on all enemies.",[アクティブアビリティ発動時、]<bold>敵全体に付与されている[デバフ]<debuff>の種類1つにつき[マナ回復+{0}]<manaregen>。
RankModifiers,11912747969921319,RankModifiers.RankModifier_149.Name,Debuff Channeling,デバフ導力
RankModifiers,46193532301082627,RankModifiers.RankModifier_15.DataTrackingDescription,[Stall]<stall> [Triggered:]<bold> [totalStallTriggers]<globaldatatracking>,[忍耐]<stall>の[発動回数：]<bold> [totalStallTriggers]<globaldatatracking>
RankModifiers,11912747969921052,RankModifiers.RankModifier_15.Description,[Duelists]<duelist> gain [{0} Attack Speed]<attackspeed> per [Stall]<stall> trigger this game. [Backup]<backup>.,このラン中の[忍耐]<stall>発動1回につき、[デュエリスト]<duelist>の[攻撃速度+{0}]<attackspeed>。[控え有効]<backup>。
RankModifiers,11912747969921051,RankModifiers.RankModifier_15.Name,Stall Dynamo,忍耐の動力
RankModifiers,11912747969921322,RankModifiers.RankModifier_150.Description,"On [cast,]<bold> give the lowest percent [health]<health> Hero [{0} Shield]<shield> per [{1} Debuffs]<debuff> on all enemies.",[アクティブアビリティ発動時、]<bold>敵全体の[デバフ{1}]<debuff>ごとに、残り[HP割合]<health>が最も低い味方へ[シールドを{0}]<shield>付与する。
RankModifiers,11912747969921321,RankModifiers.RankModifier_150.Name,Debuff Protection,デバフの守り
RankModifiers,11912747969921384,RankModifiers.RankModifier_181.Description,"At [start of combat,]<bold> give this Hero and adjacent Heroes [{0}+{1}_MaxHealth]<statcalc_maxhp> [Max HP]<maxhp>.",[戦闘開始時、]<bold>このヒーローと隣接する味方の[最大HP]<maxhp>+[{0}+{1}_MaxHealth]<statcalc_maxhp>。
RankModifiers,11912747969921383,RankModifiers.RankModifier_181.Name,Bulk Formation,体力陣形
RankModifiers,11912747969921386,RankModifiers.RankModifier_182.Description,"The first time each combat this Hero goes below [{0}% Max HP]<maxhp>, they gain [{1}+{2}_MaxHealth]<statcalc_shield> [Shields]<shield> and deal [{3}+{4}_MaxHealth]<statcalc_damage> damage to adjacent enemies.",各戦闘で初めてこのヒーローのHPが[最大HPの{0}%]<maxhp>未満になると、[シールド]<shield>を[{1}+{2}_MaxHealth]<statcalc_shield>獲得し、隣接する敵へ[{3}+{4}_MaxHealth]<statcalc_damage>ダメージを与える。
RankModifiers,11912747969921385,RankModifiers.RankModifier_182.Name,Vindictive Shields,報復の盾
RankModifiers,11912747969921388,RankModifiers.RankModifier_183.Description,[Vanguards]<vanguard> gain [{0}+{1}_Rank]<statcalc_hps> [HP/S]<hp/s>. [Backup]<backup>.,[ヴァンガード]<vanguard>の[秒間HP回復]<hp/s>+[{0}+{1}_Rank]<statcalc_hps>。[控え有効]<backup>。
RankModifiers,11912747969921387,RankModifiers.RankModifier_183.Name,Calming Presence,安らぎの加護
RankModifiers,11912747969921390,RankModifiers.RankModifier_184.Description,"On [auto attack,]<bold> deal [{0}+{1}_MaxHealth]<statcalc_maxhp> [bonus damage]<damage>.",[通常攻撃時、]<bold>[追加ダメージ]<damage>[{0}+{1}_MaxHealth]<statcalc_maxhp>を与える。
RankModifiers,11912747969921389,RankModifiers.RankModifier_184.Name,Intimidating Strikes,威圧の一撃
RankModifiers,11912747969921392,RankModifiers.RankModifier_185.Description,"[Each second,]<bold> deal [{0}+{1}_MaxHealth]<statcalc_maxhp> damage to adjacent enemies.",[毎秒、]<bold>隣接する敵へ[{0}+{1}_MaxHealth]<statcalc_maxhp>ダメージを与える。
RankModifiers,11912747969921391,RankModifiers.RankModifier_185.Name,Intimidating Aura,威圧のオーラ
RankModifiers,11912747969921394,RankModifiers.RankModifier_186.Description,"On [Rush]<rush> [trigger,]<bold> gain [{0} Max HP]<maxhp>, [{1} Attack]<attack>, and [{2} Attack Speed]<attackspeed>.",[速攻]<rush>[発動時、]<bold>[最大HP+{0}]<maxhp>、[攻撃力+{1}]<attack>、[攻撃速度+{2}]<attackspeed>。
RankModifiers,11912747969921393,RankModifiers.RankModifier_186.Name,Rushed Offense,速攻攻勢
RankModifiers,11912747969921396,RankModifiers.RankModifier_187.Description,"For [Rush ({0}),]<rush> gain [+{1}% Max HP]<maxhp>.",[速攻（{0}）]<rush>の間、[最大HP+{1}%]<maxhp>。
RankModifiers,11912747969921395,RankModifiers.RankModifier_187.Name,Rushed Size,速攻巨躯
RankModifiers,11912747969921398,RankModifiers.RankModifier_188.Description,[Rush]<rush> abilities last {0} seconds longer. [Backup]<backup>.,[速攻]<rush>アビリティの持続時間+{0}秒。[控え有効]<backup>。
RankModifiers,11912747969921397,RankModifiers.RankModifier_188.Name,Rush Overdrive,速攻オーバードライブ
RankModifiers,11912747969921400,RankModifiers.RankModifier_189.Description,"On [auto attack]<bold> or when [auto attacked,]<bold> inflict [{0}+{1}_MaxHealth]<statcalc_burn> [Burn]<burn> on the enemy (Max: {2}).",[通常攻撃時]<bold>または[通常攻撃を受けたとき、]<bold>相手へ[炎上]<burn>を[{0}+{1}_MaxHealth]<statcalc_burn>付与する（最大：{2}）。
RankModifiers,11912747969921399,RankModifiers.RankModifier_189.Name,Burning Aura,炎上オーラ
RankModifiers,11912747969921402,RankModifiers.RankModifier_190.Description,[Vanguards]<vanguard> gain [{0}+{1}_Rank]<statcalc_attack> [Attack]<attack>. [Backup]<backup>.,[ヴァンガード]<vanguard>の[攻撃力]<attack>+[{0}+{1}_Rank]<statcalc_attack>。[控え有効]<backup>。
RankModifiers,11912747969921401,RankModifiers.RankModifier_190.Name,Aggressive Presence,攻勢の加護
RankModifiers,11912747969921404,RankModifiers.RankModifier_191.Description,"At [start of combat,]<bold> inflict [{0}+{1}_MaxHealth]<statcalc_burn> [Burn]<burn> on all enemies.",[戦闘開始時、]<bold>敵全体へ[炎上]<burn>を[{0}+{1}_MaxHealth]<statcalc_burn>付与する。
RankModifiers,11912747969921403,RankModifiers.RankModifier_191.Name,Burning Eye,炎上の瞳
RankModifiers,11912747969921406,RankModifiers.RankModifier_192.Description,"On [auto attack]<bold> or when [auto attacked,]<bold> if the enemy has [Burn]<burn> gain [{0} HP/S]<hp/s>.",[通常攻撃時]<bold>または[通常攻撃を受けたとき、]<bold>相手が[炎上]<burn>状態なら[秒間HP回復+{0}]<hp/s>。
RankModifiers,11912747969921405,RankModifiers.RankModifier_192.Name,Burning Restoration,炎上の再生
RankModifiers,11912747969921408,RankModifiers.RankModifier_193.Description,"Whenever a [Vanguard]<vanguard> [auto attacks]<bold> or is [auto attacked]<bold>, they gain [{0} Shields]<shield>. [Backup]<backup>.",[ヴァンガード]<vanguard>が[通常攻撃する]<bold>か[通常攻撃を受ける]<bold>たび、[シールドを{0}]<shield>獲得する。[控え有効]<backup>。
RankModifiers,11912747969921407,RankModifiers.RankModifier_193.Name,Violent Presence,闘争の加護
RankModifiers,11912747969921410,RankModifiers.RankModifier_194.Description,Gain [{0} Max HP]<maxhp> and [{1} Omnivamp]<omnivamp>.,[最大HP+{0}]<maxhp>、[オムニヴァンプ+{1}]<omnivamp>。
RankModifiers,11912747969921409,RankModifiers.RankModifier_194.Name,Brutal Vitality,獰猛な生命力
RankModifiers,11912747969921412,RankModifiers.RankModifier_195.Description,"At [start of combat,]<bold> give all Heroes in the front {2} rows [{0}+{1}_MaxHealth]<statcalc_shield> [Shields]<shield>.",[戦闘開始時、]<bold>前方{2}列の味方全員へ[シールド]<shield>を[{0}+{1}_MaxHealth]<statcalc_shield>付与する。
RankModifiers,11912747969921411,RankModifiers.RankModifier_195.Name,Shield Line,盾の戦列
RankModifiers,11912747969921026,RankModifiers.RankModifier_2.Description,"Whenever a [Duelist]<duelist> attacks an enemy with [Burn]<burn>, they gain [{0} Attack Speed]<attackspeed>. [Backup]<backup>.",[デュエリスト]<duelist>が[炎上]<burn>状態の敵を攻撃するたび、[攻撃速度+{0}]<attackspeed>。[控え有効]<backup>。
RankModifiers,11912747969921025,RankModifiers.RankModifier_2.Name,Burning Acceleration,炎上加速
RankModifiers,11912747969921474,RankModifiers.RankModifier_226.Description,"On [Crit,]<crit> inflict [{0}+{1}_Crit]<statcalc_poison> [Poison]<poison> on the target.",[クリティカル時、]<crit>標的へ[毒]<poison>を[{0}+{1}_Crit]<statcalc_poison>付与する。
RankModifiers,11912747969921473,RankModifiers.RankModifier_226.Name,Poisonous Burst,毒の爆発
RankModifiers,11912747969921476,RankModifiers.RankModifier_227.Description,Gain [+{0}% Crit]<crit> against enemies with [Poison]<poison>.,[毒]<poison>状態の敵に対して[クリティカル+{0}%]<crit>。
RankModifiers,11912747969921475,RankModifiers.RankModifier_227.Name,Poisonous Edge,毒刃
RankModifiers,11912747969921478,RankModifiers.RankModifier_228.Description,[Rush]<rush> abilities last {0} seconds longer. [Backup]<backup>.,[速攻]<rush>アビリティの持続時間+{0}秒。[控え有効]<backup>。
RankModifiers,11912747969921477,RankModifiers.RankModifier_228.Name,Rush Overdrive,速攻オーバードライブ
RankModifiers,11912747969921480,RankModifiers.RankModifier_229.Description,"At [start of combat,]<bold> inflict [{0}+{1}_Crit]<statcalc_poison> [Poison]<poison> on all enemies.",[戦闘開始時、]<bold>敵全体へ[毒]<poison>を[{0}+{1}_Crit]<statcalc_poison>付与する。
RankModifiers,11912747969921479,RankModifiers.RankModifier_229.Name,Poisonous Eye,毒の瞳
RankModifiers,11912747969921482,RankModifiers.RankModifier_230.Description,"At [start of combat,]<bold> if this Hero is in the front row they gain [{0}+{1}_Crit]<statcalc_defense> [Defense]<defense>.",[戦闘開始時、]<bold>このヒーローが前列にいる場合、[防御力]<defense>+[{0}+{1}_Crit]<statcalc_defense>。
RankModifiers,11912747969921481,RankModifiers.RankModifier_230.Name,Critical Defenses,会心防御
RankModifiers,11912747969921484,RankModifiers.RankModifier_231.Description,"On [Crit,]<crit> [heal]<heal> [{0}+{1}_Crit]<statcalc_heal> [health]<heal> and gain [{2} Mana]<mana>.",[クリティカル時、]<crit>[HP]<heal>を[{0}+{1}_Crit]<statcalc_heal>[回復]<heal>し、[マナを{2}]<mana>獲得する。
RankModifiers,11912747969921483,RankModifiers.RankModifier_231.Name,Critical Invigoration,会心の活力
RankModifiers,11912747969921486,RankModifiers.RankModifier_232.Description,"On [Rush]<rush> [trigger,]<bold> [Assassins]<assassin> gain [{0} Crit]<crit>, [{1} Attack]<attack>, and [{2} Magic]<magic>. [Backup]<backup>.",[速攻]<rush>[発動時、]<bold>[アサシン]<assassin>の[クリティカル+{0}]<crit>、[攻撃力+{1}]<attack>、[魔力+{2}]<magic>。[控え有効]<backup>。
RankModifiers,11912747969921485,RankModifiers.RankModifier_232.Name,Enforced Presence,強襲の加護
RankModifiers,46193532317859840,RankModifiers.RankModifier_233.DataTrackingDescription,[Attack]<attack> and [Magic]<magic> Gained: [233]<datatracking>,[攻撃力]<attack>／[魔力]<magic>増加量：[233]<datatracking>
RankModifiers,11912747969921488,RankModifiers.RankModifier_233.Description,"On [Crit,]<crit> permanently gain [{0} Attack]<attack> and [{1} Magic]<magic>.",[クリティカル時、]<crit>[攻撃力+{0}]<attack>、[魔力+{1}]<magic>（恒久）。
RankModifiers,11912747969921487,RankModifiers.RankModifier_233.Name,Critical Offense Growth,会心攻勢の成長
RankModifiers,11912747969921490,RankModifiers.RankModifier_234.Description,"For [Rush ({0}),]<rush> gain [+{1}% Crit]<crit>.",[速攻（{0}）]<rush>の間、[クリティカル+{1}%]<crit>。
RankModifiers,11912747969921489,RankModifiers.RankModifier_234.Name,"Aim True, Aim Quick",正確に、素早く
RankModifiers,46193532317859841,RankModifiers.RankModifier_235.DataTrackingDescription,[Shards]<shard> [Generated:]<generate> [235]<datatracking>,[シャード]<shard>の[生成数：]<generate> [235]<datatracking>
RankModifiers,11912747969921492,RankModifiers.RankModifier_235.Description,"[Every other Crit,]<crit> gain [{0} Shard]<shard>.",[クリティカル2回ごとに、]<crit>[シャードを{0}]<shard>獲得する。
RankModifiers,11912747969921491,RankModifiers.RankModifier_235.Name,Shard Collector,シャード収集家
RankModifiers,46193532317859842,RankModifiers.RankModifier_236.DataTrackingDescription,[Shards]<shard> [Generated:]<generate> [236]<datatracking>,[シャード]<shard>の[生成数：]<generate> [236]<datatracking>
RankModifiers,11912747969921494,RankModifiers.RankModifier_236.Description,"On [kill,]<bold> gain [{0} Shards]<shard>.",[敵撃破時、]<bold>[シャードを{0}]<shard>獲得する。
RankModifiers,11912747969921493,RankModifiers.RankModifier_236.Name,Shard Plunderer,シャード略奪者
RankModifiers,11912747969921496,RankModifiers.RankModifier_237.Description,"For [Rush ({0}),]<rush> [Assassins]<assassin> gain [{1} Crit]<crit> per [Shard]<shard> in bank. [Backup]<backup>.",[速攻（{0}）]<rush>の間、所持中の[シャード]<shard>1つにつき[アサシン]<assassin>の[クリティカル+{1}]<crit>。[控え有効]<backup>。
RankModifiers,11912747969921495,RankModifiers.RankModifier_237.Name,Banked Presence,蓄えの加護
RankModifiers,11912747969921498,RankModifiers.RankModifier_238.Description,"At [start of combat,]<bold> gain [Stealth]<stealth> for {0} seconds.

On [kill,]<bold> gain [Stealth]<stealth> for {1} seconds.","[戦闘開始時、]<bold>{0}秒間[ステルス]<stealth>を得る。

[敵撃破時、]<bold>{1}秒間[ステルス]<stealth>を得る。"
RankModifiers,11912747969921497,RankModifiers.RankModifier_238.Name,Lurker,潜伏者
RankModifiers,11912747969921500,RankModifiers.RankModifier_239.Description,"At [start of combat,]<bold> if this Hero is in the back row they gain [+{0}% Crit]<crit> and [Stealth]<stealth> for {1} seconds.",[戦闘開始時、]<bold>このヒーローが後列にいる場合、[クリティカル+{0}%]<crit>、さらに{1}秒間[ステルス]<stealth>を得る。
RankModifiers,11912747969921499,RankModifiers.RankModifier_239.Name,From the Shadows,影より
RankModifiers,11912747969921502,RankModifiers.RankModifier_240.Description,Gain [{0} Crit]<crit> and [{1} Omnivamp]<omnivamp>.,[クリティカル+{0}]<crit>、[オムニヴァンプ+{1}]<omnivamp>。
RankModifiers,11912747969921501,RankModifiers.RankModifier_240.Name,Brutal Precision,獰猛な精密さ
RankModifiers,11912747974115380,RankModifiers.RankModifier_271.Description,"At [start of combat,]<bold> if this Hero is in the front row they gain [{0}+{1}_Magic]<statcalc_defense> [Defense]<defense>.",[戦闘開始時、]<bold>このヒーローが前列にいる場合、[防御力]<defense>+[{0}+{1}_Magic]<statcalc_defense>。
RankModifiers,11912747974115379,RankModifiers.RankModifier_271.Name,Mage Armor,魔術師の鎧
RankModifiers,11912747974115382,RankModifiers.RankModifier_272.Description,"At [start of combat,]<bold> if this Hero is alone in the back {0} rows they gain [+{1}% Magic]<magic> and [+{2}% Crit]<crit>.",[戦闘開始時、]<bold>後方{0}列にいるヒーローが自身だけなら、[魔力+{1}%]<magic>、[クリティカル+{2}%]<crit>。
RankModifiers,11912747974115381,RankModifiers.RankModifier_272.Name,Hermit,隠者
RankModifiers,11912747974115384,RankModifiers.RankModifier_273.Description,[Stall]<stall> abilities trigger {0} seconds faster. [Backup]<backup>.,[忍耐]<stall>アビリティが{0}秒早く発動する。[控え有効]<backup>。
RankModifiers,11912747974115383,RankModifiers.RankModifier_273.Name,Stall Certainty,忍耐の確信
RankModifiers,11912747974115386,RankModifiers.RankModifier_274.Description,"On [auto attack,]<bold> deal [{0}+{1}_Magic]<statcalc_magic> [bonus damage]<damage>.",[通常攻撃時、]<bold>[追加ダメージ]<damage>[{0}+{1}_Magic]<statcalc_magic>を与える。
RankModifiers,11912747974115385,RankModifiers.RankModifier_274.Name,Enchanted Attacks,魔力攻撃
RankModifiers,11912747974115388,RankModifiers.RankModifier_275.Description,"On [cast,]<bold> gain [{0} Crit]<crit>.",[アクティブアビリティ発動時、]<bold>[クリティカル+{0}]<crit>。
RankModifiers,11912747974115387,RankModifiers.RankModifier_275.Name,Arcane Destruction,秘術破壊
RankModifiers,11912747974115390,RankModifiers.RankModifier_276.Description,"On [cast,]<bold> inflict [{0}+{1}_Magic]<statcalc_burn> [Burn]<burn> on enemies in [range]<attackrange>.",[アクティブアビリティ発動時、]<bold>[射程]<attackrange>内の敵へ[炎上]<burn>を[{0}+{1}_Magic]<statcalc_burn>付与する。
RankModifiers,11912747974115389,RankModifiers.RankModifier_276.Name,Burning Casts,炎上詠唱
RankModifiers,11912747974115392,RankModifiers.RankModifier_277.Description,"On [cast,]<bold> gain [{0} Magic]<magic> per [{1} Burn]<burn> on enemies in [range]<attackrange>.",[アクティブアビリティ発動時、]<bold>[射程]<attackrange>内の敵に付与されている[炎上{1}]<burn>ごとに[魔力+{0}]<magic>。
RankModifiers,11912747974115391,RankModifiers.RankModifier_277.Name,Burning Absorption,炎上吸収
RankModifiers,11912747974115394,RankModifiers.RankModifier_278.Description,"After [Stall ({0}),]<stall> inflict [{1}+{2}_Magic]<statcalc_burn> [Burn]<burn> on all enemies.",[忍耐（{0}）]<stall>後、敵全体へ[炎上]<burn>を[{1}+{2}_Magic]<statcalc_burn>付与する。
RankModifiers,11912747974115393,RankModifiers.RankModifier_278.Name,Stalled Heat,忍耐の熱
RankModifiers,46193532317859843,RankModifiers.RankModifier_279.DataTrackingDescription,[Magic]<magic> Gained: [279]<datatracking>,[魔力]<magic>増加量：[279]<datatracking>
RankModifiers,11912747974115396,RankModifiers.RankModifier_279.Description,"At [start of combat,]<bold> [Mages]<mage> permanently gain [{0} Magic]<magic>. [Backup]<backup>.",[戦闘開始時、]<bold>[メイジ]<mage>の[魔力+{0}]<magic>（恒久）。[控え有効]<backup>。
RankModifiers,11912747974115395,RankModifiers.RankModifier_279.Name,Magical Growth,魔力成長
RankModifiers,11912747974115398,RankModifiers.RankModifier_280.Description,"On [cast,]<bold> inflict [{0}+{1}_Magic]<statcalc_frost> [Frost]<frost> on enemies in [range]<attackrange>.",[アクティブアビリティ発動時、]<bold>[射程]<attackrange>内の敵へ[凍気]<frost>を[{0}+{1}_Magic]<statcalc_frost>付与する。
RankModifiers,11912747974115397,RankModifiers.RankModifier_280.Name,Freezing Casts,凍気詠唱
RankModifiers,11912747974115400,RankModifiers.RankModifier_281.Description,"On [cast,]<bold> gain [{0} Magic]<magic> per [{1} Frost]<frost> on enemies in [range]<attackrange>.",[アクティブアビリティ発動時、]<bold>[射程]<attackrange>内の敵に付与されている[凍気{1}]<frost>ごとに[魔力+{0}]<magic>。
RankModifiers,11912747974115399,RankModifiers.RankModifier_281.Name,Freezing Absorption,凍気吸収
RankModifiers,11912747974115402,RankModifiers.RankModifier_282.Description,"After [Stall ({0}),]<stall> inflict [{1}+{2}_Magic]<statcalc_frost> [Frost]<frost> on all enemies.",[忍耐（{0}）]<stall>後、敵全体へ[凍気]<frost>を[{1}+{2}_Magic]<statcalc_frost>付与する。
RankModifiers,11912747974115401,RankModifiers.RankModifier_282.Name,Stalled Cold,忍耐の冷気
RankModifiers,46193532317859844,RankModifiers.RankModifier_283.DataTrackingDescription,[Magic]<magic> Gained: [283]<datatracking>,[魔力]<magic>増加量：[283]<datatracking>
RankModifiers,11912747974115404,RankModifiers.RankModifier_283.Description,"After [Stall ({0}),]<stall> permanently gain [{1} Magic]<magic>.",[忍耐（{0}）]<stall>後、[魔力+{1}]<magic>（恒久）。
RankModifiers,11912747974115403,RankModifiers.RankModifier_283.Name,Stalled Growth,忍耐の成長
RankModifiers,11912747974115406,RankModifiers.RankModifier_284.Description,"After [Stall ({0}, {1}, and {2}),]<stall> gain [{3} Mana]<mana>.","[忍耐（{0}, {1}, {2}）]<stall>後、[マナを{3}]<mana>獲得する。"
RankModifiers,11912747974115405,RankModifiers.RankModifier_284.Name,Instacast,即時詠唱
RankModifiers,11912747974115408,RankModifiers.RankModifier_285.Description,Gain [{0} Mana Regen]<manaregen> and [{1} Starting Mana]<startingmana>.,[マナ回復+{0}]<manaregen>、[開始時マナ+{1}]<startingmana>。
RankModifiers,11912747974115407,RankModifiers.RankModifier_285.Name,Fast Cast,高速詠唱
RankModifiers,11912747969921028,RankModifiers.RankModifier_3.Description,"On [auto attack,]<bold> inflict [{0}+{1}_AttackSpeed]<statcalc_poison> [Poison]<poison> (Max: {2}).",[通常攻撃時、]<bold>[毒]<poison>を[{0}+{1}_AttackSpeed]<statcalc_poison>付与する（最大：{2}）。
RankModifiers,11912747969921027,RankModifiers.RankModifier_3.Name,Poisonous Attacks,毒攻撃
RankModifiers,11912747969921030,RankModifiers.RankModifier_4.Description,"Whenever a [Duelist]<duelist> attacks an enemy with [Poison]<poison>, they gain [{0} Attack Speed]<attackspeed>. [Backup]<backup>.",[デュエリスト]<duelist>が[毒]<poison>状態の敵を攻撃するたび、[攻撃速度+{0}]<attackspeed>。[控え有効]<backup>。
RankModifiers,11912747969921029,RankModifiers.RankModifier_4.Name,Poisonous Acceleration,毒加速
RankModifiers,11912747969921114,RankModifiers.RankModifier_46.Description,"On [Crit,]<crit> [heal]<heal> [{0}+{1}_Crit]<statcalc_heal> [health]<heal> and gain [{2} Mana]<mana>.",[クリティカル時、]<crit>[HP]<heal>を[{0}+{1}_Crit]<statcalc_heal>[回復]<heal>し、[マナを{2}]<mana>獲得する。
RankModifiers,11912747969921113,RankModifiers.RankModifier_46.Name,Critical Invigoration,会心の活力
RankModifiers,46193532301082628,RankModifiers.RankModifier_47.DataTrackingDescription,[Attack]<attack> Gained: [47]<datatracking>,[攻撃力]<attack>増加量：[47]<datatracking>
RankModifiers,11912747969921116,RankModifiers.RankModifier_47.Description,"On [Crit,]<crit> permanently gain [{0} Attack]<attack>.",[クリティカル時、]<crit>[攻撃力+{0}]<attack>（恒久）。
RankModifiers,11912747969921115,RankModifiers.RankModifier_47.Name,Critical Attack Growth,会心攻撃の成長
RankModifiers,11912747969921118,RankModifiers.RankModifier_48.Description,"For [Rush ({0}),]<rush> gain [+{1}% Crit]<crit>.",[速攻（{0}）]<rush>の間、[クリティカル+{1}%]<crit>。
RankModifiers,11912747969921117,RankModifiers.RankModifier_48.Name,Critical Aggression,会心攻勢
RankModifiers,11912747969921120,RankModifiers.RankModifier_49.Description,[Rush]<rush> abilities last {0} seconds longer. [Backup]<backup>.,[速攻]<rush>アビリティの持続時間+{0}秒。[控え有効]<backup>。
RankModifiers,11912747969921119,RankModifiers.RankModifier_49.Name,Rush Overdrive,速攻オーバードライブ
RankModifiers,11912747969921032,RankModifiers.RankModifier_5.Description,"On [auto attack,]<bold> inflict [{0}+{1}_AttackSpeed]<statcalc_frost> [Frost]<frost> (Max: {2}).",[通常攻撃時、]<bold>[凍気]<frost>を[{0}+{1}_AttackSpeed]<statcalc_frost>付与する（最大：{2}）。
RankModifiers,11912747969921031,RankModifiers.RankModifier_5.Name,Freezing Attacks,凍気攻撃
RankModifiers,11912747969921122,RankModifiers.RankModifier_50.Description,Gain [{0} Attack]<attack> and [{1} Omnivamp]<omnivamp>.,[攻撃力+{0}]<attack>、[オムニヴァンプ+{1}]<omnivamp>。
RankModifiers,11912747969921121,RankModifiers.RankModifier_50.Name,Brutal Force,獰猛な力
RankModifiers,46193532301082629,RankModifiers.RankModifier_51.DataTrackingDescription,[Attack]<attack> Gained: [51]<datatracking>,[攻撃力]<attack>増加量：[51]<datatracking>
RankModifiers,11912747969921124,RankModifiers.RankModifier_51.Description,"On [combat victory,]<bold> [Warriors]<warrior> permanently gain [{0} Attack]<attack>. [Backup]<backup>.",[戦闘勝利時、]<bold>[ウォリアー]<warrior>の[攻撃力+{0}]<attack>（恒久）。[控え有効]<backup>。
RankModifiers,11912747969921123,RankModifiers.RankModifier_51.Name,Victorious Presence,勝利の加護
RankModifiers,11912747969921126,RankModifiers.RankModifier_52.Description,"On damage dealt for [Rush ({0}),]<rush> gain [lasting]<lasting> [Shields]<shield> equal to {1}% of the damage dealt.",[速攻（{0}）]<rush>中にダメージを与えると、与えたダメージの{1}%に等しい[永続]<lasting>[シールド]<shield>を獲得する。
RankModifiers,11912747969921125,RankModifiers.RankModifier_52.Name,Fight and Win,戦って勝て
RankModifiers,11912747969921128,RankModifiers.RankModifier_53.Description,This Hero's auto attacks gain [{0} Crit]<crit>.,このヒーローの通常攻撃に[クリティカル+{0}]<crit>。
RankModifiers,11912747969921127,RankModifiers.RankModifier_53.Name,Critical Attacks,会心攻撃
RankModifiers,11912747969921130,RankModifiers.RankModifier_54.Description,"For [Rush ({0}),]<rush> gain [+{1}% Attack]<attack>.",[速攻（{0}）]<rush>の間、[攻撃力+{1}%]<attack>。
RankModifiers,11912747969921129,RankModifiers.RankModifier_54.Name,"Hit Hard, Hit Fast",強く、速く
RankModifiers,11912747969921132,RankModifiers.RankModifier_55.Description,Gain [{0} Range]<attackrange>.,[射程+{0}]<attackrange>。
RankModifiers,11912747969921131,RankModifiers.RankModifier_55.Name,Ranger,レンジャー
RankModifiers,46193532301082630,RankModifiers.RankModifier_56.DataTrackingDescription,[Rush]<rush> [Triggered:]<bold> [totalRushTriggers]<globaldatatracking>,[速攻]<rush>の[発動回数：]<bold> [totalRushTriggers]<globaldatatracking>
RankModifiers,11912747969921134,RankModifiers.RankModifier_56.Description,[Warriors]<warrior> gain [{0} Attack]<attack> per [Rush]<rush> trigger this game. [Backup]<backup>.,このラン中の[速攻]<rush>発動1回につき、[ウォリアー]<warrior>の[攻撃力+{0}]<attack>。[控え有効]<backup>。
RankModifiers,11912747969921133,RankModifiers.RankModifier_56.Name,Rush Strength,速攻の力
RankModifiers,11912747969921136,RankModifiers.RankModifier_57.Description,"At [start of combat,]<bold> [Warriors]<warrior> gain [{0}+{1}_Rank]<statcalc_shield> [lasting]<lasting> [Shields]<shield>. [Backup]<backup>.",[戦闘開始時、]<bold>[ウォリアー]<warrior>が[永続]<lasting>[シールド]<shield>を[{0}+{1}_Rank]<statcalc_shield>獲得する。[控え有効]<backup>。
RankModifiers,11912747969921135,RankModifiers.RankModifier_57.Name,Shielding Presence,守護の加護
RankModifiers,11912747969921138,RankModifiers.RankModifier_58.Description,Gain [{0} Omnivamp]<omnivamp> and [{1} Crit]<crit> per {2}% of this Hero's missing [health]<health>.,このヒーローが失っている[HP]<health>{2}%ごとに、[オムニヴァンプ+{0}]<omnivamp>、[クリティカル+{1}]<crit>。
RankModifiers,11912747969921137,RankModifiers.RankModifier_58.Name,Unfiltered Rage,むき出しの怒り
RankModifiers,11912747969921140,RankModifiers.RankModifier_59.Description,This Hero gains [{0} Attack]<attack> per [{1} Shields]<shield> it has (Max Bonus: {2}).,このヒーローが持つ[シールド{1}]<shield>ごとに[攻撃力+{0}]<attack>（最大増加量：{2}）。
RankModifiers,11912747969921139,RankModifiers.RankModifier_59.Name,Shield Power,シールドの力
RankModifiers,11912747969921034,RankModifiers.RankModifier_6.Description,"Whenever a [Duelist]<duelist> attacks an enemy with [Frost]<frost>, they gain [{0} Attack Speed]<attackspeed>. [Backup]<backup>.",[デュエリスト]<duelist>が[凍気]<frost>状態の敵を攻撃するたび、[攻撃速度+{0}]<attackspeed>。[控え有効]<backup>。
RankModifiers,11912747969921033,RankModifiers.RankModifier_6.Name,Freezing Acceleration,凍気加速
RankModifiers,46193532301082631,RankModifiers.RankModifier_60.DataTrackingDescription,[Attack]<attack> Gained: [60]<datatracking>,[攻撃力]<attack>増加量：[60]<datatracking>
RankModifiers,11912747969921142,RankModifiers.RankModifier_60.Description,"At [start of combat,]<bold> if this Hero is adjacent to exactly one other Hero they both permanently gain [{0} Attack]<attack>.",[戦闘開始時、]<bold>このヒーローに隣接する味方がちょうど1人なら、両者の[攻撃力+{0}]<attack>（恒久）。
RankModifiers,11912747969921141,RankModifiers.RankModifier_60.Name,Scaling Attack,成長する攻撃力
RankModifiers,11912747969921036,RankModifiers.RankModifier_7.Description,"On [auto attack,]<bold> gain [{0} Crit]<crit> and [{1} Attack]<attack> per [Debuff]<debuff> on the target.",[通常攻撃時、]<bold>標的の[デバフ]<debuff>1つにつき[クリティカル+{0}]<crit>、[攻撃力+{1}]<attack>。
RankModifiers,11912747969921035,RankModifiers.RankModifier_7.Name,Debuff Velocity,デバフ加速
RankModifiers,46193532296888320,RankModifiers.RankModifier_8.DataTrackingDescription,[Rush]<rush> [Triggered:]<bold> [totalRushTriggers]<globaldatatracking>,[速攻]<rush>の[発動回数：]<bold> [totalRushTriggers]<globaldatatracking>
RankModifiers,11912747969921038,RankModifiers.RankModifier_8.Description,[Duelists]<duelist> gain [{0} Attack Speed]<attackspeed> per [Rush]<rush> trigger this game. [Backup]<backup>.,このラン中の[速攻]<rush>発動1回につき、[デュエリスト]<duelist>の[攻撃速度+{0}]<attackspeed>。[控え有効]<backup>。
RankModifiers,11912747969921037,RankModifiers.RankModifier_8.Name,Rush Dynamo,速攻の動力
RankModifiers,11912747969921040,RankModifiers.RankModifier_9.Description,"For [Rush ({0}),]<rush> gain [+{1}% Crit]<crit>.

After [Stall ({2}),]<stall> gain [+{3}% Crit]<crit>.","[速攻（{0}）]<rush>の間、[クリティカル+{1}%]<crit>。

[忍耐（{2}）]<stall>後、[クリティカル+{3}%]<crit>。"
RankModifiers,11912747969921039,RankModifiers.RankModifier_9.Name,Critical Timing,会心の機
RankModifiers,11912747969921204,RankModifiers.RankModifier_91.Description,"After [Stall ({0}),]<stall> [heal]<heal> [{1}% Max HP]<maxhp>, gain [{2} Mana]<mana>, and gain [+{3}% Defense]<defense>.",[忍耐（{0}）]<stall>後、[最大HPの{1}%]<maxhp>を[回復]<heal>し、[マナを{2}]<mana>獲得して、[防御力+{3}%]<defense>。
RankModifiers,11912747969921203,RankModifiers.RankModifier_91.Name,Second Wind,再起
RankModifiers,11912747969921206,RankModifiers.RankModifier_92.Description,[Stall]<stall> abilities trigger {0} seconds faster. [Backup]<backup>.,[忍耐]<stall>アビリティが{0}秒早く発動する。[控え有効]<backup>。
RankModifiers,11912747969921205,RankModifiers.RankModifier_92.Name,Stall Certainty,忍耐の確信
RankModifiers,11912747969921208,RankModifiers.RankModifier_93.Description,"On [Stall]<stall> [trigger,]<bold> gain [{0} Defense]<defense>.",[忍耐]<stall>[発動時、]<bold>[防御力+{0}]<defense>。
RankModifiers,11912747969921207,RankModifiers.RankModifier_93.Name,Stalled Defense,忍耐の防御
RankModifiers,11912747969921210,RankModifiers.RankModifier_94.Description,"When [auto attacked,]<bold> gain [{0} Defense]<defense>.",[通常攻撃を受けたとき、]<bold>[防御力+{0}]<defense>。
RankModifiers,11912747969921209,RankModifiers.RankModifier_94.Name,Resolute,不屈
RankModifiers,11912747969921212,RankModifiers.RankModifier_95.Description,"After [Stall ({0}, {1}, {2}, {3}, and {4}):]<stall> [Taunt]<taunt> all enemies.","[忍耐（{0}, {1}, {2}, {3}, {4}）後：]<stall>敵全体を[挑発]<taunt>する。"
RankModifiers,11912747969921211,RankModifiers.RankModifier_95.Name,Distraction,目くらまし
RankModifiers,11912747969921214,RankModifiers.RankModifier_96.Description,[Tanks]<tank> gain [+{0}% Defense]<defense> against damage from enemies with [Frost]<frost>. [Backup]<backup>.,[タンク]<tank>が[凍気]<frost>状態の敵から受けるダメージに対し、[防御力+{0}%]<defense>。[控え有効]<backup>。
RankModifiers,11912747969921213,RankModifiers.RankModifier_96.Name,Freezing Presence,凍気の加護
RankModifiers,11912747969921216,RankModifiers.RankModifier_97.Description,"When [auto attacked,]<bold> deal [{0}+{1}_Defense]<statcalc_defense> damage to adjacent enemies.",[通常攻撃を受けたとき、]<bold>隣接する敵へ[{0}+{1}_Defense]<statcalc_defense>ダメージを与える。
RankModifiers,11912747969921215,RankModifiers.RankModifier_97.Name,Spiked,棘装
RankModifiers,11912747969921218,RankModifiers.RankModifier_98.Description,[Tanks]<tank> gain [{0} Attack]<attack> and [{1} Magic]<magic> per [{2} Defense]<defense> they have. [Backup]<backup>.,[タンク]<tank>が持つ[防御力{2}]<defense>ごとに、[攻撃力+{0}]<attack>、[魔力+{1}]<magic>。[控え有効]<backup>。
RankModifiers,11912747969921217,RankModifiers.RankModifier_98.Name,The Best Offense...,防御は最大の……
RankModifiers,11912747969921220,RankModifiers.RankModifier_99.Description,"When [auto attacked,]<bold> inflict [{0}+{1}_Defense]<statcalc_frost> [Frost]<frost> on the attacker (Max: {2}).",[通常攻撃を受けたとき、]<bold>攻撃者へ[凍気]<frost>を[{0}+{1}_Defense]<statcalc_frost>付与する（最大：{2}）。
RankModifiers,11912747969921219,RankModifiers.RankModifier_99.Name,Freezing Aura,凍気のオーラ
Relics,21745596571041797,Relics.Relic_1000.Description,[Warriors]<warrior> gain [{0} Attack]<attack>.,[ウォリアー]<warrior>の[攻撃力+{0}]<attack>。
Relics,21745596571041796,Relics.Relic_1000.Name,Warrior's Medallion,ウォリアーのメダリオン
Relics,21745596571041799,Relics.Relic_1001.Description,[Tanks]<tank> gain [{0} Defense]<defense>.,[タンク]<tank>の[防御力+{0}]<defense>。
Relics,21745596571041798,Relics.Relic_1001.Name,Tank's Medallion,タンクのメダリオン
Relics,21745596571041801,Relics.Relic_1002.Description,[Vanguards]<vanguard> gain [{0} Max HP]<maxhp>.,[ヴァンガード]<vanguard>の[最大HP+{0}]<maxhp>。
Relics,21745596571041800,Relics.Relic_1002.Name,Vanguard's Medallion,ヴァンガードのメダリオン
Relics,21745596571041803,Relics.Relic_1003.Description,[Assassins]<assassin> gain [{0} Crit]<crit>.,[アサシン]<assassin>の[クリティカル+{0}]<crit>。
Relics,21745596571041802,Relics.Relic_1003.Name,Assassin's Medallion,アサシンのメダリオン
Relics,21745596571041805,Relics.Relic_1004.Description,[Duelists]<duelist> gain [{0} Attack Speed]<attackspeed>.,[デュエリスト]<duelist>の[攻撃速度+{0}]<attackspeed>。
Relics,21745596571041804,Relics.Relic_1004.Name,Duelist's Medallion,デュエリストのメダリオン
Relics,21745596571041807,Relics.Relic_1005.Description,[Mystics]<mystic> gain [{0} Mana Regen]<manaregen>.,[ミスティック]<mystic>の[マナ回復+{0}]<manaregen>。
Relics,21745596571041806,Relics.Relic_1005.Name,Mystic's Medallion,ミスティックのメダリオン
Relics,21745596571041809,Relics.Relic_1006.Description,[Mages]<mage> gain [{0} Magic]<magic>.,[メイジ]<mage>の[魔力+{0}]<magic>。
Relics,21745596571041808,Relics.Relic_1006.Name,Mage's Medallion,メイジのメダリオン
Relics,21745596571041811,Relics.Relic_1007.Description,"After [Stall ({0} and {1}),]<stall> inflict [{2} Poison]<poison> on all enemies.","[忍耐（{0}, {1}）]<stall>後、敵全体に[毒を{2}]<poison>付与する。"
Relics,21745596571041810,Relics.Relic_1007.Name,Poison Bloom,毒花
Relics,21745596571041813,Relics.Relic_1008.Description,"At [start of combat,]<bold> inflict [{0} Frost]<frost> on all enemies.",[戦闘開始時、]<bold>敵全体に[凍気を{0}]<frost>付与する。
Relics,21745596571041812,Relics.Relic_1008.Name,Frost Surge,凍気の奔流
Relics,21745596571041815,Relics.Relic_1009.Description,"[Each second]<bold> for [Rush ({0}),]<rush> inflict [{1} Burn]<burn> on all enemies.",[速攻（{0}）]<rush>の間、[毎秒]<bold>敵全体に[炎上を{1}]<burn>付与する。
Relics,21745596571041814,Relics.Relic_1009.Name,Fire Starter,火付け役
Relics,21745596571041818,Relics.Relic_1010.DataTrackingDescription,[Shards]<shard> [Generated:]<generate> [{0}]<datatracking>,[シャード]<shard>の[生成数：]<generate> [{0}]<datatracking>
Relics,21745596571041817,Relics.Relic_1010.Description,"On [combat victory,]<bold> gain [{0} Shards]<shard>.",[戦闘勝利時、]<bold>[シャードを{0}]<shard>獲得する。
Relics,21745596571041816,Relics.Relic_1010.Name,Shard Lattice,シャード・ラティス
Relics,21745596571041820,Relics.Relic_1011.Description,"After [Stall ({0}),]<stall> Heroes gain [{1} HP/S]<hp/s>.",[忍耐（{0}）]<stall>後、ヒーローの[秒間HP回復+{1}]<hp/s>。
Relics,21745596571041819,Relics.Relic_1011.Name,Deceleration Lattice,減速ラティス
Relics,21745596571041822,Relics.Relic_1012.Description,"For [Rush ({0}),]<rush> Heroes gain [{1} HP/S]<hp/s>.",[速攻（{0}）]<rush>の間、ヒーローの[秒間HP回復+{1}]<hp/s>。
Relics,21745596571041821,Relics.Relic_1012.Name,Acceleration Lattice,加速ラティス
Relics,21745596571041824,Relics.Relic_1013.Description,Each Hero's first attack against each enemy gains [{0} Crit]<crit>.,各ヒーローがそれぞれの敵へ行う最初の攻撃に[クリティカル+{0}]<crit>。
Relics,21745596571041823,Relics.Relic_1013.Name,Precision Lattice,精密ラティス
Relics,21745596571041826,Relics.Relic_1014.Description,"At [start of combat,]<bold> Heroes gain [{0}]<shield> [lasting]<lasting> [Shields]<shield>.",[戦闘開始時、]<bold>ヒーローが[{0}]<shield>の[永続]<lasting>[シールド]<shield>を獲得する。
Relics,21745596571041825,Relics.Relic_1014.Name,Shield Generator,シールド生成器
Relics,21745596571041828,Relics.Relic_1015.Description,"At [start of combat,]<bold> inflict [{0} Poison]<poison>, [{1} Frost]<frost>, and [{2} Burn]<burn> on all enemies.",[戦闘開始時、]<bold>敵全体に[毒を{0}]<poison>、[凍気を{1}]<frost>、[炎上を{2}]<burn>付与する。
Relics,21745596571041827,Relics.Relic_1015.Name,Plague Generator,疫病生成器
Relics,21745596571041830,Relics.Relic_1016.Description,"At [start of combat,]<bold> Heroes in the front row gain [{0} Max HP]<maxhp> and [{1} Defense]<defense>.",[戦闘開始時、]<bold>前列のヒーローの[最大HP+{0}]<maxhp>、[防御力+{1}]<defense>。
Relics,21745596571041829,Relics.Relic_1016.Name,Frontline Defender,前衛の守護者
Relics,21745596571041832,Relics.Relic_1017.Description,"At [start of combat,]<bold> Heroes in the back row gain [{0} Attack Speed]<attackspeed> and [{1} Crit]<crit>.",[戦闘開始時、]<bold>後列のヒーローの[攻撃速度+{0}]<attackspeed>、[クリティカル+{1}]<crit>。
Relics,21745596571041831,Relics.Relic_1017.Name,Backline Aggressor,後衛の侵略者
Relics,21745596571041833,Relics.Relic_1018.Name,Poison Vessel,毒の器
Relics,65024501187477519,Relics.Relic_1018.QuestDescription,Inflict [{0} Poison]<poison>.,[毒を合計{0}]<poison>付与する。
Relics,65024501187477520,Relics.Relic_1018.QuestRewardDescription,Heroes gain [{0} Attack Speed]<attackspeed> and [{1} Crit]<crit>.,ヒーローの[攻撃速度+{0}]<attackspeed>、[クリティカル+{1}]<crit>。
Relics,21745596571041835,Relics.Relic_1019.Description,Shop [rerolls]<reroll> cost {0} less.,ショップの[リロール]<reroll>費用が{0}減る。
Relics,21745596571041834,Relics.Relic_1019.Name,Basic Differentiator,基本差分器
Relics,21745596571041836,Relics.Relic_1020.Name,Frost Vessel,凍気の器
Relics,65024501187477521,Relics.Relic_1020.QuestDescription,Inflict [{0} Frost]<frost>.,[凍気を合計{0}]<frost>付与する。
Relics,65024501187477522,Relics.Relic_1020.QuestRewardDescription,Heroes gain [{0} Defense]<defense> and [{1} Mana Regen]<manaregen>.,ヒーローの[防御力+{0}]<defense>、[マナ回復+{1}]<manaregen>。
Relics,21745596571041837,Relics.Relic_1021.Name,Burn Vessel,炎上の器
Relics,65024501187477523,Relics.Relic_1021.QuestDescription,Inflict [{0} Burn]<burn>.,[炎上を合計{0}]<burn>付与する。
Relics,65024501187477524,Relics.Relic_1021.QuestRewardDescription,Heroes gain [{0} Max HP]<maxhp> and [{1} Attack]<attack>.,ヒーローの[最大HP+{0}]<maxhp>、[攻撃力+{1}]<attack>。
Relics,21745596571041838,Relics.Relic_1022.Name,Shard Vessel,シャードの器
Relics,65024501187477525,Relics.Relic_1022.QuestDescription,[Generate]<generate> [{0} Shards]<shard>.,[シャードを{0}]<shard>[生成する]<generate>。
Relics,65024501187477526,Relics.Relic_1022.QuestRewardDescription,Heroes gain [{0} Crit]<crit> and [{1} Omnivamp]<omnivamp>.,ヒーローの[クリティカル+{0}]<crit>、[オムニヴァンプ+{1}]<omnivamp>。
Relics,21745596571041839,Relics.Relic_1023.Name,Deceleration Vessel,減速の器
Relics,65024501187477527,Relics.Relic_1023.QuestDescription,Trigger [Stall]<stall> {0} times.,[忍耐]<stall>を{0}回発動する。
Relics,65024501187477528,Relics.Relic_1023.QuestRewardDescription,[Stall]<stall> abilities trigger {0} seconds faster.,[忍耐]<stall>アビリティの発動が{0}秒早まる。
Relics,21745596571041840,Relics.Relic_1024.Name,Acceleration Vessel,加速の器
Relics,65024501187477529,Relics.Relic_1024.QuestDescription,Trigger [Rush]<rush> {0} times.,[速攻]<rush>を{0}回発動する。
Relics,65024501187477530,Relics.Relic_1024.QuestRewardDescription,[Rush]<rush> abilities last {0} seconds longer.,[速攻]<rush>アビリティの持続時間が{0}秒延びる。
Relics,21745596571041841,Relics.Relic_1025.Name,Critical Vessel,会心の器
Relics,65024501187477531,Relics.Relic_1025.QuestDescription,[Crit]<crit> {0} times.,[クリティカル]<crit>を{0}回発生させる。
Relics,65024501187477532,Relics.Relic_1025.QuestRewardDescription,Heroes gain [{0} Attack Speed]<attackspeed> and [{1} Omnivamp]<omnivamp>.,ヒーローの[攻撃速度+{0}]<attackspeed>、[オムニヴァンプ+{1}]<omnivamp>。
Relics,21745596571041842,Relics.Relic_1026.Name,Shield Vessel,シールドの器
Relics,65024501187477533,Relics.Relic_1026.QuestDescription,Apply [{0} Shields]<shield>.,[シールドを合計{0}]<shield>付与する。
Relics,65024501187477534,Relics.Relic_1026.QuestRewardDescription,Heroes gain [{0} Magic]<magic> and [{1} Attack]<attack>.,ヒーローの[魔力+{0}]<magic>、[攻撃力+{1}]<attack>。
Relics,21745596571041843,Relics.Relic_1027.Name,Unity Vessel,結束の器
Relics,65024501187477535,Relics.Relic_1027.QuestDescription,Win a combat with {0} or more Heroes of the same [Class]<class> in play.,同じ[クラス]<class>のヒーローを{0}人以上出撃させて戦闘に勝利する。
Relics,65024501187477536,Relics.Relic_1027.QuestRewardDescription,Gain [{0} Shards]<shard>.,[シャードを{0}]<shard>獲得する。
Relics,21745596571041844,Relics.Relic_1028.Name,Divergence Vessel,分岐の器
Relics,65024501187477537,Relics.Relic_1028.QuestDescription,Win a combat with {0} or more Heroes that do not share a [Class]<class> in play.,[クラス]<class>が重複しないヒーローを{0}人以上出撃させて戦闘に勝利する。
Relics,65024501187477538,Relics.Relic_1028.QuestRewardDescription,Gain [{0} Shards]<shard>.,[シャードを{0}]<shard>獲得する。
Relics,21745596571041845,Relics.Relic_1029.Name,Victory Vessel,勝利の器
Relics,65024501187477539,Relics.Relic_1029.QuestDescription,Win {0} combats.,戦闘に{0}回勝利する。
Relics,65024501187477540,Relics.Relic_1029.QuestRewardDescription,Gain [{0} Shards]<shard>.,[シャードを{0}]<shard>獲得する。
Relics,21745596571041847,Relics.Relic_2000.Description,"For each [Warrior]<warrior> in combat, [Rush]<rush> abilities last [{0} seconds]<seconds> longer.",戦闘中の[ウォリアー]<warrior>1人につき、[速攻]<rush>アビリティの持続時間が[{0}秒]<seconds>延びる。
Relics,21745596571041846,Relics.Relic_2000.Name,Warrior's Memento,ウォリアーの形見
Relics,21745596571041849,Relics.Relic_2001.Description,"If there is a [Warrior]<warrior> in combat, your Hero's auto attacks gain [{0} Crit]<crit>.",戦闘中に[ウォリアー]<warrior>がいる場合、ヒーローの通常攻撃に[クリティカル+{0}]<crit>。
Relics,21745596571041848,Relics.Relic_2001.Name,Warrior's Emblem,ウォリアーの記章
Relics,21745596571041851,Relics.Relic_2002.Description,"At [start of combat,]<bold> inflict [{0} Poison]<poison> on all enemies per [Tank]<tank> in combat.",[戦闘開始時、]<bold>戦闘中の[タンク]<tank>1人につき、敵全体に[毒を{0}]<poison>付与する。
Relics,21745596571041850,Relics.Relic_2002.Name,Tank's Memento,タンクの形見
Relics,21745596571041853,Relics.Relic_2003.Description,"[Each second]<bold> if there is a [Tank]<tank> in combat, Heroes gain [{0} Defense]<defense>.",戦闘中に[タンク]<tank>がいる場合、[毎秒]<bold>ヒーローの[防御力+{0}]<defense>。
Relics,21745596571041852,Relics.Relic_2003.Name,Tank's Emblem,タンクの記章
Relics,21745596571041855,Relics.Relic_2004.Description,"At [start of combat,]<bold> inflict [{0} Burn]<burn> on all enemies per [Vanguard]<vanguard> in combat.",[戦闘開始時、]<bold>戦闘中の[ヴァンガード]<vanguard>1人につき、敵全体に[炎上を{0}]<burn>付与する。
Relics,21745596571041854,Relics.Relic_2004.Name,Vanguard's Memento,ヴァンガードの形見
Relics,21745596571041857,Relics.Relic_2005.Description,"[Every {0} seconds]<bold> if there is a [Vanguard]<vanguard> in combat, Heroes gain [{1} Shields]<shield>.",戦闘中に[ヴァンガード]<vanguard>がいる場合、[{0}秒ごとに]<bold>ヒーローが[シールドを{1}]<shield>獲得する。
Relics,21745596571041856,Relics.Relic_2005.Name,Vanguard's Emblem,ヴァンガードの記章
Relics,21745596571041860,Relics.Relic_2006.DataTrackingDescription,[Shards]<shard> [Generated:]<generate> [{0}]<datatracking>,[シャード]<shard>の[生成数：]<generate> [{0}]<datatracking>
Relics,21745596571041859,Relics.Relic_2006.Description,"At [start of combat,]<bold> gain [{0} Shards]<shard> per [Assassin]<assassin> in combat.",[戦闘開始時、]<bold>戦闘中の[アサシン]<assassin>1人につき、[シャードを{0}]<shard>獲得する。
Relics,21745596571041858,Relics.Relic_2006.Name,Assassin's Memento,アサシンの形見
Relics,21745596571041862,Relics.Relic_2007.Description,"If there is an [Assassin]<assassin> in combat, Heroes gain [Stealth for {0} seconds]<stealth> the first time they go below [{1}% Max HP]<maxhp> each combat.",戦闘中に[アサシン]<assassin>がいる場合、各戦闘でヒーローのHPが初めて[最大HPの{1}%]<maxhp>を下回ったとき、[{0}秒間ステルス]<stealth>を得る。
Relics,21745596571041861,Relics.Relic_2007.Name,Assassin's Emblem,アサシンの記章
Relics,21745596571041864,Relics.Relic_2008.Description,"For each [Duelist]<duelist> in combat, [Stall]<stall> abilities trigger [{0} seconds]<seconds> earlier.",戦闘中の[デュエリスト]<duelist>1人につき、[忍耐]<stall>アビリティの発動が[{0}秒]<seconds>早まる。
Relics,21745596571041863,Relics.Relic_2008.Name,Duelist's Memento,デュエリストの形見
Relics,21745596571041866,Relics.Relic_2009.Description,"If there is a [Duelist]<duelist> in combat, Heroes deal [{0} bonus damage]<damage> with each auto attack.",戦闘中に[デュエリスト]<duelist>がいる場合、ヒーローが通常攻撃ごとに[{0}の追加ダメージ]<damage>を与える。
Relics,21745596571041865,Relics.Relic_2009.Name,Duelist's Emblem,デュエリストの記章
Relics,21745596571041868,Relics.Relic_2010.Description,"At [start of combat,]<bold> Heroes gain a [{0}% Max HP Shield]<shield> per [Mystic]<mystic> in combat.",[戦闘開始時、]<bold>戦闘中の[ミスティック]<mystic>1人につき、ヒーローが[最大HPの{0}%に等しいシールド]<shield>を獲得する。
Relics,21745596571041867,Relics.Relic_2010.Name,Mystic's Memento,ミスティックの形見
Relics,21745596571041870,Relics.Relic_2011.Description,"If there is a [Mystic]<mystic> in combat, Heroes gain [{0} Mana Regen]<manaregen> and [{1} HP/S]<hp/s>.",戦闘中に[ミスティック]<mystic>がいる場合、ヒーローの[マナ回復+{0}]<manaregen>、[秒間HP回復+{1}]<hp/s>。
Relics,21745596571041869,Relics.Relic_2011.Name,Mystic's Emblem,ミスティックの記章
Relics,21745596571041872,Relics.Relic_2012.Description,"At [start of combat,]<bold> inflict [{0} Frost]<frost> on all enemies per [Mage]<mage> in combat.",[戦闘開始時、]<bold>戦闘中の[メイジ]<mage>1人につき、敵全体に[凍気を{0}]<frost>付与する。
Relics,21745596571041871,Relics.Relic_2012.Name,Mage's Memento,メイジの形見
Relics,21745596571041874,Relics.Relic_2013.Description,"If there is a [Mage]<mage> in combat, your Hero's active abilities gain [{0} Crit]<crit>.",戦闘中に[メイジ]<mage>がいる場合、ヒーローのアクティブアビリティに[クリティカル+{0}]<crit>。
Relics,21745596571041873,Relics.Relic_2013.Name,Mage's Emblem,メイジの記章
Relics,21745596571041876,Relics.Relic_2014.Description,[Mages]<mage> and [Mystics]<mystic> gain [{0} Magic]<magic> and [{1} Mana Regen]<manaregen>.,[メイジ]<mage>と[ミスティック]<mystic>の[魔力+{0}]<magic>、[マナ回復+{1}]<manaregen>。
Relics,21745596571041875,Relics.Relic_2014.Name,Arcane Amplifier,秘術増幅器
Relics,21745596571041878,Relics.Relic_2015.Description,"[Assassins]<assassin>, [Duelists]<duelist>, and [Warriors]<warrior> gain [{0} Crit]<crit>, [{1} Attack Speed]<attackspeed>, and [{2} Attack]<attack>.",[アサシン]<assassin>、[デュエリスト]<duelist>、[ウォリアー]<warrior>の[クリティカル+{0}]<crit>、[攻撃速度+{1}]<attackspeed>、[攻撃力+{2}]<attack>。
Relics,21745596571041877,Relics.Relic_2015.Name,Martial Amplifier,武術増幅器
Relics,21745596571041880,Relics.Relic_2016.Description,[Tanks]<tank> and [Vanguards]<vanguard> gain [{0} Defense]<defense> and [{1} Max HP]<maxhp>.,[タンク]<tank>と[ヴァンガード]<vanguard>の[防御力+{0}]<defense>、[最大HP+{1}]<maxhp>。
Relics,21745596571041879,Relics.Relic_2016.Name,Defensive Amplifier,防御増幅器
Relics,21745596571041881,Relics.Relic_2017.Name,Multiclass Conduit,マルチクラス導管
Relics,65024501187477541,Relics.Relic_2017.QuestDescription,Win a combat with {0} or more combined [classes]<class> in play.,合計{0}種類以上の[クラス]<class>を出撃させて戦闘に勝利する。
Relics,65024501187477542,Relics.Relic_2017.QuestRewardDescription,Get {0} random Crest items. Crest items make a Hero count as having an additional class.,ランダムな紋章アイテムを{0}個獲得する。紋章アイテムを装備したヒーローは、追加クラスを持つものとして扱われる。
Relics,21745596571041884,Relics.Relic_2018.DataTrackingDescription,[Shards]<shard> [Generated:]<generate> [{0}]<datatracking>,[シャード]<shard>の[生成数：]<generate> [{0}]<datatracking>
Relics,21745596571041883,Relics.Relic_2018.Description,"[Every {0}]<bold> [Stall]<stall> [triggers,]<bold> gain [{1} Shard]<shard>.",[忍耐]<stall>が[{0}回]<bold>[発動するたび、]<bold>[シャードを{1}]<shard>獲得する。
Relics,21745596571041882,Relics.Relic_2018.Name,Deceleration Nexus,減速中枢
Relics,21745596571041886,Relics.Relic_2019.Description,"On [Stall]<stall> [trigger,]<bold> give Heroes a [{0}% Max HP Shield]<shield> and [{1} Mana]<mana>.",[忍耐]<stall>[発動時、]<bold>ヒーローに[最大HPの{0}%に等しいシールド]<shield>と[マナを{1}]<mana>付与する。
Relics,21745596571041885,Relics.Relic_2019.Name,Deceleration Reactor,減速反応炉
Relics,21745596571041887,Relics.Relic_2020.Name,Deceleration Conduit,減速導管
Relics,65024501187477543,Relics.Relic_2020.QuestDescription,Trigger [Stall]<stall> {0} times.,[忍耐]<stall>を{0}回発動する。
Relics,65024501187477544,Relics.Relic_2020.QuestRewardDescription,[Stall]<stall> abilities trigger {0} seconds faster.,[忍耐]<stall>アビリティの発動が{0}秒早まる。
Relics,21745596571041890,Relics.Relic_2021.DataTrackingDescription,[Shards]<shard> [Generated:]<generate> [{0}]<datatracking>,[シャード]<shard>の[生成数：]<generate> [{0}]<datatracking>
Relics,21745596571041889,Relics.Relic_2021.Description,"[Every {0}]<bold> [Rush]<rush> [triggers,]<bold> gain [{1} Shard]<shard>.",[速攻]<rush>が[{0}回]<bold>[発動するたび、]<bold>[シャードを{1}]<shard>獲得する。
Relics,21745596571041888,Relics.Relic_2021.Name,Acceleration Nexus,加速中枢
Relics,21745596571041892,Relics.Relic_2022.Description,"On [Rush]<rush> [trigger,]<bold> give Heroes [{0} Crit]<crit> and [{1} Attack Speed]<attackspeed>.",[速攻]<rush>[発動時、]<bold>ヒーローの[クリティカル+{0}]<crit>、[攻撃速度+{1}]<attackspeed>。
Relics,21745596571041891,Relics.Relic_2022.Name,Acceleration Reactor,加速反応炉
Relics,21745596571041893,Relics.Relic_2023.Name,Acceleration Conduit,加速導管
Relics,65024501187477545,Relics.Relic_2023.QuestDescription,Trigger [Rush]<rush> {0} times.,[速攻]<rush>を{0}回発動する。
Relics,65024501187477546,Relics.Relic_2023.QuestRewardDescription,[Rush]<rush> abilities last {0} seconds longer.,[速攻]<rush>アビリティの持続時間が{0}秒延びる。
Relics,21745596571041895,Relics.Relic_2024.Description,"On [Crit,]<crit> the Hero that [Crit]<crit> [heals {0}]<heal> and gains [{1} Mana]<mana>.",[クリティカル時、]<crit>[クリティカル]<crit>を発生させたヒーローが[HPを{0}回復]<heal>し、[マナを{1}]<mana>獲得する。
Relics,21745596571041894,Relics.Relic_2024.Name,Precision Nexus,精密中枢
Relics,21745596571041897,Relics.Relic_2025.Description,"For [Rush ({0}),]<rush> Heroes gain [{1} Crit]<crit>.",[速攻（{0}）]<rush>の間、ヒーローの[クリティカル+{1}]<crit>。
Relics,21745596571041896,Relics.Relic_2025.Name,Precision Reactor,精密反応炉
Relics,21745596571041898,Relics.Relic_2026.Name,Precision Conduit,精密導管
Relics,65024501187477547,Relics.Relic_2026.QuestDescription,[Crit]<crit> {0} times.,[クリティカル]<crit>を{0}回発生させる。
Relics,65024501187477548,Relics.Relic_2026.QuestRewardDescription,"On [Crit,]<crit> reduce the target's [Defense]<defense> by {0}.",[クリティカル時、]<crit>標的の[防御力]<defense>を{0}低下させる。
Relics,21745596571041901,Relics.Relic_2027.DataTrackingDescription,[Shards]<shard> [Generated:]<generate> [{0}]<datatracking>,[シャード]<shard>の[生成数：]<generate> [{0}]<datatracking>
Relics,21745596571041900,Relics.Relic_2027.Description,"On [combat victory,]<bold> gain [{0} Shards]<shard>.",[戦闘勝利時、]<bold>[シャードを{0}]<shard>獲得する。
Relics,21745596571041899,Relics.Relic_2027.Name,Shard Extractor,シャード抽出器
Relics,21745596571041904,Relics.Relic_2028.DataTrackingDescription,[Shards]<shard> [Generated:]<generate> [{0}]<datatracking>,[シャード]<shard>の[生成数：]<generate> [{0}]<datatracking>
Relics,21745596571041903,Relics.Relic_2028.Description,"After [Stall ({0}),]<stall> gain [{1} Shards]<shard>.",[忍耐（{0}）]<stall>後、[シャードを{1}]<shard>獲得する。
Relics,21745596571041902,Relics.Relic_2028.Name,Shard Constructor,シャード構築器
Relics,21745596571041905,Relics.Relic_2029.Name,Generation Conduit,生成導管
Relics,65024501187477549,Relics.Relic_2029.QuestDescription,[Generate]<generate> [{0} Shards]<shards>.,[シャードを{0}]<shards>[生成する]<generate>。
Relics,65024501187477550,Relics.Relic_2029.QuestRewardDescription,"On [Shards]<shard> [generated,]<generate> Heroes gain [{0} Crit]<crit> and [{1} Shields]<shield>.",[シャード]<shard>[生成時、]<generate>ヒーローの[クリティカル+{0}]<crit>、さらに[シールドを{1}]<shield>獲得する。
Relics,21745596571041907,Relics.Relic_2030.Description,"Whenever a Hero inflicts [Poison]<poison>, inflict {0}% more.",ヒーローが[毒]<poison>を付与するとき、付与量が{0}%増える。
Relics,21745596571041906,Relics.Relic_2030.Name,Poison Amplifier,毒増幅器
Relics,21745596571041909,Relics.Relic_2031.Description,"After [Stall ({0}),]<stall> whenever an enemy with [Poison]<poison> is auto attacked, they take damage equal to their [Poison]<poison>.",[忍耐（{0}）]<stall>後、[毒]<poison>状態の敵が通常攻撃を受けるたび、その[毒]<poison>と同量のダメージを受ける。
Relics,21745596571041908,Relics.Relic_2031.Name,Poison Catalyst,毒触媒
Relics,21745596571041910,Relics.Relic_2032.Name,Poison Conduit,毒導管
Relics,65024501187477551,Relics.Relic_2032.QuestDescription,Inflict [{0} Poison]<poison>.,[毒を合計{0}]<poison>付与する。
Relics,65024501187477552,Relics.Relic_2032.QuestRewardDescription,"Whenever a Hero inflicts [Poison,]<poison> they gain [{0} Magic]<magic> and [{1} Attack]<attack> per [{2} Poison]<poison> inflicted.",ヒーローが[毒を付与するたび、]<poison>付与した[毒{2}]<poison>につき[魔力+{0}]<magic>、[攻撃力+{1}]<attack>。
Relics,21745596571041912,Relics.Relic_2033.Description,"Whenever a Hero inflicts [Frost]<frost>, inflict {0}% more.",ヒーローが[凍気]<frost>を付与するとき、付与量が{0}%増える。
Relics,21745596571041911,Relics.Relic_2033.Name,Frost Amplifier,凍気増幅器
Relics,21745596571041914,Relics.Relic_2034.Description,"After [Stall ({0}, {1}, and {2}),]<stall> all enemies receive damage equal to {3} times the amount of [Frost]<frost> they have.","[忍耐（{0}, {1}, {2}）]<stall>後、敵全体が自身に付与された[凍気]<frost>の{3}倍に等しいダメージを受ける。"
Relics,21745596571041913,Relics.Relic_2034.Name,Frost Catalyst,凍気触媒
Relics,21745596571041915,Relics.Relic_2035.Name,Frost Conduit,凍気導管
Relics,65024501187477553,Relics.Relic_2035.QuestDescription,Inflict [{0} Frost]<frost>.,[凍気を合計{0}]<frost>付与する。
Relics,65024501187477554,Relics.Relic_2035.QuestRewardDescription,"Whenever a Hero inflicts [Frost,]<frost> they gain [{0} Magic]<magic> and [{1} Attack]<attack> per [{2} Frost]<frost> inflicted.",ヒーローが[凍気を付与するたび、]<frost>付与した[凍気{2}]<frost>につき[魔力+{0}]<magic>、[攻撃力+{1}]<attack>。
Relics,21745596571041917,Relics.Relic_2036.Description,"Whenever a Hero inflicts [Burn]<burn>, inflict {0}% more.",ヒーローが[炎上]<burn>を付与するとき、付与量が{0}%増える。
Relics,21745596571041916,Relics.Relic_2036.Name,Burn Amplifier,炎上増幅器
Relics,21745596571041919,Relics.Relic_2037.Description,"For [Rush ({0}),]<rush> enemies receive {1}% more [Burn]<burn> damage.",[速攻（{0}）]<rush>の間、敵が受ける[炎上]<burn>ダメージ+{1}%。
Relics,21745596571041918,Relics.Relic_2037.Name,Burn Catalyst,炎上触媒
Relics,21745596571041920,Relics.Relic_2038.Name,Burn Conduit,炎上導管
Relics,65024501187477555,Relics.Relic_2038.QuestDescription,Inflict [{0} Burn]<burn>.,[炎上を合計{0}]<burn>付与する。
Relics,65024501187477556,Relics.Relic_2038.QuestRewardDescription,"Whenever a Hero inflicts [Burn,]<burn> they gain [{0} Magic]<magic> and [{1} Attack]<attack> per [{2} Burn]<burn> inflicted.",ヒーローが[炎上を付与するたび、]<burn>付与した[炎上{2}]<burn>につき[魔力+{0}]<magic>、[攻撃力+{1}]<attack>。
Relics,21745596571041922,Relics.Relic_2039.Description,"After [Stall ({0}),]<stall> Heroes gain [{1} Defense]<defense> and [{2} Magic]<magic> per [{3} Debuffs]<debuff> on all enemies.",[忍耐（{0}）]<stall>後、敵全体の[デバフ{3}]<debuff>につき、ヒーローの[防御力+{1}]<defense>、[魔力+{2}]<magic>。
Relics,21745596571041921,Relics.Relic_2039.Name,Plague Harvester,疫病収穫器
Relics,21745596571041923,Relics.Relic_2040.Description,"For [Rush ({0}),]<rush> if an enemy would gain a [Debuff]<debuff> they gain {1} more.",[速攻（{0}）]<rush>の間、敵に[デバフ]<debuff>が付与されるとき、付与量が{1}増える。
Relics,47253256617844736,Relics.Relic_2040.Name,Plague Amplifier,疫病増幅器
Relics,21745596571041924,Relics.Relic_2041.Name,Plague Conduit,疫病導管
Relics,65024501187477557,Relics.Relic_2041.QuestDescription,Inflict [{0} Debuffs]<debuff>.,[デバフを合計{0}]<debuff>付与する。
Relics,65024501187477558,Relics.Relic_2041.QuestRewardDescription,Gain [{0} Shards]<shard>.,[シャードを{0}]<shard>獲得する。
Relics,21745596571041925,Relics.Relic_2042.Description,"Whenever an enemy damages a Hero's [Shields]<shield>, deal {0}% of the damage back to the source.",敵がヒーローの[シールド]<shield>にダメージを与えるたび、そのダメージの{0}%を攻撃元へ返す。
Relics,47253256617844737,Relics.Relic_2042.Name,Shield Repriser,シールド報復装置
Relics,47253256617844738,Relics.Relic_2043.Description,"After [Stall ({0}),]<stall> Heroes gain a [lasting]<lasting> [{1}% Max HP Shield]<shield>.",[忍耐（{0}）]<stall>後、ヒーローが自身の最大HPの{1}%に等しい[永続]<lasting>[シールド]<shield>を獲得する。
Relics,21745596571041926,Relics.Relic_2043.Name,Shield Bastion,シールド砦
Relics,21745596571041927,Relics.Relic_2044.Name,Shield Conduit,シールド導管
Relics,65024501187477559,Relics.Relic_2044.QuestDescription,Apply [{0} Shields]<shield>.,[シールドを合計{0}]<shield>付与する。
Relics,65024501187477560,Relics.Relic_2044.QuestRewardDescription,Heroes gain [{0} Attack]<attack> and [{1} Magic]<magic> while [Shielded]<shield>.,[シールド]<shield>を持つ間、ヒーローの[攻撃力+{0}]<attack>、[魔力+{1}]<magic>。
Relics,47253256617844739,Relics.Relic_2045.Description,"Heroes gain [{0}]<datatracking> [Attack]<attack>.

On [combat victory,]<bold> permanently increase the [Attack]<attack> gained by {1}.","ヒーローの[攻撃力]<attack>+[{0}]<datatracking>。

[戦闘勝利時、]<bold>このレリックから得る[攻撃力]<attack>が恒久的に{1}増える。"
Relics,21745596571041928,Relics.Relic_2045.Name,Combative Codex,闘争の法典
Relics,47253256617844740,Relics.Relic_2046.Description,"Heroes gain [{0}]<datatracking> [Magic]<magic>.

On [combat victory,]<bold> permanently increase the [Magic]<magic> gained by {1}.","ヒーローの[魔力]<magic>+[{0}]<datatracking>。

[戦闘勝利時、]<bold>このレリックから得る[魔力]<magic>が恒久的に{1}増える。"
Relics,21745596571041930,Relics.Relic_2046.Name,Enchanted Codex,魔法の法典
Relics,47253256617844741,Relics.Relic_2047.Description,"Heroes gain [{0}]<datatracking> [Omnivamp]<omnivamp>.

On [combat victory,]<bold> permanently increase the [Omnivamp]<omnivamp> gained by {1}.","ヒーローの[オムニヴァンプ]<omnivamp>+[{0}]<datatracking>。

[戦闘勝利時、]<bold>このレリックから得る[オムニヴァンプ]<omnivamp>が恒久的に{1}増える。"
Relics,21745596571041932,Relics.Relic_2047.Name,Vampiric Codex,吸血の法典
Relics,47253256617844742,Relics.Relic_2048.Description,"Heroes gain [{0}]<datatracking> [Max HP]<maxhp>.

On [combat victory,]<bold> permanently increase the [Max HP]<maxhp> gained by {1}.","ヒーローの[最大HP]<maxhp>+[{0}]<datatracking>。

[戦闘勝利時、]<bold>このレリックから得る[最大HP]<maxhp>が恒久的に{1}増える。"
Relics,21745596571041934,Relics.Relic_2048.Name,Vital Codex,生命の法典
Relics,21745596571041937,Relics.Relic_2049.Description,"Heroes gain [{0}]<datatracking> [Defense]<defense>.

On [combat victory,]<bold> permanently increase the [Defense]<defense> gained by {1}.","ヒーローの[防御力]<defense>+[{0}]<datatracking>。

[戦闘勝利時、]<bold>このレリックから得る[防御力]<defense>が恒久的に{1}増える。"
Relics,21745596571041936,Relics.Relic_2049.Name,Plated Codex,装甲の法典
Relics,21745596571041940,Relics.Relic_2050.Description,"Heroes gain [{0}]<datatracking> [Crit]<crit>.

On [combat victory,]<bold> permanently increase the [Crit]<crit> gained by {1}.","ヒーローの[クリティカル]<crit>+[{0}]<datatracking>。

[戦闘勝利時、]<bold>このレリックから得る[クリティカル]<crit>が恒久的に{1}増える。"
Relics,21745596571041939,Relics.Relic_2050.Name,Precise Codex,精密の法典
Relics,21745596571041943,Relics.Relic_2051.Description,"Heroes gain [{0}]<datatracking> [Attack Speed]<attackspeed>.

On [combat victory,]<bold> permanently increase the [Attack Speed]<attackspeed> gained by {1}.","ヒーローの[攻撃速度]<attackspeed>+[{0}]<datatracking>。

[戦闘勝利時、]<bold>このレリックから得る[攻撃速度]<attackspeed>が恒久的に{1}増える。"
Relics,21745596571041942,Relics.Relic_2051.Name,Swift Codex,迅速の法典
Relics,21745596571041946,Relics.Relic_2052.Description,"At [start of combat,]<bold> Heroes in the front row gain [{0} Max HP]<maxhp> and grow in size.",[戦闘開始時、]<bold>前列のヒーローの[最大HP+{0}]<maxhp>。さらに体が大きくなる。
Relics,21745596571041945,Relics.Relic_2052.Name,Frontline Embiggener,前衛巨大化装置
Relics,21745596571041947,Relics.Relic_2053.Description,"At [start of combat,]<bold> Heroes in the front row gain [{0} Defense]<defense> and grow in size.",[戦闘開始時、]<bold>前列のヒーローの[防御力+{0}]<defense>。さらに体が大きくなる。
Relics,47253256617844743,Relics.Relic_2053.Name,Frontline Barricader,前衛防壁装置
Relics,21745596571041949,Relics.Relic_2054.Description,"At [start of combat,]<bold> Heroes in the back row gain [{0} Crit]<crit> and increased move speed.",[戦闘開始時、]<bold>後列のヒーローの[クリティカル+{0}]<crit>、さらに移動速度が増加する。
Relics,21745596571041948,Relics.Relic_2054.Name,Backline Sharpener,後衛研磨装置
Relics,21745596571041951,Relics.Relic_2055.Description,"At [start of combat,]<bold> Heroes in the back row gain [{0} Attack Speed]<attackspeed> and increased move speed.",[戦闘開始時、]<bold>後列のヒーローの[攻撃速度+{0}]<attackspeed>、さらに移動速度が増加する。
Relics,21745596571041950,Relics.Relic_2055.Name,Backline Quickener,後衛加速装置
Relics,21745596571041953,Relics.Relic_2056.Description,Shop [rerolls]<reroll> cost {0} less.,ショップの[リロール]<reroll>費用が{0}減る。
Relics,21745596571041952,Relics.Relic_2056.Name,Advanced Differentiator,上級差分器
Relics,21745596571041956,Relics.Relic_2057.DataTrackingDescription,[Rerolls]<reroll> [this Game:]<bold> [globalRerolls]<globaldatatracking>,このラン中の[リロール]<reroll>[回数：]<bold> [globalRerolls]<globaldatatracking>
Relics,21745596571041955,Relics.Relic_2057.Description,"After [Stall ({0} and {1}),]<bold> give Heroes a [lasting]<lasting> [{2}% Max HP Shield]<shield> for each time you've [rerolled]<reroll> the shop this game.","[忍耐（{0}, {1}）]<bold>後、このラン中にショップを[リロール]<reroll>した回数1回につき、ヒーローが自身の最大HPの{2}%に等しい[永続]<lasting>[シールド]<shield>を獲得する。"
Relics,21745596571041954,Relics.Relic_2057.Name,Protective Differentiator,防護差分器
Relics,21745596571041957,Relics.Relic_2058.Name,Violence Conduit,武力導管
Relics,65024501187477561,Relics.Relic_2058.QuestDescription,Auto attack {0} times.,通常攻撃を{0}回行う。
Relics,65024501187477562,Relics.Relic_2058.QuestRewardDescription,Each Hero's first auto attack against each enemy gains [{0} Crit]<crit>.,各ヒーローがそれぞれの敵へ行う最初の通常攻撃に[クリティカル+{0}]<crit>。
Relics,21745596575236096,Relics.Relic_2059.Name,Arcane Conduit,秘術導管
Relics,65024501187477563,Relics.Relic_2059.QuestDescription,Cast {0} Active Abilities.,アクティブアビリティを{0}回発動する。
Relics,65024501187477564,Relics.Relic_2059.QuestRewardDescription,Heroes gain [{0} Starting Mana]<startingmana>.,ヒーローの[開始時マナ+{0}]<startingmana>。
Relics,21745596575236098,Relics.Relic_3000.Description,"Whenever a [Warrior]<warrior> [kills]<bold>, they gain [+{0}% Attack]<attack>, [heal {1}% of their Max HP]<maxhp> and gain [{2} Mana]<mana>.",[ウォリアー]<warrior>が[敵を倒す]<bold>たび、[攻撃力+{0}%]<attack>、[最大HPの{1}%を回復]<maxhp>し、[マナを{2}]<mana>獲得する。
Relics,21745596575236097,Relics.Relic_3000.Name,Warrior's Exaltation Prism,ウォリアーの高揚プリズム
Relics,21745596575236100,Relics.Relic_3001.Description,"For [Rush ({0}),]<rush> whenever a [Warrior]<warrior> [Crits]<crit> an enemy reduce the enemy's [Defense]<defense> by {1}.",[速攻（{0}）]<rush>の間、[ウォリアー]<warrior>が敵に[クリティカル]<crit>を与えるたび、その敵の[防御力]<defense>を{1}低下させる。
Relics,21745596575236099,Relics.Relic_3001.Name,Warrior's Sundering Filigree,ウォリアーの破砕フィリグリー
Relics,21745596575236102,Relics.Relic_3002.Description,"[Tanks]<tank> gain [{0} Defense]<defense> per enemy targeting them.

[Every {1} Seconds,]<bold> the [Tank]<tank> with the highest [current HP]<maxhp> [Taunts]<taunt> all enemies.","[タンク]<tank>は、自身を狙う敵1体につき[防御力+{0}]<defense>。

[{1}秒ごとに、]<bold>[現在HP]<maxhp>が最も高い[タンク]<tank>が敵全体を[挑発]<taunt>する。"
Relics,21745596575236101,Relics.Relic_3002.Name,Tank's Intercession Prism,タンクの庇護プリズム
Relics,21745596575236104,Relics.Relic_3003.Description,"After [Stall ({0}),]<stall> [Tanks]<tank> gain [{1} HP/S]<hp/s> per [{2} Defense]<defense> they have.",[忍耐（{0}）]<stall>後、[タンク]<tank>は自身の[防御力{2}]<defense>につき[秒間HP回復+{1}]<hp/s>。
Relics,21745596575236103,Relics.Relic_3003.Name,Tank's Invigoration Filigree,タンクの活性フィリグリー
Relics,21745596575236106,Relics.Relic_3004.Description,"Whenever a [Vanguard]<vanguard> goes below [{0}% Max HP]<maxhp> for the first time each combat they gain [+{1}% Attack Speed]<attackspeed>, [+{2}% Attack]<attack>, and [+{3}% Defense]<defense>.",各戦闘で[ヴァンガード]<vanguard>のHPが初めて[最大HPの{0}%]<maxhp>を下回ったとき、[攻撃速度+{1}%]<attackspeed>、[攻撃力+{2}%]<attack>、[防御力+{3}%]<defense>。
Relics,21745596575236105,Relics.Relic_3004.Name,Vanguard's Frenzy Prism,ヴァンガードの狂乱プリズム
Relics,21745596575236108,Relics.Relic_3005.Description,"For [Rush ({0}),]<rush> [Vanguards]<vanguard> gain [+{1}% Max HP]<maxhp>.",[速攻（{0}）]<rush>の間、[ヴァンガード]<vanguard>の[最大HP+{1}%]<maxhp>。
Relics,21745596575236107,Relics.Relic_3005.Name,Vanguard's Amplification Filigree,ヴァンガードの増幅フィリグリー
Relics,21745596575236111,Relics.Relic_3006.DataTrackingDescription,"[Crit]<crit> Gained: [{0}]<datatracking>
[Shards]<shard> [Generated:]<generate> [{1}]<datatracking>","[クリティカル]<crit>増加量：[{0}]<datatracking>
[シャード]<shard>[生成数：]<generate> [{1}]<datatracking>"
Relics,21745596575236110,Relics.Relic_3006.Description,Whenever an [Assassin]<assassin> kills an enemy they permanently gain [{0} Crit]<crit> then you gain [{1} Shard]<shard> per [{2} Crit]<crit> they have (Max: {3}).,[アサシン]<assassin>が敵を倒すたび、[クリティカルを{0}]<crit>恒久的に獲得する。その後、そのヒーローが持つ[クリティカル{2}]<crit>につき[シャードを{1}]<shard>獲得する（最大：{3}）。
Relics,21745596575236109,Relics.Relic_3006.Name,Assassin's Elevation Prism,アサシンの飛躍プリズム
Relics,21745596575236113,Relics.Relic_3007.Description,"For [Rush ({0}),]<rush> [Assassins]<assassin> gain [Stealth]<stealth> and [{1} Crit]<crit>.",[速攻（{0}）]<rush>の間、[アサシン]<assassin>が[ステルス]<stealth>を得て、[クリティカル+{1}]<crit>。
Relics,21745596575236112,Relics.Relic_3007.Name,Assassin's Supremacy Filigree,アサシンの至高フィリグリー
Relics,21745596575236115,Relics.Relic_3008.Description,"Whenever a [Duelist]<duelist> auto attacks, they randomly inflict [{0} Poison]<poison>, [{1} Frost]<frost>, or [{2} Burn]<burn> on their target.",[デュエリスト]<duelist>が通常攻撃するたび、対象へ[毒を{0}]<poison>、[凍気を{1}]<frost>、[炎上を{2}]<burn>のいずれかをランダムに付与する。
Relics,21745596575236114,Relics.Relic_3008.Name,Duelist's Rhythm Prism,デュエリストの律動プリズム
Relics,21745596575236117,Relics.Relic_3009.Description,"After [Stall ({0}),]<stall> whenever a [Duelist]<duelist> auto attacks they also hit the nearest enemy to their target, dealing {1}% damage and applying on-hit effects.",[忍耐（{0}）]<stall>後、[デュエリスト]<duelist>が通常攻撃するたび、対象に最も近い敵にも命中し、{1}%のダメージと命中時効果を与える。
Relics,21745596575236116,Relics.Relic_3009.Name,Duelist's Profusion Filigree,デュエリストの奔流フィリグリー
Relics,21745596575236119,Relics.Relic_3010.Description,"For [Rush ({0}),]<rush> [Duelists]<duelist> gain [{1} Attack Speed]<attackspeed>.",[速攻（{0}）]<rush>の間、[デュエリスト]<duelist>の[攻撃速度+{1}]<attackspeed>。
Relics,21745596575236118,Relics.Relic_3010.Name,Duelist's Fury Filigree,デュエリストの憤怒フィリグリー
Relics,21745596575236121,Relics.Relic_3011.Description,"Whenever a [Mystic]<mystic> [Shields]<shield> a Hero, damage their nearest enemy for {0}% of the [Shield]<shield> applied.",[ミスティック]<mystic>がヒーローに[シールド]<shield>を付与するたび、その[シールド]<shield>の{0}%に等しいダメージを、そのヒーローに最も近い敵へ与える。
Relics,21745596575236120,Relics.Relic_3011.Name,Mystic's Inundation Prism,ミスティックの氾濫プリズム
Relics,21745596575236123,Relics.Relic_3012.Description,"Whenever a [Mystic]<mystic> [casts]<bold> after [Stall ({0}),]<stall> they give the nearest Hero [Magic]<magic> and [Attack]<attack> equal to [{1}% of their Mana Regen]<manaregen>.",[忍耐（{0}）]<stall>後、[ミスティック]<mystic>が[アビリティを発動する]<bold>たび、最も近いヒーローに自身の[マナ回復の{1}%]<manaregen>に等しい[魔力]<magic>と[攻撃力]<attack>を付与する。
Relics,21745596575236122,Relics.Relic_3012.Name,Mystic's Prosperity Filigree,ミスティックの繁栄フィリグリー
Relics,21745596575236125,Relics.Relic_3013.Description,"Whenever a [Mage]<mage> [auto attacks]<bold>, they deal [bonus damage]<damage> to their target equal to [{0}% of their Magic]<magic>.",[メイジ]<mage>が[通常攻撃する]<bold>たび、対象に自身の[魔力の{0}%]<magic>に等しい[追加ダメージ]<damage>を与える。
Relics,21745596575236124,Relics.Relic_3013.Name,Mage's Transmutation Prism,メイジの変成プリズム
Relics,21745596575236127,Relics.Relic_3014.Description,"Whenever a [Mage]<mage> [casts]<bold>, they deal damage to the lowest-health enemy equal to [{0}% of their Magic]<magic>.",[メイジ]<mage>が[アビリティを発動する]<bold>たび、HPが最も低い敵に自身の[魔力の{0}%]<magic>に等しいダメージを与える。
Relics,21745596575236126,Relics.Relic_3014.Name,Mage's Administration Filigree,メイジの統制フィリグリー
Relics,21745596575236129,Relics.Relic_3015.Description,"At [start of combat,]<bold> if no Heroes in combat share a [Class]<class> all Heroes gain [+{0}% to all their basic stats]<basicstat>.",[戦闘開始時、]<bold>戦闘中のヒーローの[クラス]<class>が誰とも重複していない場合、全員の[基本ステータス+{0}%]<basicstat>。
Relics,21745596575236128,Relics.Relic_3015.Name,Perfect Divergence Prism,完全分岐プリズム
Relics,21745596575236131,Relics.Relic_3016.Description,"At [start of combat,]<bold> if all Heroes in combat share a [Class]<class> all Heroes gain [+{0}% to all their basic stats]<basicstat>.",[戦闘開始時、]<bold>戦闘中の全ヒーローが同じ[クラス]<class>の場合、全員の[基本ステータス+{0}%]<basicstat>。
Relics,21745596575236130,Relics.Relic_3016.Name,Perfect Unity Prism,完全結束プリズム
Relics,21745596575236133,Relics.Relic_3017.Description,"On [Stall]<stall> or [Rush]<rush> [trigger,]<bold> give Heroes a [lasting]<lasting> [{0}% Max HP Shield]<shield> and [{1} Mana Regen]<manaregen>.",[忍耐]<stall>または[速攻]<rush>の[発動時、]<bold>ヒーローが自身の最大HPの{0}%に等しい[永続]<lasting>[シールド]<shield>と[マナ回復+{1}]<manaregen>を獲得する。
Relics,21745596575236132,Relics.Relic_3017.Name,Trigger Safeguard Activator,トリガー防護起動装置
Relics,54890856115593216,Relics.Relic_3018.DataTrackingDescription,[Shards]<shard> [Generated:]<generate> [{0}]<datatracking>,[シャード]<shard>の[生成数：]<generate> [{0}]<datatracking>
Relics,21745596575236135,Relics.Relic_3018.Description,"[Every other]<bold> [Stall]<stall> [trigger,]<bold> gain [{0} Shard]<shard>.

[Every other]<bold> [Rush]<rush> [trigger,]<bold> gain [{1} Shard]<shard>.","[1回おきの]<bold>[忍耐]<stall>[発動時、]<bold>[シャードを{0}]<shard>獲得する。

[1回おきの]<bold>[速攻]<rush>[発動時、]<bold>[シャードを{1}]<shard>獲得する。"
Relics,21745596575236134,Relics.Relic_3018.Name,Trigger Bounty Activator,トリガー報奨起動装置
Relics,21745596575236137,Relics.Relic_3019.Description,"[Every {0}]<bold> [Stall]<stall> [triggers,]<bold> [Stun]<stun> all enemies for {1} seconds.

[Every {2}]<bold> [Rush]<rush> [triggers,]<bold> [Stun]<stun> all enemies for {3} seconds.","[忍耐]<stall>が[{0}回]<bold>[発動するたび、]<bold>敵全体を{1}秒間[スタン]<stun>させる。

[速攻]<rush>が[{2}回]<bold>[発動するたび、]<bold>敵全体を{3}秒間[スタン]<stun>させる。"
Relics,21745596575236136,Relics.Relic_3019.Name,Trigger Synchrony Activator,トリガー同調起動装置
Relics,21745596575236138,Relics.Relic_3020.Name,Deceleration Ascendancy,減速の昇華
Relics,65024501187477565,Relics.Relic_3020.QuestDescription,Trigger [Stall]<stall> {0} times.,[忍耐]<stall>を{0}回発動する。
Relics,65024501187477566,Relics.Relic_3020.QuestRewardDescription,[Stall]<stall> abilities trigger {0} seconds faster.,[忍耐]<stall>アビリティの発動が{0}秒早まる。
Relics,21745596575236140,Relics.Relic_3021.Description,"After [Stall ({0}, {1}, and {2}),]<stall> give Heroes +{3}% to all their [basic stats]<basicstat>.","[忍耐（{0}, {1}, {2}）]<stall>後、ヒーローの[基本ステータス+{3}%]<basicstat>。"
Relics,21745596575236139,Relics.Relic_3021.Name,Deceleration Apotheosis,減速の神格化
Relics,21745596575236142,Relics.Relic_3022.Description,"After [Stall ({0}, {1}, and {2}),]<stall> double the amount of [Poison]<poison> on all enemies.","[忍耐（{0}, {1}, {2}）]<stall>後、敵全体に付与されている[毒]<poison>を2倍にする。"
Relics,21745596575236141,Relics.Relic_3022.Name,Deceleration Corruptor,減速の侵食装置
Relics,21745596575236144,Relics.Relic_3023.Description,"After [Stall ({0}, {1}, and {2}),]<stall> Heroes gain [{3}]<shield> [lasting]<lasting> [Shields]<shield>.","[忍耐（{0}, {1}, {2}）]<stall>後、ヒーローが[{3}]<shield>の[永続]<lasting>[シールド]<shield>を獲得する。"
Relics,21745596575236143,Relics.Relic_3023.Name,Deceleration Aegis,減速のイージス
Relics,21745596575236147,Relics.Relic_3024.DataTrackingDescription,[Shards]<shard> [Generated:]<generate> [{0}]<datatracking>,[シャード]<shard>の[生成数：]<generate> [{0}]<datatracking>
Relics,21745596575236146,Relics.Relic_3024.Description,"After [Stall ({0} and {1}),]<stall> gain [{2} Shards]<shard>.","[忍耐（{0}, {1}）]<stall>後、[シャードを{2}]<shard>獲得する。"
Relics,21745596575236145,Relics.Relic_3024.Name,Deceleration Filigree,減速フィリグリー
Relics,21745596575236148,Relics.Relic_3025.Name,Acceleration Ascendancy,加速の昇華
Relics,65024501187477567,Relics.Relic_3025.QuestDescription,Trigger [Rush]<rush> {0} times.,[速攻]<rush>を{0}回発動する。
Relics,65024501187477568,Relics.Relic_3025.QuestRewardDescription,[Rush]<rush> abilities last {0} seconds longer.,[速攻]<rush>アビリティの持続時間が{0}秒延びる。
Relics,21745596575236150,Relics.Relic_3026.Description,"For [Rush ({0}),]<rush> Heroes are immune to damage.",[速攻（{0}）]<rush>の間、ヒーローはダメージを受けない。
Relics,21745596575236149,Relics.Relic_3026.Name,Acceleration Immunizer,加速免疫装置
Relics,21745596575236152,Relics.Relic_3027.Description,"On [Rush]<rush> [trigger,]<bold> give Heroes [{0} Crit]<crit>.",[速攻]<rush>[発動時、]<bold>ヒーローの[クリティカル+{0}]<crit>。
Relics,21745596575236151,Relics.Relic_3027.Name,Acceleration Prism,加速プリズム
Relics,21745596575236154,Relics.Relic_3028.Description,"On [Rush]<rush> [trigger,]<bold> inflict [{0} Burn]<burn> on all enemies.",[速攻]<rush>[発動時、]<bold>敵全体に[炎上を{0}]<burn>付与する。
Relics,21745596575236153,Relics.Relic_3028.Name,Immolation Accelerator,焼却加速器
Relics,47253256617844744,Relics.Relic_3029.DataTrackingDescription,[Shards]<shard> [Generated:]<generate> [{0}]<datatracking>,[シャード]<shard>の[生成数：]<generate> [{0}]<datatracking>
Relics,21745596575236156,Relics.Relic_3029.Description,"On [kill]<bold> for [Rush ({0}),]<rush> gain [{1} Shards]<shard>.",[速攻（{0}）]<rush>の間、[敵を倒すと]<bold>[シャードを{1}]<shard>獲得する。
Relics,21745596575236155,Relics.Relic_3029.Name,Acceleration Filigree,加速フィリグリー
Relics,21745596575236158,Relics.Relic_3030.Description,"For [Rush ({0}),]<rush> if an enemy would gain a [Debuff]<debuff> they gain {1} more.",[速攻（{0}）]<rush>の間、敵に[デバフ]<debuff>が付与されるとき、付与量が{1}増える。
Relics,21745596575236157,Relics.Relic_3030.Name,Plague Accelerator,疫病加速器
Relics,21745596575236160,Relics.Relic_3031.Description,"On [Crit,]<crit> the Hero that [Crit]<crit> steals [{0} Max HP]<maxhp> from their target.",[クリティカル時、]<crit>[クリティカル]<crit>を発生させたヒーローが対象から[最大HPを{0}]<maxhp>奪う。
Relics,21745596575236159,Relics.Relic_3031.Name,Critical Absorption Prism,会心吸収プリズム
Relics,21745596575236161,Relics.Relic_3032.Name,Critical Ascendancy,会心の昇華
Relics,65024501187477569,Relics.Relic_3032.QuestDescription,[Crit]<crit> {0} times.,[クリティカル]<crit>を{0}回発生させる。
Relics,65024501187477570,Relics.Relic_3032.QuestRewardDescription,Each Hero's first auto attack against each enemy gains [{0} Crit]<crit> and [Stuns]<stun> them for {1} seconds.,各ヒーローがそれぞれの敵へ行う最初の通常攻撃に[クリティカル+{0}]<crit>。さらに対象を{1}秒間[スタン]<stun>させる。
Relics,21745596575236163,Relics.Relic_3033.Description,"Whenever an enemy takes [Poison]<poison> damage, Heroes gain [{0} Crit]<crit>.",敵が[毒]<poison>ダメージを受けるたび、ヒーローの[クリティカル+{0}]<crit>。
Relics,21745596575236162,Relics.Relic_3033.Name,Venom Precision Prism,猛毒精密プリズム
Relics,21745596575236165,Relics.Relic_3034.Description,"Whenever a Hero gains [Shields]<shield> from any source but itself, damage the nearest enemy to them for {0}% of the [Shield]<shield> applied.",ヒーローが自身以外から[シールド]<shield>を得るたび、そのヒーローに最も近い敵へ、付与された[シールド]<shield>の{0}%に等しいダメージを与える。
Relics,21745596575236164,Relics.Relic_3034.Name,Shield Converter,シールド変換器
Relics,21745596575236166,Relics.Relic_3035.Name,Shield Ascendancy,シールドの昇華
Relics,65024501195866112,Relics.Relic_3035.QuestDescription,Apply [{0} Shields]<shield>.,[シールドを合計{0}]<shield>付与する。
Relics,65024501195866113,Relics.Relic_3035.QuestRewardDescription,Heroes gain [+{0}% Defense]<defense> and [+{1}% Crit]<crit> while [Shielded]<shield>.,[シールド]<shield>を持つ間、ヒーローの[防御力+{0}%]<defense>、[クリティカル+{1}%]<crit>。
Relics,21745596575236169,Relics.Relic_3036.DataTrackingDescription,[Shield]<shield> [Amount:]<bold> [{0}]<datatracking>,[シールド]<shield>[量：]<bold> [{0}]<datatracking>
Relics,21745596575236168,Relics.Relic_3036.Description,"At [start of combat]<bold> and after [Stall ({0}),]<stall> spend [{1} Shard]<shard> to apply [lasting]<lasting> [Shields]<shield> to all Heroes, then permanently increase the amount of [Shields]<shield> this applies by {2}.",[戦闘開始時]<bold>および[忍耐（{0}）]<stall>後、[シャードを{1}]<shard>消費して味方全員に[永続]<lasting>[シールド]<shield>を付与し、この効果で付与する[シールド]<shield>を恒久的に{2}増加させる。
Relics,21745596575236167,Relics.Relic_3036.Name,Shield Investment Filigree,シールド投資フィリグリー
Relics,21745596575236171,Relics.Relic_3037.Description,"Gain interest on saved [Shards]<shard>. At the end of each combat, gain [{0} additional Shard per {1} Shards]<shard> in your bank (Max: {2}. Does not count towards [generation]<generate>).",貯めた[シャード]<shard>に利息がつく。各戦闘終了時、所持する[シャード{1}につき追加で{0}シャード]<shard>を獲得する（最大：{2}。[生成]<generate>には数えない）。
Relics,21745596575236170,Relics.Relic_3037.Name,Shard Maximizer,シャード最大化装置
Relics,21745596575236172,Relics.Relic_3038.Name,Shard Ascendancy,シャードの昇華
Relics,65024501195866114,Relics.Relic_3038.QuestDescription,[Generate]<generate> [{0} Shards]<shards>.,[シャードを{0}]<shards>[生成する]<generate>。
Relics,65024501195866115,Relics.Relic_3038.QuestRewardDescription,"On [Shards]<shard> [generated,]<generate> [generate]<generate> {0} more [Shard]<shard>.",[シャード]<shard>[生成時、]<generate>追加で[シャード]<shard>を{0}[生成する]<generate>。
Relics,21745596575236174,Relics.Relic_3039.Description,Heroes gain [Crit]<crit> equal to the number of [Shards]<shard> in bank (Max: {0}).,ヒーローは所持[シャード]<shard>数に等しい[クリティカル]<crit>を得る（最大：{0}）。
Relics,21745596575236173,Relics.Relic_3039.Name,Shard Precision Prism,シャード精密プリズム
Relics,21745596575236176,Relics.Relic_3040.Description,"Whenever an enemy dies, transfer their [Poison]<poison> to the nearest enemy.",敵が死亡するたび、その敵の[毒]<poison>を最も近い敵へ移す。
Relics,21745596575236175,Relics.Relic_3040.Name,Poison Migrator,毒移送装置
Relics,21745596575236177,Relics.Relic_3041.Name,Poison Ascendancy,毒の昇華
Relics,65024501195866116,Relics.Relic_3041.QuestDescription,Inflict [{0} Poison]<poison>.,[毒を合計{0}]<poison>付与する。
Relics,65024501195866117,Relics.Relic_3041.QuestRewardDescription,"The first time each enemy reaches [{0} Poison]<poison>, they lose [{1}% Max HP]<maxhp>, [{2}% Attack]<attack>, and [{3}% Attack Speed]<attackspeed>.",各敵の[毒が初めて{0}]<poison>に達したとき、その敵の[最大HP-{1}%]<maxhp>、[攻撃力-{2}%]<attack>、[攻撃速度-{3}%]<attackspeed>。
Relics,21745596575236179,Relics.Relic_3042.Description,"Whenever an enemy takes [Poison]<poison> or [Burn]<burn> damage, [heal]<heal> all adjacent Heroes to them for {0}% of that damage.",敵が[毒]<poison>または[炎上]<burn>ダメージを受けるたび、その敵に隣接するすべてのヒーローを、そのダメージの{0}%分[回復]<heal>する。
Relics,21745596575236178,Relics.Relic_3042.Name,Blight Resonance Prism,病害共鳴プリズム
Relics,21745596575236181,Relics.Relic_3043.Description,"Whenever an enemy dies, transfer their [Frost]<frost> to the nearest enemy.",敵が死亡するたび、その敵の[凍気]<frost>を最も近い敵へ移す。
Relics,21745596575236180,Relics.Relic_3043.Name,Frost Migrator,凍気移送装置
Relics,21745596575236182,Relics.Relic_3044.Name,Frost Ascendancy,凍気の昇華
Relics,65024501195866118,Relics.Relic_3044.QuestDescription,Inflict [{0} Frost]<frost>.,[凍気を合計{0}]<frost>付与する。
Relics,65024501195866119,Relics.Relic_3044.QuestRewardDescription,"The first time each enemy reaches [{0} Frost]<frost>, [Stun]<stun> them for {1} seconds.",各敵の[凍気が初めて{0}]<frost>に達したとき、その敵を{1}秒間[スタン]<stun>させる。
Relics,21745596575236184,Relics.Relic_3045.Description,"Whenever a Hero inflicts [Frost]<frost>, they gain [{0} Shields]<shield> per [Frost]<frost> inflicted.",ヒーローが[凍気]<frost>を付与するたび、付与した[凍気]<frost>1につき[シールドを{0}]<shield>獲得する。
Relics,21745596575236183,Relics.Relic_3045.Name,Glacial Guard Prism,氷河守護プリズム
Relics,21745596575236186,Relics.Relic_3046.Description,"Whenever an enemy dies, transfer their [Burn]<burn> to the nearest enemy.",敵が死亡するたび、その敵の[炎上]<burn>を最も近い敵へ移す。
Relics,21745596575236185,Relics.Relic_3046.Name,Burn Migrator,炎上移送装置
Relics,21745596575236187,Relics.Relic_3047.Name,Burn Ascendancy,炎上の昇華
Relics,65024501195866120,Relics.Relic_3047.QuestDescription,Inflict [{0} Burn]<burn>.,[炎上を合計{0}]<burn>付与する。
Relics,65024501195866121,Relics.Relic_3047.QuestRewardDescription,"The first time each enemy reaches [{0} Burn]<burn>, inflict [{1} Burn]<burn> on their nearest ally.",各敵の[炎上が初めて{0}]<burn>に達したとき、その敵に最も近い他の敵に[炎上を{1}]<burn>付与する。
Relics,21745596575236188,Relics.Relic_3048.Description,"Whenever a Hero inflicts [Burn]<burn>, also inflict {0}% of the [Burn]<burn> applied as [Frost]<frost>.

Whenever a Hero inflicts [Frost]<frost>, also inflict {1}% of the [Frost]<frost> applied as [Burn]<burn>.","ヒーローが[炎上]<burn>を付与するたび、付与した[炎上]<burn>の{0}%を[凍気]<frost>としても付与する。

ヒーローが[凍気]<frost>を付与するたび、付与した[凍気]<frost>の{1}%を[炎上]<burn>としても付与する。"
Relics,47253256617844745,Relics.Relic_3048.Name,Thermal Inverter,熱反転装置
Relics,47253256617844746,Relics.Relic_3049.Description,"[Every {0} seconds,]<bold> Heroes gain [{1} Attack Speed]<attackspeed> and [{2} Attack]<attack> per type of [Debuff]<debuff> on all enemies.",[{0}秒ごとに、]<bold>敵全体に付与されている[デバフ]<debuff>の種類1つにつき、ヒーローの[攻撃速度+{1}]<attackspeed>、[攻撃力+{2}]<attack>。
Relics,21745596575236189,Relics.Relic_3049.Name,Plague Velocitizer,疫病加速装置
Relics,21745596575236190,Relics.Relic_3050.Name,Plague Ascendancy,疫病の昇華
Relics,65024501195866122,Relics.Relic_3050.QuestDescription,"Inflict [{0} Poison]<poison>, [{1} Frost]<frost>, and [{2} Burn]<burn> on a single enemy.",1体の敵に[毒を{0}]<poison>、[凍気を{1}]<frost>、[炎上を{2}]<burn>付与する。
Relics,65024501195866123,Relics.Relic_3050.QuestRewardDescription,"At [start of Combat,]<bold> inflict [{0} Poison]<poison>, [{1} Frost]<frost>, and [{2} Burn]<burn> on all enemies.",[戦闘開始時、]<bold>敵全体に[毒を{0}]<poison>、[凍気を{1}]<frost>、[炎上を{2}]<burn>付与する。
Relics,21745596575236192,Relics.Relic_3051.Description,Heroes gain [{0} Magic]<magic> per [rank]<rank> of each [Mage]<mage> in the [reserves]<reserve> and [{1} Mana Regen]<manaregen> per [rank]<rank> of each [Mystic]<mystic> in the [reserves]<reserve>.,ヒーローは、[控え]<reserve>にいる各[メイジ]<mage>の[ランク]<rank>につき[魔力+{0}]<magic>、[控え]<reserve>にいる各[ミスティック]<mystic>の[ランク]<rank>につき[マナ回復+{1}]<manaregen>。
Relics,21745596575236191,Relics.Relic_3051.Name,Arcane Backup Prism,秘術控えプリズム
Relics,21745596575236194,Relics.Relic_3052.Description,"Heroes gain [{0} Crit]<crit> per [rank]<rank> of each [Assassin]<assassin> in the [reserves]<reserve>, [{1} Attack Speed]<attackspeed> per [rank]<rank> of each [Duelist]<duelist> in the [reserves]<reserve>, and [{2} Attack]<attack> per [rank]<rank> of each [Warrior]<warrior> in the [reserves]<reserve>.",ヒーローは、[控え]<reserve>にいる各[アサシン]<assassin>の[ランク]<rank>につき[クリティカル+{0}]<crit>、[控え]<reserve>にいる各[デュエリスト]<duelist>の[ランク]<rank>につき[攻撃速度+{1}]<attackspeed>、[控え]<reserve>にいる各[ウォリアー]<warrior>の[ランク]<rank>につき[攻撃力+{2}]<attack>。
Relics,21745596575236193,Relics.Relic_3052.Name,Martial Backup Prism,武術控えプリズム
Relics,21745596575236196,Relics.Relic_3053.Description,Heroes gain [{0} Defense]<defense> per [rank]<rank> of each [Tank]<tank> in the [reserves]<reserve> and [{1} Max HP]<maxhp> per [rank]<rank> of each [Vanguard]<vanguard> in the [reserves]<reserve>.,ヒーローは、[控え]<reserve>にいる各[タンク]<tank>の[ランク]<rank>につき[防御力+{0}]<defense>、[控え]<reserve>にいる各[ヴァンガード]<vanguard>の[ランク]<rank>につき[最大HP+{1}]<maxhp>。
Relics,21745596575236195,Relics.Relic_3053.Name,Defensive Backup Prism,防御控えプリズム
Relics,21745596575236198,Relics.Relic_3054.DataTrackingDescription,[Rerolls]<reroll> [this Game:]<bold> [globalRerolls]<globaldatatracking>,このラン中の[リロール]<reroll>[回数：]<bold> [globalRerolls]<globaldatatracking>
Relics,21745596575236197,Relics.Relic_3054.Description,Heroes gain [{0} Attack Speed]<attackspeed> for each time you've [rerolled]<reroll> the shop this game.,このラン中にショップを[リロール]<reroll>した回数1回につき、ヒーローの[攻撃速度+{0}]<attackspeed>。
Relics,47253256617844747,Relics.Relic_3054.Name,Momentous Differentiator,加速差分器
Relics,21745596575236201,Relics.Relic_3055.DataTrackingDescription,[Rerolls]<reroll> [this Game:]<bold> [globalRerolls]<globaldatatracking>,このラン中の[リロール]<reroll>[回数：]<bold> [globalRerolls]<globaldatatracking>
Relics,21745596575236200,Relics.Relic_3055.Description,Heroes gain [{0} Defense]<defense> for each time you've [rerolled]<reroll> the shop this game.,このラン中にショップを[リロール]<reroll>した回数1回につき、ヒーローの[防御力+{0}]<defense>。
Relics,21745596575236199,Relics.Relic_3055.Name,Stalwart Differentiator,堅牢差分器
Relics,21745596575236202,Relics.Relic_3056.Name,Alignment Ascendancy,調律の昇華
Relics,65024501195866124,Relics.Relic_3056.QuestDescription,Trigger [Rush]<rush> or [Stall]<stall> {0} times.,[速攻]<rush>または[忍耐]<stall>を合計{0}回発動する。
Relics,65024501195866125,Relics.Relic_3056.QuestRewardDescription,"On [Rush]<rush> or [Stall]<stall> [trigger,]<bold> Heroes gain [{0} Attack Speed]<attackspeed> and [{1} Defense]<defense>.",[速攻]<rush>または[忍耐]<stall>の[発動時、]<bold>ヒーローの[攻撃速度+{0}]<attackspeed>、[防御力+{1}]<defense>。
Relics,21745596575236203,Relics.Relic_3057.Name,Reputation Ascendancy,名声の昇華
Relics,65024501195866126,Relics.Relic_3057.QuestDescription,"Win a combat with a C-Rank, B-Rank, and A-Rank hero on your team.",Cランク、Bランク、Aランクのヒーローをそれぞれ編成して戦闘に勝利する。
Relics,65024501195866127,Relics.Relic_3057.QuestRewardDescription,Get a random S-Rank Hero and a random epic item.,ランダムなSランクヒーローと、ランダムなエピックアイテムを獲得する。
Relics,21745596575236204,Relics.Relic_3058.Name,Golden Ascendancy,黄金の昇華
Relics,65024501195866128,Relics.Relic_3058.QuestDescription,Win a combat with [{0} or more Shards]<shard> in your bank.,[シャードを{0}以上]<shard>所持して戦闘に勝利する。
Relics,65024501195866129,Relics.Relic_3058.QuestRewardDescription,Get {0} random Crest items. Crest items make a Hero count as having an additional class.,ランダムな紋章アイテムを{0}個獲得する。紋章アイテムを装備したヒーローは、追加クラスを持つものとして扱われる。
Relics,21745596575236205,Relics.Relic_3059.Name,Reserve Ascendancy,控えの昇華
Relics,65024501195866130,Relics.Relic_3059.QuestDescription,Win a combat with {0} Heroes in your [reserves]<reserve>.,[控え]<reserve>にヒーローを{0}人置いて戦闘に勝利する。
Relics,65024501195866131,Relics.Relic_3059.QuestRewardDescription,"At [start of combat,]<bold> Heroes in the [Reserves]<reserve> permanently gain a small amount of every stat.",[戦闘開始時、]<bold>[控え]<reserve>のヒーローが全ステータスを少量、恒久的に獲得する。
Relics,21745596575236208,Relics.Relic_3060.DataTrackingDescription,[Shards]<shard> [Generated:]<generate> [globalShardsGenerated]<globaldatatracking>,[シャード]<shard>[生成数：]<generate> [globalShardsGenerated]<globaldatatracking>
Relics,21745596575236207,Relics.Relic_3060.Description,Heroes gain [{0} Attack Speed]<attackspeed> per [{1} Shards]<shard> you've [generated]<generate> this game.,このラン中に[生成した]<generate>[シャード{1}]<shard>につき、ヒーローの[攻撃速度+{0}]<attackspeed>。
Relics,21745596575236206,Relics.Relic_3060.Name,Shard Energy Velocitizer,シャードエネルギー加速装置
Relics,21745596575236210,Relics.Relic_4000.Description,"Heroes gain [{0} Attack]<attack>.

Whenever a [Warrior]<warrior> deals damage, they gain [lasting]<lasting> [Shields]<shield> equal to {1}% of the damage dealt.","ヒーローの[攻撃力+{0}]<attack>。

[ウォリアー]<warrior>がダメージを与えるたび、与えたダメージの{1}%に等しい[永続]<lasting>[シールド]<shield>を獲得する。"
Relics,21745596575236209,Relics.Relic_4000.Name,Warrior's Bloodshield Engine,ウォリアーの血盾エンジン
Relics,21745596575236212,Relics.Relic_4001.Description,"Heroes gain [{0} Defense]<defense>.

Every {1} times a [Tank]<tank> is [auto attacked]<bold>, [Stun]<stun> that attacking enemy for {2} seconds.","ヒーローの[防御力+{0}]<defense>。

[タンク]<tank>が[通常攻撃を{1}回受けるたび、]<bold>攻撃した敵を{2}秒間[スタン]<stun>させる。"
Relics,21745596575236211,Relics.Relic_4001.Name,Tank's Absolution Engine,タンクの赦免エンジン
Relics,21745596575236214,Relics.Relic_4002.Description,"Heroes gain [{0} Max HP]<maxhp>.

Whenever a [Vanguard]<vanguard> [auto attacks]<bold> or is [auto attacked]<bold>, they gain [{1} Max HP]<maxhp>. Every [{2} Max HP]<maxhp> gained this way, give them [{3} Attack]<attack> and increase their size.","ヒーローの[最大HP+{0}]<maxhp>。

[ヴァンガード]<vanguard>が[通常攻撃する]<bold>か[通常攻撃を受ける]<bold>たび、[最大HP+{1}]<maxhp>。[この効果で最大HPを{2}]<maxhp>獲得するたび、[攻撃力+{3}]<attack>、さらに体が大きくなる。"
Relics,21745596575236213,Relics.Relic_4002.Name,Vanguard's Titanic Engine,ヴァンガードの巨神エンジン
Relics,21745596575236217,Relics.Relic_4003.Description,"Heroes gain [{0} Crit]<crit>.

Whenever an [Assassin]<assassin> auto attacks while [Stealthed]<stealth>, they inflict [Poison]<poison> on their target equal to [{1}% of their Crit]<crit>.

At [start of combat,]<bold> [Assassins]<assassin> in the back {2} rows gain [Stealth]<stealth> for {3} seconds and target the most [threatening]<threat> enemy.","ヒーローの[クリティカル+{0}]<crit>。

[アサシン]<assassin>が[ステルス]<stealth>中に通常攻撃するたび、対象へ自身の[クリティカルの{1}%]<crit>に等しい[毒]<poison>を付与する。

[戦闘開始時、]<bold>後方{2}列の[アサシン]<assassin>が{3}秒間[ステルス]<stealth>を得て、最も[脅威度]<threat>の高い敵を狙う。"
Relics,21745596575236216,Relics.Relic_4003.Name,Assassin's Ambush Engine,アサシンの奇襲エンジン
Relics,21745596575236219,Relics.Relic_4004.Description,"Heroes gain [{0} Attack Speed]<attackspeed>.

Whenever a [Duelist]<duelist> [auto attacks]<bold>, they deal {1} [bonus damage]<damage> for each time they have auto attacked this combat.","ヒーローの[攻撃速度+{0}]<attackspeed>。

[デュエリスト]<duelist>が[通常攻撃する]<bold>たび、この戦闘中に自身が行った通常攻撃1回につき[追加ダメージを{1}]<damage>与える。"
Relics,21745596575236218,Relics.Relic_4004.Name,Duelist's Momentum Engine,デュエリストの勢いエンジン
Relics,21745596575236221,Relics.Relic_4005.Description,"Heroes gain [{0} Mana Regen]<manaregen>.

Whenever a [Mystic]<mystic> [Shields]<shield> a Hero, give that Hero [lasting]<lasting> [Shields]<shield> equal to {1}% of the [Shield]<shield> applied.","ヒーローの[マナ回復+{0}]<manaregen>。

[ミスティック]<mystic>がヒーローへ[シールド]<shield>を付与するたび、そのヒーローへ[シールド]<shield>付与量の{1}%に等しい[永続]<lasting>[シールド]<shield>を追加で付与する。"
Relics,21745596575236220,Relics.Relic_4005.Name,Mystic's Abundance Engine,ミスティックの豊穣エンジン
Relics,21745596575236223,Relics.Relic_4006.Description,"Heroes gain [{0} Magic]<magic>.

Whenever a [Mage]<mage> [casts]<bold>, they inflict [Burn]<burn> and [Frost]<frost> on all enemies in their [range]<attackrange> equal to [{1}% of their Magic]<magic>.","ヒーローの[魔力+{0}]<magic>。

[メイジ]<mage>が[アビリティを発動する]<bold>たび、自身の[射程]<attackrange>内の敵全体へ、自身の[魔力の{1}%]<magic>に等しい[炎上]<burn>と[凍気]<frost>を付与する。"
Relics,21745596575236222,Relics.Relic_4006.Name,Mage's Cataclysm Engine,メイジの天変エンジン
Relics,21745596575236224,Relics.Relic_4007.Name,Slaughter Mandate,殺戮の勅令
Relics,65024501195866132,Relics.Relic_4007.QuestDescription,Deal {0} damage with auto attacks.,通常攻撃で{0}ダメージを与える。
Relics,65024501195866133,Relics.Relic_4007.QuestRewardDescription,Increase your team size by {0} (Max: {1}).,チーム人数を{0}増加させる（最大：{1}）。
Relics,21745596575236225,Relics.Relic_4008.Name,Arcane Mandate,秘術の勅令
Relics,65024501195866134,Relics.Relic_4008.QuestDescription,Deal {0} damage with active abilities.,アクティブアビリティで{0}ダメージを与える。
Relics,65024501195866135,Relics.Relic_4008.QuestRewardDescription,Increase your team size by {0} (Max: {1}).,チーム人数を{0}増加させる（最大：{1}）。
Relics,21745596575236226,Relics.Relic_4009.Name,Shelter Mandate,庇護の勅令
Relics,65024501195866136,Relics.Relic_4009.QuestDescription,Apply [{0} Shields]<shield>.,[シールドを合計{0}]<shield>付与する。
Relics,65024501195866137,Relics.Relic_4009.QuestRewardDescription,Increase your team size by {0} (Max: {1}).,チーム人数を{0}増加させる（最大：{1}）。
Relics,21745596575236227,Relics.Relic_4010.Name,Merchant Mandate,商人の勅令
Relics,65024501195866138,Relics.Relic_4010.QuestDescription,"[Reroll]<reroll> the shop {0} times, then complete a combat.",ショップを{0}回[リロール]<reroll>し、その後に戦闘を完了する。
Relics,65024501195866139,Relics.Relic_4010.QuestRewardDescription,Increase your team size by {0} (Max: {1}).,チーム人数を{0}増加させる（最大：{1}）。
Relics,21745596575236228,Relics.Relic_4011.Name,Dominion Mandate,支配の勅令
Relics,65024501195866140,Relics.Relic_4011.QuestDescription,Inflict [{0} Debuffs]<debuff>.,[デバフを合計{0}]<debuff>付与する。
Relics,65024501195866141,Relics.Relic_4011.QuestRewardDescription,Increase your team size by {0} (Max: {1}).,チーム人数を{0}増加させる（最大：{1}）。
Relics,21745596575236229,Relics.Relic_4012.Name,Unity Mandate,結束の勅令
Relics,65024501195866142,Relics.Relic_4012.QuestDescription,Win a combat with {0} or more heroes of the same [class]<class> in combat or in the reserves.,戦闘中または控えに、同じ[クラス]<class>のヒーローを{0}人以上そろえて戦闘に勝利する。
Relics,65024501195866143,Relics.Relic_4012.QuestRewardDescription,Increase your team size by {0} (Max: {1}).,チーム人数を{0}増加させる（最大：{1}）。
Relics,21745596575236230,Relics.Relic_4013.Name,Omnity Mandate,全能の勅令
Relics,65024501195866144,Relics.Relic_4013.QuestDescription,Win a combat with a Hero of all {0} [classes]<class> in combat or in the reserves.,戦闘中または控えに、全{0}[クラス]<class>のヒーローをそろえて戦闘に勝利する。
Relics,65024501195866145,Relics.Relic_4013.QuestRewardDescription,Increase your team size by {0} (Max: {1}).,チーム人数を{0}増加させる（最大：{1}）。
Relics,21745596575236231,Relics.Relic_4014.Name,Greed Mandate,強欲の勅令
Relics,65024501195866146,Relics.Relic_4014.QuestDescription,Win a combat with [{0} or more Shards]<shard> in your bank.,[シャードを{0}以上]<shard>所持して戦闘に勝利する。
Relics,65024501195866147,Relics.Relic_4014.QuestRewardDescription,Increase your team size by {0} (Max: {1}).,チーム人数を{0}増加させる（最大：{1}）。
Relics,21745596575236232,Relics.Relic_4015.Name,Deceleration Mandate,減速の勅令
Relics,65024501195866148,Relics.Relic_4015.QuestDescription,Trigger [Stall]<stall> {0} times.,[忍耐]<stall>を{0}回発動する。
Relics,65024501195866149,Relics.Relic_4015.QuestRewardDescription,Increase your team size by {0} (Max: {1}).,チーム人数を{0}増加させる（最大：{1}）。
Relics,21745596575236233,Relics.Relic_4016.Name,Acceleration Mandate,加速の勅令
Relics,65024501195866150,Relics.Relic_4016.QuestDescription,Trigger [Rush]<rush> {0} times.,[速攻]<rush>を{0}回発動する。
Relics,65024501195866151,Relics.Relic_4016.QuestRewardDescription,Increase your team size by {0} (Max: {1}).,チーム人数を{0}増加させる（最大：{1}）。
Relics,47253256617844748,Relics.Relic_4017.Description,"At [start of combat,]<bold> each Hero with less than [{0} Crit]<crit> has their [Crit]<crit> set to {1}. Each Hero with [{2} or more Crit]<crit> has their [Attack Speed]<attackspeed>, [Attack]<attack>, and [Magic]<magic> set to {3} if they had less than {4} of those stats.",[戦闘開始時、]<bold>[クリティカルが{0}未満]<crit>の各ヒーローは[クリティカル]<crit>が{1}になる。[クリティカルが{2}以上]<crit>の各ヒーローは、[攻撃速度]<attackspeed>、[攻撃力]<attack>、[魔力]<magic>が{4}未満なら{3}になる。
Relics,21745596575236234,Relics.Relic_4017.Name,Critical Singularity,会心特異点
Relics,21745596575236236,Relics.Relic_4018.Description,"Whenever an enemy damages a Hero's [Shields]<shield>, deal {0}% of the damage back to the source.",敵がヒーローの[シールド]<shield>にダメージを与えるたび、そのダメージの{0}%を攻撃元へ返す。
Relics,21745596575236235,Relics.Relic_4018.Name,Shield Fragmentation Engine,シールド分裂エンジン
Relics,21745596575236238,Relics.Relic_4019.Description,"Whenever an enemy takes {0} or more damage from [Poison]<poison>, they also take damage equal to [{1}% of their Max HP]<maxhp>.",敵が[毒]<poison>で{0}以上のダメージを受けるたび、さらに[最大HPの{1}%]<maxhp>に等しいダメージを受ける。
Relics,21745596575236237,Relics.Relic_4019.Name,Venom Amplification Engine,猛毒増幅エンジン
Relics,21745596575236239,Relics.Relic_4020.Description,[Frost]<frost> now deals damage to enemies when it ticks down (like [Burn]<burn> does).,[凍気]<frost>が減少するとき、[炎上]<burn>と同様に敵へダメージを与えるようになる。
Relics,47253256617844749,Relics.Relic_4020.Name,Glacial Decay Engine,氷河減衰エンジン
Relics,21745596575236241,Relics.Relic_4021.Description,"Whenever an enemy with {0} or more [Burn]<burn> dies, damage all enemies in a large area around them equal to [{1}% of their Max HP]<maxhp>.",[炎上]<burn>が{0}以上の敵が死亡するたび、その周囲の広範囲にいる敵全体へ、死亡した敵の[最大HPの{1}%]<maxhp>に等しいダメージを与える。
Relics,21745596575236240,Relics.Relic_4021.Name,Burning Spiral Engine,炎上螺旋エンジン
Relics,21745596575236243,Relics.Relic_4022.Description,"At [start of combat]<bold> and [every {0} seconds,]<bold> inflict [{1} Poison]<poison>, [{2} Frost]<frost>, and [{3} Burn]<burn> on all enemies.",[戦闘開始時]<bold>および[{0}秒ごとに、]<bold>敵全体へ[毒を{1}]<poison>、[凍気を{2}]<frost>、[炎上を{3}]<burn>付与する。
Relics,21745596575236242,Relics.Relic_4022.Name,Plague Transmission Engine,疫病伝播エンジン
Relics,21745596575236246,Relics.Relic_4023.DataTrackingDescription,[Stall]<stall> [Triggered:]<bold> [totalStallTriggers]<globaldatatracking>,[忍耐]<stall>の[発動回数：]<bold> [totalStallTriggers]<globaldatatracking>
Relics,21745596575236245,Relics.Relic_4023.Description,"After [Stall ({0}),]<stall> Heroes gain [+{1}% basic stats]<basicstat> for every {2} times you've triggered [Stall]<stall> this game.",[忍耐（{0}）]<stall>後、このラン中に[忍耐]<stall>を{2}回発動するごとに、ヒーローの[基本ステータス+{1}%]<basicstat>。
Relics,21745596575236244,Relics.Relic_4023.Name,Deceleration Legacy Crystal,減速の遺産クリスタル
Relics,21745596575236247,Relics.Relic_4024.Description,"After [Stall ({0}),]<stall> break the rift.",[忍耐（{0}）]<stall>後、リフトを破壊する。
Relics,47253256617844750,Relics.Relic_4024.Name,The Riftbreaker,ザ・リフトブレイカー
Relics,21745596575236250,Relics.Relic_4025.DataTrackingDescription,[Rush]<rush> [Triggered:]<bold> [totalRushTriggers]<globaldatatracking>,[速攻]<rush>の[発動回数：]<bold> [totalRushTriggers]<globaldatatracking>
Relics,21745596575236249,Relics.Relic_4025.Description,"For [Rush ({0}),]<rush> Heroes gain [+{1}% basic stats]<basicstat> for every {2} times you've triggered [Rush]<rush> this game.",[速攻（{0}）]<rush>の間、このラン中に[速攻]<rush>を{2}回発動するごとに、ヒーローの[基本ステータス+{1}%]<basicstat>。
Relics,21745596575236248,Relics.Relic_4025.Name,Acceleration Legacy Crystal,加速の遺産クリスタル
Relics,21745596575236252,Relics.Relic_4026.Description,"For [Rush ({0}),]<rush> Heroes gain [+{1}% basic stats]<basicstat>.",[速攻（{0}）]<rush>の間、ヒーローの[基本ステータス+{1}%]<basicstat>。
Relics,21745596575236251,Relics.Relic_4026.Name,Godspeed Ascension Engine,神速昇天エンジン
Relics,21745596575236254,Relics.Relic_4027.Description,"On [Shards]<shard> [generated,]<generate> deal damage to all enemies equal to [{0}% of their Max HP]<maxhp> (Minimum: {1} damage).",[シャード]<shard>[生成時、]<generate>敵全体へ[最大HPの{0}%]<maxhp>に等しいダメージを与える（最低：{1}ダメージ）。
Relics,21745596575236253,Relics.Relic_4027.Name,Shard Power Extractor,シャード動力抽出器
Relics,21745596575236256,Relics.Relic_4028.Description,[The Rift Storm]<storm> starts {0} seconds sooner. Heroes take {1}% reduced damage from [The Rift Storm]<storm>.,[リフトストーム]<storm>が{0}秒早く始まる。ヒーローが[リフトストーム]<storm>から受けるダメージ-{1}%。
Relics,21745596575236255,Relics.Relic_4028.Name,Rift Storm Invoker,リフトストーム召喚器
Relics,21745596575236259,Relics.Relic_4029.DataTrackingDescription,"[Stall]<stall> [Triggered:]<bold> [totalStallTriggers]<globaldatatracking>
[Rush]<rush> [Triggered:]<bold> [totalRushTriggers]<globaldatatracking>","[忍耐]<stall>[発動回数：]<bold> [totalStallTriggers]<globaldatatracking>
[速攻]<rush>[発動回数：]<bold> [totalRushTriggers]<globaldatatracking>"
Relics,21745596575236258,Relics.Relic_4029.Description,"On [Stall]<stall> [trigger,]<bold> deal {0} damage to all enemies for each [Rush]<rush> you've triggered this game.

On [Rush]<rush> [trigger,]<bold> give [{1}]<shield> [lasting]<lasting> [Shields]<shield> to all Heroes for each [Stall]<stall> you've triggered this game.","[忍耐]<stall>[発動時、]<bold>このラン中の[速攻]<rush>発動1回につき、敵全体へ{0}ダメージを与える。

[速攻]<rush>[発動時、]<bold>このラン中の[忍耐]<stall>発動1回につき、味方全員へ[{1}]<shield>の[永続]<lasting>[シールド]<shield>を付与する。"
Relics,21745596575236257,Relics.Relic_4029.Name,Temporal Alignment Crystal,時空調律クリスタル
Relics,52348296415404032,Relics.Relic_4030.Name,Victory Mandate,勝利の勅令
Relics,65024501195866152,Relics.Relic_4030.QuestDescription,Win {0} combats.,戦闘に{0}回勝利する。
Relics,65024501195866153,Relics.Relic_4030.QuestRewardDescription,Increase your team size by {0} (Max: {1}).,チーム人数を{0}増加させる（最大：{1}）。
Relics,53836991354101760,Relics.Relic_4031.Name,Ascension Mandate,昇格の勅令
Relics,65024501195866154,Relics.Relic_4031.QuestDescription,Win a combat with Heroes of {0} or more different ranks in combat.,異なるランクのヒーローを{0}種類以上出撃させて戦闘に勝利する。
Relics,65024501195866155,Relics.Relic_4031.QuestRewardDescription,Increase your team size by {0} (Max: {1}).,チーム人数を{0}増加させる（最大：{1}）。
Relics,53836991391850496,Relics.Relic_4032.Name,Critical Mandate,会心の勅令
Relics,65024501195866156,Relics.Relic_4032.QuestDescription,[Crit]<crit> {0} times.,[クリティカル]<crit>を{0}回発生させる。
Relics,65024501195866157,Relics.Relic_4032.QuestRewardDescription,Increase your team size by {0} (Max: {1}).,チーム人数を{0}増加させる（最大：{1}）。
Relics,53836991391850497,Relics.Relic_4033.Name,Temporal Mandate,時空の勅令
Relics,65024501195866158,Relics.Relic_4033.QuestDescription,Trigger [Rush]<rush> or [Stall]<stall> {0} times.,[速攻]<rush>または[忍耐]<stall>を合計{0}回発動する。
Relics,65024501195866159,Relics.Relic_4033.QuestRewardDescription,Increase your team size by {0} (Max: {1}).,チーム人数を{0}増加させる（最大：{1}）。
Relics,53836991391850498,Relics.Relic_4034.Name,Desperation Mandate,窮地の勅令
Relics,65024501195866160,Relics.Relic_4034.QuestDescription,Win a combat with only {0} surviving Hero.,生存ヒーローが{0}人だけの状態で戦闘に勝利する。
Relics,65024501195866161,Relics.Relic_4034.QuestRewardDescription,Increase your team size by {0} (Max: {1}).,チーム人数を{0}増加させる（最大：{1}）。
Relics,53836991391850500,Relics.Relic_4035.Description,"At [start of combat,]<bold> [Tanks]<tank> and [Vanguards]<vanguard> gain [Shields]<shield> equal to [{0}% of their Max HP]<maxhp>.

After [Stall ({1} and {2}),]<stall> [Tanks]<tank> and [Vanguards]<vanguard> gain [Shields]<shield> equal to [{3}% of their Defense]<defense>.","[戦闘開始時、]<bold>[タンク]<tank>と[ヴァンガード]<vanguard>が[最大HPの{0}%]<maxhp>に等しい[シールド]<shield>を獲得する。

[忍耐（{1}, {2}）]<stall>後、[タンク]<tank>と[ヴァンガード]<vanguard>が[防御力の{3}%]<defense>に等しい[シールド]<shield>を獲得する。"
Relics,53836991391850499,Relics.Relic_4035.Name,Defensive Energy Crystal,防御エネルギークリスタル
Relics,53836991391850502,Relics.Relic_4036.Description,"Auto attacks by [Assassins]<assassin>, [Duelists]<duelist>, and [Warriors]<warrior> gain [{0} Crit]<crit>.",[アサシン]<assassin>、[デュエリスト]<duelist>、[ウォリアー]<warrior>の通常攻撃に[クリティカル+{0}]<crit>。
Relics,53836991391850501,Relics.Relic_4036.Name,Martial Energy Crystal,武術エネルギークリスタル
Relics,53836991391850504,Relics.Relic_4037.Description,"Whenever a [Mage]<mage> or [Mystic]<mystic> [casts]<bold>, they deal damage equal to [{0}% of their Magic]<magic> to all enemies and apply [Shields]<shield> equal to [{1}% of their Mana Regen]<manaregen> to all Heroes.",[メイジ]<mage>または[ミスティック]<mystic>が[アビリティを発動する]<bold>たび、敵全体へ自身の[魔力の{0}%]<magic>に等しいダメージを与え、味方全員へ自身の[マナ回復の{1}%]<manaregen>に等しい[シールド]<shield>を付与する。
Relics,53836991391850503,Relics.Relic_4037.Name,Arcane Energy Crystal,秘術エネルギークリスタル
Relics,53836991391850506,Relics.Relic_4038.Description,Heroes can equip an additional item (Max: {0}).,ヒーローが追加でアイテムを1個装備できる（最大：{0}）。
Relics,53836991391850505,Relics.Relic_4038.Name,Heroic Capacity Expander,英雄装備枠拡張器
Relics,53836991391850508,Relics.Relic_4039.Description,Get all {0} Crests. Crests are items which make a Hero count as having an additional class during combat.,全{0}種の紋章を獲得する。紋章は、戦闘中に装備者が追加クラスを持つものとして扱われるアイテム。
Relics,53836991391850507,Relics.Relic_4039.Name,Omnity Enforcer,全能執行装置
Relics,67590420236853248,Relics.Relic_4500.Description,Increase your team size by {0} (Max: {1}).,チーム人数を{0}増加させる（最大：{1}）。
Relics,67590420186521600,Relics.Relic_4500.Name,Harmony Crystal,調和のクリスタル
Relics,21745596575236261,Relics.Relic_5000.Description,"For [Rush ({0}),]<rush> enemies have {1}% increased stats.",[速攻（{0}）]<rush>の間、敵の全ステータス+{1}%。
Relics,21745596575236260,Relics.Relic_5000.Name,Rapid Growth,急成長
Relics,21745596575236263,Relics.Relic_5001.Description,"After [Stall ({0}),]<stall> enemies have {1}% increased stats.",[忍耐（{0}）]<stall>後、敵の全ステータス+{1}%。
Relics,21745596575236262,Relics.Relic_5001.Name,Steady Growth,着実な成長
Relics,21745596575236265,Relics.Relic_5002.Description,"[Each second,]<bold> Heroes take damage equal to [{0}% of their Max HP]<maxhp>.",[毎秒、]<bold>ヒーローが[最大HPの{0}%]<maxhp>に等しいダメージを受ける。
Relics,21745596575236264,Relics.Relic_5002.Name,Pain,苦痛
Relics,21745596575236267,Relics.Relic_5003.Description,"[Each second,]<bold> enemies [heal {0}% Max HP]<maxhp>.",[毎秒、]<bold>敵が[最大HPの{0}%を回復]<maxhp>する。
Relics,21745596575236266,Relics.Relic_5003.Name,Improvidence,無計画
Relics,21745596575236269,Relics.Relic_5004.Description,Heroes have [{0}% decreased basic stats]<basicstat>.,ヒーローの[基本ステータス-{0}%]<basicstat>。
Relics,21745596575236268,Relics.Relic_5004.Name,Decay,衰弱
Relics,21745596575236271,Relics.Relic_5005.Description,"For [Rush ({0}),]<rush> enemies are immune to damage.",[速攻（{0}）]<rush>の間、敵はダメージを受けない。
Relics,21745596575236270,Relics.Relic_5005.Name,Immunity,無敵
Relics,21745596575236273,Relics.Relic_5011.Description,"For [Rush ({0}),]<rush> enemies have {1}% increased stats.",[速攻（{0}）]<rush>の間、敵の全ステータス+{1}%。
Relics,21745596575236272,Relics.Relic_5011.Name,Rapid Growth,急成長
Relics,21745596575236275,Relics.Relic_5012.Description,"After [Stall ({0}),]<stall> enemies have {1}% increased stats.",[忍耐（{0}）]<stall>後、敵の全ステータス+{1}%。
Relics,21745596575236274,Relics.Relic_5012.Name,Steady Growth,着実な成長
Relics,21745596575236277,Relics.Relic_5013.Description,"[Each second,]<bold> Heroes take damage equal to [{0}% of their Max HP]<maxhp>.",[毎秒、]<bold>ヒーローが[最大HPの{0}%]<maxhp>に等しいダメージを受ける。
Relics,21745596575236276,Relics.Relic_5013.Name,Pain,苦痛
Relics,21745596575236279,Relics.Relic_5014.Description,"[Each second,]<bold> enemies [heal {0}% Max HP]<maxhp>.",[毎秒、]<bold>敵が[最大HPの{0}%を回復]<maxhp>する。
Relics,21745596575236278,Relics.Relic_5014.Name,Improvidence,無計画
Relics,21745596575236281,Relics.Relic_5015.Description,Heroes have [{0}% decreased basic stats]<basicstat>.,ヒーローの[基本ステータス-{0}%]<basicstat>。
Relics,21745596575236280,Relics.Relic_5015.Name,Decay,衰弱
Relics,21745596575236283,Relics.Relic_5016.Description,"For [Rush ({0}),]<rush> enemies are immune to damage.",[速攻（{0}）]<rush>の間、敵はダメージを受けない。
Relics,21745596575236282,Relics.Relic_5016.Name,Immunity,無敵
Relics,11913064816033912,Relics.Relic_504.Description,[Warrior's]<warrior> [Rush]<rush> abilities last {0} seconds longer.,[ウォリアー]<warrior>の[速攻]<rush>アビリティの持続時間が{0}秒延びる。
Relics,11913064816033911,Relics.Relic_504.Name,Warrior's Endurance Banner,ウォリアーの耐久旗
Relics,11913064816033922,Relics.Relic_509.Description,"Whenever a [Warrior]<warrior> [Crits]<crit>, they [heal]<heal> equal to [{0}% of their Attack]<attack>.",[ウォリアー]<warrior>が[クリティカル]<crit>を発生させるたび、自身の[攻撃力の{0}%]<attack>に等しいHPを[回復]<heal>する。
Relics,11913064816033921,Relics.Relic_509.Name,Warrior's Mending Banner,ウォリアーの治癒旗
Relics,11913064816033924,Relics.Relic_510.Description,"Whenever a [Warrior]<warrior> [Crits]<crit>, they deal bonus damage equal to [{0}% of their Attack]<attack>.",[ウォリアー]<warrior>が[クリティカル]<crit>を発生させるたび、自身の[攻撃力の{0}%]<attack>に等しい追加ダメージを与える。
Relics,11913064816033923,Relics.Relic_510.Name,Warrior's Bravery Banner,ウォリアーの勇気旗
Relics,21745596575236309,Relics.Relic_5100.Description,Heroes have [{0}% increased basic stats]<basicstat>.,ヒーローの[基本ステータス+{0}%]<basicstat>。
Relics,21745596575236308,Relics.Relic_5100.Name,Fighting Form,戦闘態勢
Relics,43380839395491840,Relics.Relic_5101.Description,Heroes have [{0}% increased basic stats]<basicstat>.,ヒーローの[基本ステータス+{0}%]<basicstat>。
Relics,21745596575236310,Relics.Relic_5101.Name,Battle Stance,臨戦姿勢
Relics,43380839424851969,Relics.Relic_5102.Description,Heroes have [{0}% decreased basic stats]<basicstat>.,ヒーローの[基本ステータス-{0}%]<basicstat>。
Relics,43380839424851968,Relics.Relic_5102.Name,Weakness,弱体化
Relics,43380839424851971,Relics.Relic_5103.Description,"At [start of combat,]<bold> inflict [Burn]<burn> on all Heroes equal to [{0}% of their Max HP]<maxhp>.",[戦闘開始時、]<bold>ヒーロー全員に[最大HPの{0}%]<maxhp>に等しい[炎上]<burn>を付与する。
Relics,43380839424851970,Relics.Relic_5103.Name,Burning,燃焼
Relics,43380839424851973,Relics.Relic_5104.Description,Heroes have [-{0}% Defense]<defense>.,ヒーローの[防御力-{0}%]<defense>。
Relics,43380839424851972,Relics.Relic_5104.Name,Hunted,追跡対象
Relics,43380839424851975,Relics.Relic_5105.Description,"At [start of combat,]<bold> Heroes are [Stunned for {0} seconds]<stun>.",[戦闘開始時、]<bold>ヒーローが[{0}秒間スタン]<stun>する。
Relics,43380839424851974,Relics.Relic_5105.Name,Stunned,スタン
Relics,43380839424851977,Relics.Relic_5106.Description,Heroes have [{0}% increased basic stats]<basicstat>.,ヒーローの[基本ステータス+{0}%]<basicstat>。
Relics,43380839424851976,Relics.Relic_5106.Name,Rested,休養十分
Relics,43380839424851979,Relics.Relic_5107.Description,"At [start of combat,]<bold> Heroes take damage equal to [{0}% of their Max HP]<maxhp>.",[戦闘開始時、]<bold>ヒーローが[最大HPの{0}%]<maxhp>に等しいダメージを受ける。
Relics,43380839424851978,Relics.Relic_5107.Name,Damaged,負傷
Relics,58847112866029568,Relics.Relic_5108.Description,"At [start of combat,]<bold> inflict [Burn]<burn> on all Heroes equal to [{0}% of their Max HP]<maxhp>.",[戦闘開始時、]<bold>ヒーロー全員に[最大HPの{0}%]<maxhp>に等しい[炎上]<burn>を付与する。
Relics,58847112861835264,Relics.Relic_5108.Name,Flaming,炎上中
Relics,58847112866029570,Relics.Relic_5109.Description,"Heroes gain [{0} Attack]<attack>, [{1} Attack Speed]<attackspeed>, and [{2} Crit]<crit>.",ヒーローの[攻撃力+{0}]<attack>、[攻撃速度+{1}]<attackspeed>、[クリティカル+{2}]<crit>。
Relics,58847112866029569,Relics.Relic_5109.Name,Sharpened,鋭化
Relics,11913064816033926,Relics.Relic_511.Description,[Rush ({0}):]<rush> [Warriors]<warrior> gain [+{1}% Attack]<attack>.,[速攻（{0}）：]<rush>[ウォリアー]<warrior>の[攻撃力+{1}%]<attack>。
Relics,11913064816033925,Relics.Relic_511.Name,Warrior's Rally Banner,ウォリアーの結集旗
Relics,58847112866029572,Relics.Relic_5110.Description,Heroes gain [{0} Max HP]<maxhp> and [{1} Defense]<defense>.,ヒーローの[最大HP+{0}]<maxhp>、[防御力+{1}]<defense>。
Relics,58847112866029571,Relics.Relic_5110.Name,Hardened,強固
Relics,58847112866029574,Relics.Relic_5111.Description,Heroes gain [{0} Magic]<magic> and [{1} Mana Regen]<manaregen>.,ヒーローの[魔力+{0}]<magic>、[マナ回復+{1}]<manaregen>。
Relics,58847112866029573,Relics.Relic_5111.Name,Focused,集中
Relics,60329654374883328,Relics.Relic_5112.Description,Heroes have [{0}% decreased basic stats]<basicstat>.,ヒーローの[基本ステータス-{0}%]<basicstat>。
Relics,60329654316163072,Relics.Relic_5112.Name,Cost of Knowledge,知識の代償
Relics,60329654374883330,Relics.Relic_5113.Description,Gain [{0} additional Shards]<shard> for killing the Act Boss.,アクトボス撃破時、追加で[シャードを{0}]<shard>獲得する。
Relics,60329654374883329,Relics.Relic_5113.Name,The Rift Puppy's Cry,リフトの仔犬の鳴き声
Relics,60371476916723712,Relics.Relic_5114.Description,Get [{0}]<customdatarelicname> when this expires.,期限切れ時、[{0}]<customdatarelicname>を獲得する。
Relics,60371476841226240,Relics.Relic_5114.Name,The Etched Path,刻まれた道
Relics,60381260013363200,Relics.Relic_5115.Description,"At [start of combat,]<bold> Heroes take damage equal to [{0}% of their Max HP]<maxhp>.",[戦闘開始時、]<bold>ヒーローが[最大HPの{0}%]<maxhp>に等しいダメージを受ける。
Relics,60381260009168896,Relics.Relic_5115.Name,The Rift Puppy,リフトの仔犬
Relics,60426499893747712,Relics.Relic_5116.Description,"Heroes lose [{0}% basic stats]<basicstat>.

Combats rewards [{1} more Shards]<shard> per victory.","ヒーローの[基本ステータス-{0}%]<basicstat>。

戦闘勝利ごとに[追加でシャードを{1}]<shard>獲得する。"
Relics,60426499864387584,Relics.Relic_5116.Name,The Jagged Chasm,ギザギザの裂け目
Relics,60429824227794945,Relics.Relic_5117.Description,"Heroes lose [{0}% basic stats]<basicstat>.

Get [{1}]<customdatarelicname> when this expires.","ヒーローの[基本ステータス-{0}%]<basicstat>。

期限切れ時、[{1}]<customdatarelicname>を獲得する。"
Relics,60429824227794944,Relics.Relic_5117.Name,The Jagged Divide,ギザギザの断層
Relics,60429824227794947,Relics.Relic_5118.Description,"At [start of combat,]<bold> inflict [Poison]<poison> on all Heroes equal to {0}% of their [Max HP]<maxhp>.

Get [{1}]<customdataitemname> when this expires.","[戦闘開始時、]<bold>ヒーロー全員に[最大HP]<maxhp>の{0}%に等しい[毒]<poison>を付与する。

期限切れ時、[{1}]<customdataitemname>を獲得する。"
Relics,60429824227794946,Relics.Relic_5118.Name,The Fairy Ring,妖精の輪
Relics,60429824227794949,Relics.Relic_5119.Description,"Earn no [Shards]<shard> for combat victory.

Get [{1}]<customdatarelicname> when this expires.","戦闘勝利時に[シャード]<shard>を獲得できない。

期限切れ時、[{1}]<customdatarelicname>を獲得する。"
Relics,60429824227794948,Relics.Relic_5119.Name,The Fairy Ring,妖精の輪
Relics,60436082150334465,Relics.Relic_5120.Description,Heroes gain [{0}% basic stats]<basicstat>.,ヒーローの[基本ステータス+{0}%]<basicstat>。
Relics,60436082150334464,Relics.Relic_5120.Name,The Well of Temptation,誘惑の井戸
Relics,60438626922651648,Relics.Relic_5121.Description,Earn [{0} fewer Shards]<shard> for combat victory.,戦闘勝利時に獲得する[シャードが{0}減る]<shard>。
Relics,60438626914263040,Relics.Relic_5121.Name,The Debtor,債務者
Relics,60438626922651650,Relics.Relic_5122.Description,Earn [{0} fewer Shards]<shard> for combat victory.,戦闘勝利時に獲得する[シャードが{0}減る]<shard>。
Relics,60438626922651649,Relics.Relic_5122.Name,The Debtor,債務者
Relics,60438626922651652,Relics.Relic_5123.Description,Earn [{0} fewer Shards]<shard> for combat victory.,戦闘勝利時に獲得する[シャードが{0}減る]<shard>。
Relics,60438626922651651,Relics.Relic_5123.Name,The Cursed Urn,呪われた壺
Relics,60694006122668032,Relics.Relic_5124.Description,Get [{0}]<customdatarelicname> when this expires.,期限切れ時、[{0}]<customdatarelicname>を獲得する。
Relics,60694006063947776,Relics.Relic_5124.Name,The Nest,巣
Relics,60694006122668034,Relics.Relic_5125.Description,Earn [{0} fewer Shards]<shard> for combat victory.,戦闘勝利時に獲得する[シャードが{0}減る]<shard>。
Relics,60694006122668033,Relics.Relic_5125.Name,The Well of Temptation,誘惑の井戸
Relics,60754445502242816,Relics.Relic_5126.Description,Get [{0}]<customdataitemname> when this expires.,期限切れ時、[{0}]<customdataitemname>を獲得する。
Relics,60775543589560320,Relics.Relic_5126.Name,The Etched Path,刻まれた道
Relics,60775543589560322,Relics.Relic_5127.Description,"At [start of combat,]<bold> Heroes take damage equal to [{0}% of their Max HP]<maxhp>.",[戦闘開始時、]<bold>ヒーローが[最大HPの{0}%]<maxhp>に等しいダメージを受ける。
Relics,60775543589560321,Relics.Relic_5127.Name,The Rift Puppy,リフトの仔犬
Relics,62498978355208193,Relics.Relic_5128.Description,"At [start of combat,]<bold> Heroes are [Stunned for {0} seconds]<stun>.

Heroes gain [{1} Max HP]<maxhp> when this expires.","[戦闘開始時、]<bold>ヒーローが[{0}秒間スタン]<stun>する。

期限切れ時、ヒーローの[最大HP+{1}]<maxhp>。"
Relics,62498978355208192,Relics.Relic_5128.Name,Strange Yellow Fruit,奇妙な黄色い果実
Relics,11913064816033930,Relics.Relic_513.Description,"At [start of combat,]<bold> [Warriors]<warrior> gain a [lasting]<lasting> [Shield]<shield> equal to [{0}% of their Attack]<attack>.",[戦闘開始時、]<bold>[ウォリアー]<warrior>が自身の[攻撃力の{0}%]<attack>に等しい[永続]<lasting>[シールド]<shield>を獲得する。
Relics,11913064816033929,Relics.Relic_513.Name,Warrior's Aegis Banner,ウォリアーのイージス旗
Relics,11913064816033942,Relics.Relic_519.Description,[Tank's]<tank> [Stall]<stall> abilities trigger {0} seconds faster.,[タンク]<tank>の[忍耐]<stall>アビリティの発動が{0}秒早まる。
Relics,11913064816033941,Relics.Relic_519.Name,Tank's Readiness Banner,タンクの備え旗
Relics,11913064816033955,Relics.Relic_521.DataTrackingDescription,[Defense]<defense> Gained: [{0}]<datatracking>,[防御力]<defense>増加量：[{0}]<datatracking>
Relics,11913064816033946,Relics.Relic_521.Description,"After [Stall ({0}),]<stall> [Tanks]<tank> permanently gain [{1} Defense]<defense>.",[忍耐（{0}）]<stall>後、[タンク]<tank>の[防御力+{1}]<defense>（恒久）。
Relics,11913064816033945,Relics.Relic_521.Name,Tank's Patience Banner,タンクの忍耐旗
Relics,11913064816033957,Relics.Relic_526.Description,"Whenever a [Tank]<tank> is auto attacked, they apply [{0} Poison]<poison> to the attacker.",[タンク]<tank>が通常攻撃を受けるたび、攻撃者に[毒を{0}]<poison>付与する。
Relics,11913064816033956,Relics.Relic_526.Name,Tank's Poisonplate Banner,タンクの毒装甲旗
Relics,11913064816033963,Relics.Relic_527.Description,"Whenever a [Tank]<tank> is auto attacked, they apply [{0} Frost]<frost> to the attacker.",[タンク]<tank>が通常攻撃を受けるたび、攻撃者に[凍気を{0}]<frost>付与する。
Relics,11913064816033958,Relics.Relic_527.Name,Tank's Frostplate Banner,タンクの凍気装甲旗
Relics,11913064816033971,Relics.Relic_530.Description,"Whenever a [Tank]<tank> is auto attacked, they gain [{0} Defense]<defense>.",[タンク]<tank>が通常攻撃を受けるたび、[防御力+{0}]<defense>。
Relics,11913064816033964,Relics.Relic_530.Name,Tank's Resilience Banner,タンクの不屈旗
Relics,11913064816033977,Relics.Relic_534.Description,[Vanguard's]<vanguard> [Rush]<rush> abilities last {0} seconds longer.,[ヴァンガード]<vanguard>の[速攻]<rush>アビリティの持続時間が{0}秒延びる。
Relics,11913064816033972,Relics.Relic_534.Name,Vanguard's Endurance Banner,ヴァンガードの耐久旗
Relics,11913064816033979,Relics.Relic_537.Description,"At [start of combat,]<bold> [Vanguards]<vanguard> gain [Shields]<shield> equal to [{0}% of their Max HP]<maxhp>.",[戦闘開始時、]<bold>[ヴァンガード]<vanguard>が自身の[最大HPの{0}%]<maxhp>に等しい[シールド]<shield>を獲得する。
Relics,11913064816033978,Relics.Relic_537.Name,Vanguard's Aegis Banner,ヴァンガードのイージス旗
Relics,11913064816033985,Relics.Relic_538.Description,"For [Rush ({0}),]<rush> [Vanguards]<vanguard> gain [{1} Attack]<attack> and [{2} Defense]<defense> per [{3} Max HP]<maxhp>.",[速攻（{0}）]<rush>の間、[ヴァンガード]<vanguard>は[最大HP{3}]<maxhp>につき[攻撃力+{1}]<attack>、[防御力+{2}]<defense>。
Relics,11913064816033980,Relics.Relic_538.Name,Vanguard's Rally Banner,ヴァンガードの結集旗
Relics,11913064816033987,Relics.Relic_541.Description,"Whenever a [Vanguard]<vanguard> is auto attacked, they inflict [{0} Burn]<burn> on the attacker.",[ヴァンガード]<vanguard>が通常攻撃を受けるたび、攻撃者に[炎上を{0}]<burn>付与する。
Relics,11913064816033986,Relics.Relic_541.Name,Vanguard's Flameplate Banner,ヴァンガードの炎装甲旗
Relics,11913064816033999,Relics.Relic_542.Description,"Whenever a [Vanguard]<vanguard> auto attacks, they inflict [{0} Burn]<burn> on their target.",[ヴァンガード]<vanguard>が通常攻撃するたび、対象に[炎上を{0}]<burn>付与する。
Relics,11913064816033988,Relics.Relic_542.Name,Vanguard's Flamefists Banner,ヴァンガードの炎拳旗
Relics,11913064816034001,Relics.Relic_548.Description,[Assassins]<assassin> gain [Stealth]<stealth> for {0} seconds the first time they go below [{1}% Max HP]<maxhp> each combat.,各戦闘で[アサシン]<assassin>のHPが初めて[最大HPの{1}%]<maxhp>を下回ったとき、{0}秒間[ステルス]<stealth>を得る。
Relics,11913064816034000,Relics.Relic_548.Name,Assassin's Smokescreen Banner,アサシンの煙幕旗
Relics,11913064816034003,Relics.Relic_549.Description,[Assassin's]<assassin> [Rush]<rush> abilities last {0} seconds longer.,[アサシン]<assassin>の[速攻]<rush>アビリティの持続時間が{0}秒延びる。
Relics,11913064816034002,Relics.Relic_549.Name,Assassin's Endurance Banner,アサシンの耐久旗
Relics,11913064816034005,Relics.Relic_550.DataTrackingDescription,[Shards]<shard> [Generated:]<generate> [globalShardsGenerated]<globaldatatracking>,[シャード]<shard>[生成数：]<generate> [globalShardsGenerated]<globaldatatracking>
Relics,47253256563318784,Relics.Relic_550.Description,[Assassins]<assassin> gain [{0} Attack]<attack> and [{1} Magic]<magic> per [{2} Shards]<shard> you've [generated]<generate> this game.,[アサシン]<assassin>は、このラン中に[生成した]<generate>[シャード{2}]<shard>につき[攻撃力+{0}]<attack>、[魔力+{1}]<magic>。
Relics,11913064816034004,Relics.Relic_550.Name,Assassin's Greed Banner,アサシンの強欲旗
Relics,61383243809677312,Relics.Relic_5500.Description,"Defeat the Forest Golem in single combat to gain [{0} Shards]<shard>.

To swap Heroes, drag a Hero from the <b>Reserves</b> on top of your current one.","一騎打ちで森のゴーレムを倒し、[シャードを{0}]<shard>獲得する。

ヒーローを交代するには、<b>控え</b>のヒーローを現在のヒーローの上へドラッグする。"
Relics,61383243771928576,Relics.Relic_5500.Name,Single Combat,一騎打ち
Relics,61383243809677314,Relics.Relic_5501.Description,"Defeat the Forest Golem in single combat to get [{0}]<customdatarelicname>.

To swap Heroes, drag a Hero from the <b>Reserves</b> on top of your current one.","一騎打ちで森のゴーレムを倒し、[{0}]<customdatarelicname>を獲得する。

ヒーローを交代するには、<b>控え</b>のヒーローを現在のヒーローの上へドラッグする。"
Relics,61383243809677313,Relics.Relic_5501.Name,Single Combat,一騎打ち
Relics,61383243809677316,Relics.Relic_5502.Description,"Defeat the Forest Golem in single combat to get [{0}]<customdataitemname>.

To swap Heroes, drag a Hero from the <b>Reserves</b> on top of your current one.","一騎打ちで森のゴーレムを倒し、[{0}]<customdataitemname>を獲得する。

ヒーローを交代するには、<b>控え</b>のヒーローを現在のヒーローの上へドラッグする。"
Relics,61383243809677315,Relics.Relic_5502.Name,Single Combat,一騎打ち
Relics,61383243809677318,Relics.Relic_5503.Description,"Survive for {0} seconds to gain [{1} Shards]<shard>.

Enemies in this combat are immune to damage.","{0}秒間生き延び、[シャードを{1}]<shard>獲得する。

この戦闘の敵はダメージを受けない。"
Relics,61383243809677317,Relics.Relic_5503.Name,Endurance,耐久戦
Relics,61383243809677320,Relics.Relic_5504.Description,"Survive for {0} seconds to gain [{1} Shards]<shard>.

Enemies in this combat are immune to damage.","{0}秒間生き延び、[シャードを{1}]<shard>獲得する。

この戦闘の敵はダメージを受けない。"
Relics,61383243809677319,Relics.Relic_5504.Name,Endurance,耐久戦
Relics,61383243809677322,Relics.Relic_5505.Description,"Survive for {0} seconds to gain [{1} Shards]<shard>.

Enemies in this combat are immune to damage.","{0}秒間生き延び、[シャードを{1}]<shard>獲得する。

この戦闘の敵はダメージを受けない。"
Relics,61383243809677321,Relics.Relic_5505.Name,Endurance,耐久戦
Relics,61383243809677324,Relics.Relic_5506.Description,Kill the Turtle in under {0} seconds to gain [{1} Shards]<shard>.,{0}秒以内にカメを倒し、[シャードを{1}]<shard>獲得する。
Relics,61383243809677323,Relics.Relic_5506.Name,Demolition,破壊戦
Relics,61383243809677326,Relics.Relic_5507.Description,Kill the Turtle in under {0} seconds to gain [{1} Shards]<shard>.,{0}秒以内にカメを倒し、[シャードを{1}]<shard>獲得する。
Relics,61383243809677325,Relics.Relic_5507.Name,Demolition,破壊戦
Relics,61383243809677328,Relics.Relic_5508.Description,Kill the Turtle in under {0} seconds to gain [{1} Shards]<shard>.,{0}秒以内にカメを倒し、[シャードを{1}]<shard>獲得する。
Relics,61383243809677327,Relics.Relic_5508.Name,Demolition,破壊戦
Relics,61383243809677330,Relics.Relic_5509.Description,"Defeat the boss in 1v1 combat to gain [{0}]<customdatarelicname>.

The Hero has [{1}% reduced basic stats]<basicstat>.","1対1の戦闘でボスを倒し、[{0}]<customdatarelicname>を獲得する。

ヒーローの[基本ステータス-{1}%]<basicstat>。"
Relics,61383243809677329,Relics.Relic_5509.Name,Rematch,再戦
Relics,11913064816034016,Relics.Relic_551.DataTrackingDescription,[Attack]<attack> and [Magic]<magic> Gained: [{0}]<datatracking>,[攻撃力]<attack>／[魔力]<magic>増加量：[{0}]<datatracking>
Relics,11913064816034015,Relics.Relic_551.Description,"Whenever an [Assassin]<assassin> [Crits]<crit>, they permanently gain [{0} Attack]<attack> and [{1} Magic]<magic>.",[アサシン]<assassin>が[クリティカル]<crit>を発生させるたび、[攻撃力+{0}]<attack>、[魔力+{1}]<magic>（恒久）。
Relics,11913064816034006,Relics.Relic_551.Name,Assassin's Patience Banner,アサシンの忍耐旗
Relics,61383243809677332,Relics.Relic_5510.Description,Defeat the boss in under {0} seconds to gain [{1}]<customdatarelicname>.,{0}秒以内にボスを倒し、[{1}]<customdatarelicname>を獲得する。
Relics,61383243809677331,Relics.Relic_5510.Name,Rematch,再戦
Relics,61383243809677334,Relics.Relic_5511.Description,"Defeat the boss to gain [{0}]<customdatarelicname>.

Heroes have [{1}% reduced basic stats]<basicstat>.","ボスを倒し、[{0}]<customdatarelicname>を獲得する。

ヒーローの[基本ステータス-{1}%]<basicstat>。"
Relics,61383243809677333,Relics.Relic_5511.Name,Rematch,再戦
Relics,47253256605261824,Relics.Relic_556.DataTrackingDescription,[Shards]<shard> [Generated:]<generate> [{0}]<datatracking>,[シャード]<shard>の[生成数：]<generate> [{0}]<datatracking>
Relics,11913064816034032,Relics.Relic_556.Description,"Whenever an [Assassin]<assassin> kills an enemy, gain [{0} Shards]<shard>.",[アサシン]<assassin>が敵を倒すたび、[シャードを{0}]<shard>獲得する。
Relics,11913064816034031,Relics.Relic_556.Name,Assassin's Payday Banner,アサシンの給料日旗
Relics,11913064816034037,Relics.Relic_564.DataTrackingDescription,[Shards]<shard> [Generated:]<generate> [globalShardsGenerated]<globaldatatracking>,[シャード]<shard>[生成数：]<generate> [globalShardsGenerated]<globaldatatracking>
Relics,11913064816034036,Relics.Relic_564.Description,[Duelists]<duelist> gain [{0} Crit]<crit> per [{1} Shards]<shard> you've [generated]<generate> this game.,[デュエリスト]<duelist>は、このラン中に[生成した]<generate>[シャード{1}]<shard>につき[クリティカル+{0}]<crit>。
Relics,11913064816034035,Relics.Relic_564.Name,Duelist's Precision Banner,デュエリストの精密旗
Relics,11913064816034039,Relics.Relic_566.Description,"Whenever a [Duelist]<duelist> auto attacks, they inflict [{0} Poison]<poison> on their target.",[デュエリスト]<duelist>が通常攻撃するたび、対象に[毒を{0}]<poison>付与する。
Relics,11913064816034038,Relics.Relic_566.Name,Duelist's Toxin Banner,デュエリストの毒素旗
Relics,11913064820228097,Relics.Relic_567.Description,"Whenever a [Duelist]<duelist> auto attacks, they inflict [{0} Frost]<frost> on their target.",[デュエリスト]<duelist>が通常攻撃するたび、対象に[凍気を{0}]<frost>付与する。
Relics,11913064816034040,Relics.Relic_567.Name,Duelist's Chill Banner,デュエリストの冷気旗
Relics,11913064820228117,Relics.Relic_568.Description,"Whenever a [Duelist]<duelist> auto attacks, they inflict [{0} Burn]<burn> on their target.",[デュエリスト]<duelist>が通常攻撃するたび、対象に[炎上を{0}]<burn>付与する。
Relics,11913064820228098,Relics.Relic_568.Name,Duelist's Flame Banner,デュエリストの炎旗
Relics,11913064820228119,Relics.Relic_571.Description,"Whenever a [Duelist]<duelist> auto attacks, they gain [{0} Attack Speed]<attackspeed> per type of [Debuff]<debuff> on their target.",[デュエリスト]<duelist>が通常攻撃するたび、対象の[デバフ]<debuff>1種類につき[攻撃速度+{0}]<attackspeed>。
Relics,11913064820228118,Relics.Relic_571.Name,Duelist's Outbreak Banner,デュエリストの感染旗
Relics,11913064820228126,Relics.Relic_581.DataTrackingDescription,[Shards]<shard> [Generated:]<generate> [{0}]<datatracking>,[シャード]<shard>の[生成数：]<generate> [{0}]<datatracking>
Relics,11913064820228125,Relics.Relic_581.Description,"Every {0} times a [Mystic]<mystic> [casts]<bold>, gain [{1} Shard]<shard>.",[ミスティック]<mystic>が[アビリティを{0}回発動する]<bold>たび、[シャードを{1}]<shard>獲得する。
Relics,11913064820228120,Relics.Relic_581.Name,Mystic's Payday Banner,ミスティックの給料日旗
Relics,11913064820228128,Relics.Relic_582.Description,"Whenever a [Mystic]<mystic> [casts]<bold>, they gain [Magic]<magic> equal to [{0}% of their Mana Regen]<manaregen>.",[ミスティック]<mystic>が[アビリティを発動する]<bold>たび、自身の[マナ回復の{0}%]<manaregen>に等しい[魔力]<magic>を獲得する。
Relics,11913064820228127,Relics.Relic_582.Name,Mystic's Prosperity Banner,ミスティックの繁栄旗
Relics,11913064820228134,Relics.Relic_585.Description,"Whenever a [Mystic]<mystic> [casts]<bold>, they [Shield]<shield> the [lowest-health]<health> Hero equal to [{0}% of their Mana Regen]<manaregen>.",[ミスティック]<mystic>が[アビリティを発動する]<bold>たび、[HPが最も低い]<health>ヒーローに自身の[マナ回復の{0}%]<manaregen>に等しい[シールド]<shield>を付与する。
Relics,11913064820228133,Relics.Relic_585.Name,Mystic's Barrier Banner,ミスティックの障壁旗
Relics,11913064820228146,Relics.Relic_586.Description,"Whenever a [Mystic]<mystic> [casts]<bold>, they gain [{0} Magic]<magic> per type of [Debuff]<debuff> on all enemies.",[ミスティック]<mystic>が[アビリティを発動する]<bold>たび、敵全体の[デバフ]<debuff>1種類につき[魔力+{0}]<magic>。
Relics,11913064820228145,Relics.Relic_586.Name,Mystic's Outbreak Banner,ミスティックの感染旗
Relics,11913064820228148,Relics.Relic_589.Description,"Whenever a [Mystic]<mystic> [casts]<bold>, they [Shield]<shield> the nearest Hero equal to the total number of [Debuff]<debuff> stacks on all enemies.",[ミスティック]<mystic>が[アビリティを発動する]<bold>たび、最も近いヒーローへ敵全体の[デバフ]<debuff>合計数に等しい[シールド]<shield>を付与する。
Relics,11913064820228147,Relics.Relic_589.Name,Mystic's Protection Banner,ミスティックの守護旗
Relics,11913064820228150,Relics.Relic_595.Description,"Whenever a [Mage]<mage> [casts]<bold>, all enemies in their [range]<attackrange> take [{0} damage]<damage> per [Frost]<frost> and [{1} damage]<damage> per [Burn]<burn> they have.",[メイジ]<mage>が[アビリティを発動する]<bold>たび、[射程]<attackrange>内の敵全体が、自身の[凍気]<frost>1につき[{0}ダメージ]<damage>、[炎上]<burn>1につき[{1}ダメージ]<damage>を受ける。
Relics,11913064820228149,Relics.Relic_595.Name,Mage's Elemental Banner,メイジの元素旗
Relics,11913064820228158,Relics.Relic_596.Description,"Whenever a [Mage]<mage> [casts]<bold>, they inflict [Burn]<burn> on their target equal to [{0}% of the Mana]<mana> spent.",[メイジ]<mage>が[アビリティを発動する]<bold>たび、対象へ消費[マナの{0}%]<mana>に等しい[炎上]<burn>を付与する。
Relics,11913064820228157,Relics.Relic_596.Name,Mage's Inferno Banner,メイジの業火旗
Relics,11913064820228164,Relics.Relic_597.Description,"Whenever a [Mage]<mage> [casts]<bold>, they inflict [Frost]<frost> on their target equal to [{0}% of the Mana]<mana> spent.",[メイジ]<mage>が[アビリティを発動する]<bold>たび、対象へ消費[マナの{0}%]<mana>に等しい[凍気]<frost>を付与する。
Relics,11913064820228163,Relics.Relic_597.Name,Mage's Frostbite Banner,メイジの凍傷旗
Relics,43380839424851981,Relics.Relic_6001.Description,"Gain a random common item, a random common relic, and [{0} Shards]<shard>.",ランダムなコモンアイテム、ランダムなコモンレリック、[シャードを{0}]<shard>獲得する。
Relics,43380839424851980,Relics.Relic_6001.Name,Starter Bundle,スターターバンドル
Relics,43380839424851982,Relics.Relic_6002.Name,Bossy,ボス気質
Relics,65024501195866162,Relics.Relic_6002.QuestDescription,Win {0} combats.,戦闘に{0}回勝利する。
Relics,65024501195866163,Relics.Relic_6002.QuestRewardDescription,Gain [{0} Shards]<shard>.,[シャードを{0}]<shard>獲得する。
Relics,43380839424851984,Relics.Relic_6003.Description,Gain [{0} Shards]<shard>.,[シャードを{0}]<shard>獲得する。
Relics,43380839424851983,Relics.Relic_6003.Name,Shard Pouch,シャードポーチ
Relics,43380839424851986,Relics.Relic_6004.Description,Get {0} random common items.,ランダムなコモンアイテムを{0}個獲得する。
Relics,43380839424851985,Relics.Relic_6004.Name,Item Windfall,アイテム大当たり
Relics,43380839424851988,Relics.Relic_6005.Description,Get a random rare relic.,ランダムなレアレリックを獲得する。
Relics,43380839424851987,Relics.Relic_6005.Name,Mystery Charm,謎めいたチャーム
Relics,43380839424851990,Relics.Relic_6006.Description,Get two random items which make a Hero count as having an additional class.,装備者が追加クラスを持つものとして扱われるランダムなアイテムを2個獲得する。
Relics,43380839424851989,Relics.Relic_6006.Name,Crest Windfall,紋章大当たり
Relics,43380839424851992,Relics.Relic_6007.Description,The shop shows an additional relic.,ショップに追加でレリックが1つ並ぶ。
Relics,43380839424851991,Relics.Relic_6007.Name,Relic Bazaar,レリックバザール
Relics,43380839424851994,Relics.Relic_6008.Description,Items cost [{0} fewer Shards]<shard>.,アイテムの価格が[シャード{0}個分安くなる]<shard>。
Relics,43380839424851993,Relics.Relic_6008.Name,Item Bazaar,アイテムバザール
Relics,43380839424851996,Relics.Relic_6009.Description,Gain [{0} extra Shard]<shard> per surviving Hero at end of combat.,戦闘終了時、生存ヒーロー1人につき追加で[シャードを{0}]<shard>獲得する。
Relics,43380839424851995,Relics.Relic_6009.Name,Survivor Charm,生存者のチャーム
Relics,11913064820228169,Relics.Relic_601.DataTrackingDescription,[Magic]<magic> Gained: [{0}]<datatracking>,[魔力]<magic>増加量：[{0}]<datatracking>
Relics,11913064820228168,Relics.Relic_601.Description,"After [Stall ({0}),]<stall> [Mages]<mage> permanently gain [{1} Magic]<magic>.",[忍耐（{0}）]<stall>後、[メイジ]<mage>の[魔力+{1}]<magic>（恒久）。
Relics,11913064820228167,Relics.Relic_601.Name,Mage's Enlightenment Banner,メイジの悟り旗
Relics,43380839424851998,Relics.Relic_6010.Description,"Gain [{0} Shards]<shard>.

Start with [Emergency Rewind]<shardstabilizer> unavailable.","[シャードを{0}]<shard>獲得する。

開始時、[緊急巻き戻し]<shardstabilizer>が使用不能になる。"
Relics,43380839424851997,Relics.Relic_6010.Name,All In,全賭け
Relics,47253256617844751,Relics.Relic_6011.Description,Dummy Relic! Use Relic_{0}.,ダミーレリック！ Relic_{0}を使用すること。
Relics,43380839424851999,Relics.Relic_6011.Name,DummyRelicDontUse,ダミーレリック使用禁止
Relics,43380839424852001,Relics.Relic_6012.Description,"Increase max team size by {0} (Max: {1}).

Heroes have {2} fewer item slot (Min: {3}).","チーム人数上限を{0}増加させる（最大：{1}）。

ヒーローのアイテム枠が{2}減る（最小：{3}）。"
Relics,43380839424852000,Relics.Relic_6012.Name,Quantity over Quality,質より量
Relics,43380839424852003,Relics.Relic_6013.Description,"Instantly rank up the above Hero.

Start with [{0} fewer Shards]<shard>.","上のヒーローを即座にランクアップさせる。

開始時の[シャード-{0}]<shard>。"
Relics,43380839424852002,Relics.Relic_6013.Name,Fast Track,特急昇進
Relics,43380839424852005,Relics.Relic_6014.Description,Heroes gain [{0} Omnivamp]<omnivamp>.,ヒーローの[オムニヴァンプ+{0}]<omnivamp>。
Relics,43380839424852004,Relics.Relic_6014.Name,Vampirism,吸血性
Relics,43380839424852007,Relics.Relic_6015.Description,[Emergency Rewind]<shardstabilizer> starts with [{0} more Shards]<shard>.,[緊急巻き戻し]<shardstabilizer>の初期[シャード+{0}]<shard>。
Relics,43380839424852006,Relics.Relic_6015.Name,Stability System,安定化システム
Relics,43380839424852009,Relics.Relic_6016.Description,"Heroes can equip two additional items (Max: {0}).

Max team size is decreased by {1}.","ヒーローが追加でアイテムを2個装備できる（最大：{0}）。

チーム人数上限が{1}減る。"
Relics,43380839424852008,Relics.Relic_6016.Name,Quality over Quantity,量より質
Relics,43380839424852011,Relics.Relic_6017.Description,"Heroes gain [{0}]<datatracking>% [basic stats]<basicstat>.

[Every {1} combat victories,]<bold> permanently increase the amount of [basic stats]<basicstat> by {2}%.","ヒーローの[基本ステータス]<basicstat>+[{0}]<datatracking>%。

[戦闘に{1}回勝利するごとに、]<bold>この[基本ステータス]<basicstat>増加量が恒久的に{2}%増える。"
Relics,43380839424852010,Relics.Relic_6017.Name,Legacy Charm,遺産のチャーム
Relics,43380839424852014,Relics.Relic_6018.Description,Get an item which benefits [Warriors]<warrior>.,[ウォリアー]<warrior>向けのアイテムを獲得する。
Relics,43380839424852013,Relics.Relic_6018.Name,Warrior Equipment,ウォリアー装備
Relics,43380839424852016,Relics.Relic_6019.Description,Get an item which benefits [Tanks]<tank>.,[タンク]<tank>向けのアイテムを獲得する。
Relics,43380839424852015,Relics.Relic_6019.Name,Tank Equipment,タンク装備
Relics,43380839424852018,Relics.Relic_6020.Description,Get an item which benefits [Vanguards]<vanguard>.,[ヴァンガード]<vanguard>向けのアイテムを獲得する。
Relics,43380839424852017,Relics.Relic_6020.Name,Vanguard Equipment,ヴァンガード装備
Relics,43380839424852020,Relics.Relic_6021.Description,Get an item which benefits [Assassins]<assassin>.,[アサシン]<assassin>向けのアイテムを獲得する。
Relics,43380839424852019,Relics.Relic_6021.Name,Assassin Equipment,アサシン装備
Relics,43380839424852022,Relics.Relic_6022.Description,Get an item which benefits [Duelists]<duelist>.,[デュエリスト]<duelist>向けのアイテムを獲得する。
Relics,43380839424852021,Relics.Relic_6022.Name,Duelist Equipment,デュエリスト装備
Relics,43380839424852024,Relics.Relic_6023.Description,Get an item which benefits [Mystics]<mystic>.,[ミスティック]<mystic>向けのアイテムを獲得する。
Relics,43380839424852023,Relics.Relic_6023.Name,Mystic Equipment,ミスティック装備
Relics,43380839424852026,Relics.Relic_6024.Description,Get an item which benefits [Mages]<mage>.,[メイジ]<mage>向けのアイテムを獲得する。
Relics,43380839424852025,Relics.Relic_6024.Name,Mage Equipment,メイジ装備
Relics,43380839424852028,Relics.Relic_6025.Description,Get an item which makes a Hero count as a [Warrior]<warrior> during combat.,戦闘中、ヒーローが[ウォリアー]<warrior>としても扱われるアイテムを獲得する。
Relics,43380839424852027,Relics.Relic_6025.Name,Warrior Crest,ウォリアーの紋章
Relics,43380839424852030,Relics.Relic_6026.Description,Get an item which makes a Hero count as a [Tank]<tank> during combat.,戦闘中、ヒーローが[タンク]<tank>としても扱われるアイテムを獲得する。
Relics,43380839424852029,Relics.Relic_6026.Name,Tank Crest,タンクの紋章
Relics,43380839424852032,Relics.Relic_6027.Description,Get an item which makes a Hero count as a [Vanguard]<vanguard> during combat.,戦闘中、ヒーローが[ヴァンガード]<vanguard>としても扱われるアイテムを獲得する。
Relics,43380839424852031,Relics.Relic_6027.Name,Vanguard Crest,ヴァンガードの紋章
Relics,43380839424852034,Relics.Relic_6028.Description,Get an item which makes a Hero count as an [Assassin]<assassin> during combat.,戦闘中、ヒーローが[アサシン]<assassin>としても扱われるアイテムを獲得する。
Relics,43380839424852033,Relics.Relic_6028.Name,Assassin Crest,アサシンの紋章
Relics,43380839424852036,Relics.Relic_6029.Description,Get an item which makes a Hero count as a [Duelist]<duelist> during combat.,戦闘中、ヒーローが[デュエリスト]<duelist>としても扱われるアイテムを獲得する。
Relics,43380839424852035,Relics.Relic_6029.Name,Duelist Crest,デュエリストの紋章
Relics,43380839424852038,Relics.Relic_6030.Description,Get an item which makes a Hero count as a [Mystic]<mystic> during combat.,戦闘中、ヒーローが[ミスティック]<mystic>としても扱われるアイテムを獲得する。
Relics,43380839424852037,Relics.Relic_6030.Name,Mystic Crest,ミスティックの紋章
Relics,43380839424852040,Relics.Relic_6031.Description,Get an item which makes a Hero count as a [Mage]<mage> during combat.,戦闘中、ヒーローが[メイジ]<mage>としても扱われるアイテムを獲得する。
Relics,43380839424852039,Relics.Relic_6031.Name,Mage Crest,メイジの紋章
Relics,47253256617844752,Relics.Relic_6032.Description,Get a random rare item that gives [Attack]<attack>.,[攻撃力]<attack>を付与するランダムなレアアイテムを獲得する。
Relics,43380839424852041,Relics.Relic_6032.Name,Attack Parcel,攻撃力の小包
Relics,47253256617844754,Relics.Relic_6033.Description,Get a random rare item that gives [Defense]<defense>.,[防御力]<defense>を付与するランダムなレアアイテムを獲得する。
Relics,47253256617844753,Relics.Relic_6033.Name,Defense Parcel,防御力の小包
Relics,47253256617844756,Relics.Relic_6034.Description,Get a random rare item that gives [Max HP]<maxhp>.,[最大HP]<maxhp>を付与するランダムなレアアイテムを獲得する。
Relics,47253256617844755,Relics.Relic_6034.Name,Health Parcel,体力の小包
Relics,47253256617844758,Relics.Relic_6035.Description,Get a random rare item that gives [Crit]<crit>.,[クリティカル]<crit>を付与するランダムなレアアイテムを獲得する。
Relics,47253256617844757,Relics.Relic_6035.Name,Crit Parcel,会心の小包
Relics,47253256617844760,Relics.Relic_6036.Description,Get a random rare item that gives [Attack Speed]<attackspeed>.,[攻撃速度]<attackspeed>を付与するランダムなレアアイテムを獲得する。
Relics,47253256617844759,Relics.Relic_6036.Name,Attack Speed Parcel,攻撃速度の小包
Relics,47253256617844762,Relics.Relic_6037.Description,Get a random rare item that gives [Mana Regen]<manaregen>.,[マナ回復]<manaregen>を付与するランダムなレアアイテムを獲得する。
Relics,47253256617844761,Relics.Relic_6037.Name,Mana Regen Parcel,マナ回復の小包
Relics,47253256617844764,Relics.Relic_6038.Description,Get a random rare item that gives [Magic]<magic>.,[魔力]<magic>を付与するランダムなレアアイテムを獲得する。
Relics,47253256617844763,Relics.Relic_6038.Name,Magic Parcel,魔力の小包
Relics,11913064820228171,Relics.Relic_604.Description,"After [Stall ({0} and {1}),]<stall> [Mages]<mage> gain [{2} Mana]<mana>.","[忍耐（{0}, {1}）]<stall>後、[メイジ]<mage>が[マナを{2}]<mana>獲得する。"
Relics,11913064820228170,Relics.Relic_604.Name,Mage's Serenity Banner,メイジの静穏旗
Relics,11913064820228173,Relics.Relic_621.Description,[Warriors]<warrior> gain [{0} Attack]<attack> and [{1} Crit]<crit>.,[ウォリアー]<warrior>の[攻撃力+{0}]<attack>、[クリティカル+{1}]<crit>。
Relics,11913064820228172,Relics.Relic_621.Name,Warrior's Precise Reflection,ウォリアーの精密な鏡像
Relics,11913064820228175,Relics.Relic_622.Description,[Warriors]<warrior> gain [{0} Attack]<attack> and [{1} Attack Speed]<attackspeed>.,[ウォリアー]<warrior>の[攻撃力+{0}]<attack>、[攻撃速度+{1}]<attackspeed>。
Relics,11913064820228174,Relics.Relic_622.Name,Warrior's Swift Reflection,ウォリアーの迅速な鏡像
Relics,11913064820228177,Relics.Relic_623.Description,[Tanks]<tank> gain [{0} Defense]<defense> and [{1} Magic]<magic>.,[タンク]<tank>の[防御力+{0}]<defense>、[魔力+{1}]<magic>。
Relics,11913064820228176,Relics.Relic_623.Name,Tank's Enchanted Reflection,タンクの魔法の鏡像
Relics,11913064820228179,Relics.Relic_624.Description,[Tanks]<tank> gain [{0} Defense]<defense> and [{1} Max HP]<maxhp>.,[タンク]<tank>の[防御力+{0}]<defense>、[最大HP+{1}]<maxhp>。
Relics,11913064820228178,Relics.Relic_624.Name,Tank's Vital Reflection,タンクの生命の鏡像
Relics,11913064820228181,Relics.Relic_625.Description,[Vanguards]<vanguard> gain [{0} Max HP]<maxhp> and [{1} Attack]<attack>.,[ヴァンガード]<vanguard>の[最大HP+{0}]<maxhp>、[攻撃力+{1}]<attack>。
Relics,11913064820228180,Relics.Relic_625.Name,Vanguard's Combative Reflection,ヴァンガードの闘争の鏡像
Relics,11913064820228183,Relics.Relic_626.Description,[Vanguards]<vanguard> gain [{0} Max HP]<maxhp> and [{1} Defense]<defense>.,[ヴァンガード]<vanguard>の[最大HP+{0}]<maxhp>、[防御力+{1}]<defense>。
Relics,11913064820228182,Relics.Relic_626.Name,Vanguard's Plated Reflection,ヴァンガードの装甲の鏡像
Relics,11913064820228185,Relics.Relic_627.Description,[Assassins]<assassin> gain [{0} Crit]<crit> and [{1} Attack]<attack>.,[アサシン]<assassin>の[クリティカル+{0}]<crit>、[攻撃力+{1}]<attack>。
Relics,11913064820228184,Relics.Relic_627.Name,Assassin's Combative Reflection,アサシンの闘争の鏡像
Relics,11913064820228187,Relics.Relic_628.Description,[Assassins]<assassin> gain [{0} Crit]<crit> and [{1} Magic]<magic>.,[アサシン]<assassin>の[クリティカル+{0}]<crit>、[魔力+{1}]<magic>。
Relics,11913064820228186,Relics.Relic_628.Name,Assassin's Enchanted Reflection,アサシンの魔法の鏡像
Relics,11913064820228189,Relics.Relic_629.Description,[Duelists]<duelist> gain [{0} Attack Speed]<attackspeed> and [{1} Crit]<crit>.,[デュエリスト]<duelist>の[攻撃速度+{0}]<attackspeed>、[クリティカル+{1}]<crit>。
Relics,11913064820228188,Relics.Relic_629.Name,Duelist's Precise Reflection,デュエリストの精密な鏡像
Relics,11913064820228191,Relics.Relic_630.Description,[Duelists]<duelist> gain [{0} Attack Speed]<attackspeed> and [{1} Attack]<attack>.,[デュエリスト]<duelist>の[攻撃速度+{0}]<attackspeed>、[攻撃力+{1}]<attack>。
Relics,11913064820228190,Relics.Relic_630.Name,Duelist's Combative Reflection,デュエリストの闘争の鏡像
Relics,11913064820228193,Relics.Relic_631.Description,[Mystics]<mystic> gain [{0} Mana Regen]<manaregen> and [{1} Magic]<magic>.,[ミスティック]<mystic>の[マナ回復+{0}]<manaregen>、[魔力+{1}]<magic>。
Relics,11913064820228192,Relics.Relic_631.Name,Mystic's Enchanted Reflection,ミスティックの魔法の鏡像
Relics,11913064820228195,Relics.Relic_632.Description,[Mystics]<mystic> gain [{0} Mana Regen]<manaregen> and [{1} Max HP]<maxhp>.,[ミスティック]<mystic>の[マナ回復+{0}]<manaregen>、[最大HP+{1}]<maxhp>。
Relics,11913064820228194,Relics.Relic_632.Name,Mystic's Vital Reflection,ミスティックの生命の鏡像
Relics,11913064820228197,Relics.Relic_633.Description,[Mages]<mage> gain [{0} Magic]<magic> and [{1} Crit]<crit>.,[メイジ]<mage>の[魔力+{0}]<magic>、[クリティカル+{1}]<crit>。
Relics,11913064820228196,Relics.Relic_633.Name,Mage's Precise Reflection,メイジの精密な鏡像
Relics,21745596571041795,Relics.Relic_634.Description,[Mages]<mage> gain [{0} Magic]<magic> and [{1} Mana Regen]<manaregen>.,[メイジ]<mage>の[魔力+{0}]<magic>、[マナ回復+{1}]<manaregen>。
Relics,11913064820228198,Relics.Relic_634.Name,Mage's Flowing Reflection,メイジの流動する鏡像
Relics,55668948786470912,Relics.Relic_700.Description,"At [start of combat,]<bold> inflict [{0} Poison]<poison> on all enemies.",[戦闘開始時、]<bold>敵全体に[毒を{0}]<poison>付与する。
Relics,55668948731944960,Relics.Relic_700.Name,Poison Bauble,毒の小玉
Relics,53515484534923264,Relics.Relic_7000.Description,"Whenever an enemy reaches [{0}% remaining Max HP]<maxhp>, it gains [{1} Attack Speed]<attackspeed> and [Shields]<shield> equal to [{2}% of its Max HP]<maxhp>.",敵の残りHPが[最大HPの{0}%]<maxhp>に達するたび、[攻撃速度+{1}]<attackspeed>、さらに[最大HPの{2}%]<maxhp>に等しい[シールド]<shield>を獲得する。
Relics,53515484501368832,Relics.Relic_7000.Name,Demon's Fury,悪魔の憤怒
Relics,53515484534923266,Relics.Relic_7001.Description,"At [start of combat,]<bold> enemies gain [{0} HP/S]<hp/s> per [{1} Max HP]<maxhp> they have.",[戦闘開始時、]<bold>敵は[最大HP{1}]<maxhp>につき[秒間HP回復+{0}]<hp/s>。
Relics,53515484534923265,Relics.Relic_7001.Name,Hydra's Healing,ヒュドラの治癒
Relics,53515484534923268,Relics.Relic_7002.Description,"At [start of combat,]<bold> inflict [{0}]<globaldatatracking> [Burn]<burn> on all Heroes.
On [combat victory,]<bold> permanently increase the amount of [Burn]<burn> this inflicts by {1}.","[戦闘開始時、]<bold>ヒーロー全員に[{0}]<globaldatatracking>の[炎上]<burn>を付与する。
[戦闘勝利時、]<bold>この効果の[炎上]<burn>付与量が恒久的に{1}増える。"
Relics,53515484534923267,Relics.Relic_7002.Name,Fire Dragon's Flame,ファイアドラゴンの炎
Relics,53515484534923270,Relics.Relic_7003.Description,"At [start of combat,]<bold> inflict [{0}]<globaldatatracking> [Frost]<frost> on all Heroes.
On [combat victory,]<bold> permanently increase the amount of [Frost]<frost> this inflicts by {1}.","[戦闘開始時、]<bold>ヒーロー全員に[{0}]<globaldatatracking>の[凍気]<frost>を付与する。
[戦闘勝利時、]<bold>この効果の[凍気]<frost>付与量が恒久的に{1}増える。"
Relics,53515484534923269,Relics.Relic_7003.Name,Frost Dragon's Chill,フロストドラゴンの冷気
Relics,53515484534923272,Relics.Relic_7004.Description,"At [start of combat,]<bold> inflict [{0}]<globaldatatracking> [Poison]<poison> on all Heroes.
On [combat victory,]<bold> permanently increase the amount of [Poison]<poison> this inflicts by {1}.","[戦闘開始時、]<bold>ヒーロー全員に[{0}]<globaldatatracking>の[毒]<poison>を付与する。
[戦闘勝利時、]<bold>この効果の[毒]<poison>付与量が恒久的に{1}増える。"
Relics,53515484534923271,Relics.Relic_7004.Name,Poison Dragon's Venom,ポイズンドラゴンの猛毒
Relics,55668948786470913,Relics.Relic_701.Name,Poison Accumulator,毒蓄積器
Relics,65024501166505984,Relics.Relic_701.QuestDescription,Inflict [{0} Poison]<poison>.,[毒を合計{0}]<poison>付与する。
Relics,65024501187477504,Relics.Relic_701.QuestRewardDescription,Gain [{0} Shards]<shard>.,[シャードを{0}]<shard>獲得する。
Relics,55668948786470915,Relics.Relic_702.Description,"At [start of combat,]<bold> inflict [{0} Frost]<frost> on all enemies.",[戦闘開始時、]<bold>敵全体に[凍気を{0}]<frost>付与する。
Relics,55668948786470914,Relics.Relic_702.Name,Frost Bauble,凍気の小玉
Relics,55668948786470916,Relics.Relic_703.Name,Frost Accumulator,凍気蓄積器
Relics,65024501187477505,Relics.Relic_703.QuestDescription,Inflict [{0} Frost]<frost>.,[凍気を合計{0}]<frost>付与する。
Relics,65024501187477506,Relics.Relic_703.QuestRewardDescription,Gain [{0} Shards]<shard>.,[シャードを{0}]<shard>獲得する。
Relics,55668948786470918,Relics.Relic_704.Description,"At [start of combat,]<bold> inflict [{0} Burn]<burn> on all enemies.",[戦闘開始時、]<bold>敵全体に[炎上を{0}]<burn>付与する。
Relics,55668948786470917,Relics.Relic_704.Name,Burn Bauble,炎上の小玉
Relics,55668948786470919,Relics.Relic_705.Name,Burn Accumulator,炎上蓄積器
Relics,65024501187477507,Relics.Relic_705.QuestDescription,Inflict [{0} Burn]<burn>.,[炎上を合計{0}]<burn>付与する。
Relics,65024501187477508,Relics.Relic_705.QuestRewardDescription,Gain [{0} Shards]<shard>.,[シャードを{0}]<shard>獲得する。
Relics,55668948786470921,Relics.Relic_706.Description,"At [start of combat,]<bold> inflict [{0} Poison]<poison>, [{1} Frost]<frost>, and [{2} Burn]<burn> on all enemies.",[戦闘開始時、]<bold>敵全体に[毒を{0}]<poison>、[凍気を{1}]<frost>、[炎上を{2}]<burn>付与する。
Relics,55668948786470920,Relics.Relic_706.Name,Plague Bauble,疫病の小玉
Relics,55668948786470922,Relics.Relic_707.Name,Plague Collector,疫病収集器
Relics,65024501187477509,Relics.Relic_707.QuestDescription,Inflict [{0} Debuffs]<debuff>.,[デバフを合計{0}]<debuff>付与する。
Relics,65024501187477510,Relics.Relic_707.QuestRewardDescription,Gain [{0} Shards]<shard>.,[シャードを{0}]<shard>獲得する。
Relics,55668948786470924,Relics.Relic_708.Description,Heroes gain [{0} Crit]<crit> and [{1} Mana Regen]<manaregen> while [Shielded]<shield>.,[シールド]<shield>を持つ間、ヒーローの[クリティカル+{0}]<crit>、[マナ回復+{1}]<manaregen>。
Relics,55668948786470923,Relics.Relic_708.Name,Shield Fluctuator,シールド変動器
Relics,55668948786470926,Relics.Relic_709.Description,"At [start of combat,]<bold> heroes gain [{0}]<shield> [lasting]<lasting> [Shields]<shield>.",[戦闘開始時、]<bold>ヒーローが[{0}]<shield>の[永続]<lasting>[シールド]<shield>を獲得する。
Relics,55668948786470925,Relics.Relic_709.Name,Shield Bauble,シールドの小玉
Relics,55668948786470927,Relics.Relic_710.Name,Shield Accumulator,シールド蓄積器
Relics,65024501187477511,Relics.Relic_710.QuestDescription,Apply [{0} Shields]<shield>.,[シールドを合計{0}]<shield>付与する。
Relics,65024501187477512,Relics.Relic_710.QuestRewardDescription,Gain [{0} Shards]<shard>.,[シャードを{0}]<shard>獲得する。
Relics,55668948786470929,Relics.Relic_711.Description,"On [Rush]<rush> [trigger,]<bold> give Heroes [{0} Attack Speed]<attackspeed> and [{1} Attack]<attack>.",[速攻]<rush>[発動時、]<bold>ヒーローの[攻撃速度+{0}]<attackspeed>、[攻撃力+{1}]<attack>。
Relics,55668948786470928,Relics.Relic_711.Name,Acceleration Fluctuator,加速変動器
Relics,55668948786470931,Relics.Relic_712.Description,"On [Rush]<rush> [trigger,]<bold> Heroes gain [{0} Shields]<shield>.",[速攻]<rush>[発動時、]<bold>ヒーローが[シールドを{0}]<shield>獲得する。
Relics,55668948786470930,Relics.Relic_712.Name,Acceleration Resonator,加速共鳴器
Relics,55668948786470932,Relics.Relic_713.Name,Acceleration Accumulator,加速蓄積器
Relics,65024501187477513,Relics.Relic_713.QuestDescription,Trigger [Rush]<rush> {0} times.,[速攻]<rush>を{0}回発動する。
Relics,65024501187477514,Relics.Relic_713.QuestRewardDescription,[Rush]<rush> abilities last {0} second longer.,[速攻]<rush>アビリティの持続時間が{0}秒延びる。
Relics,55668948786470934,Relics.Relic_714.Description,[On]<bold> [Stall]<stall> [Trigger:]<bold> Heroes gain [{0} Attack Speed]<attackspeed> and [{1} Magic]<magic>.,[忍耐]<stall>[発動]<bold>[時：]<bold>ヒーローの[攻撃速度+{0}]<attackspeed>、[魔力+{1}]<magic>。
Relics,55668948786470933,Relics.Relic_714.Name,Deceleration Fluctuator,減速変動器
Relics,55668948786470936,Relics.Relic_715.Description,"On [Stall]<stall> [trigger,]<bold> Heroes [heal {0}]<heal>.",[忍耐]<stall>[発動時、]<bold>ヒーローが[HPを{0}回復]<heal>する。
Relics,55668948786470935,Relics.Relic_715.Name,Deceleration Resonator,減速共鳴器
Relics,55668948786470937,Relics.Relic_716.Name,Deceleration Accumulator,減速蓄積器
Relics,65024501187477515,Relics.Relic_716.QuestDescription,Trigger [Stall]<stall> {0} times.,[忍耐]<stall>を{0}回発動する。
Relics,65024501187477516,Relics.Relic_716.QuestRewardDescription,[Stall]<stall> abilities trigger {0} seconds faster.,[忍耐]<stall>アビリティの発動が{0}秒早まる。
Relics,55668948786470939,Relics.Relic_717.Description,"On [Shards]<shard> [generated,]<generate> deal [{0} damage]<damage> to all enemies.",[シャード]<shard>[生成時、]<generate>敵全体に[{0}ダメージ]<damage>を与える。
Relics,55668948786470938,Relics.Relic_717.Name,Shard Fluctuator,シャード変動器
Relics,55668948786470941,Relics.Relic_718.Description,"On [Shards]<shard> [generated,]<generate> Heroes gain [{0} Shields]<shield>.",[シャード]<shard>[生成時、]<generate>ヒーローが[シールドを{0}]<shield>獲得する。
Relics,55668948786470940,Relics.Relic_718.Name,Shard Resonator,シャード共鳴器
Relics,55668948786470942,Relics.Relic_719.Name,Shard Accumulator,シャード蓄積器
Relics,65024501187477517,Relics.Relic_719.QuestDescription,[Generate]<generate> [{0} Shards]<shards>.,[シャードを{0}]<shards>[生成する]<generate>。
Relics,65024501187477518,Relics.Relic_719.QuestRewardDescription,"At [start of combat,]<bold> gain [{0} Shards]<shard>.",[戦闘開始時、]<bold>[シャードを{0}]<shard>獲得する。
Relics,56372191401336832,Relics.Relic_720.Description,Gain [{0} Shards]<shard>.,[シャードを{0}]<shard>獲得する。
Relics,56372191359393792,Relics.Relic_720.Name,Starter Kit: Instant Shards,スターターキット：即時シャード
Relics,56372191401336838,Relics.Relic_723.Description,"For [Combat #{0} and Combat #{1},]<bold> earn [{2} extra Shards]<shard> per surviving Hero at end of combat.",[戦闘#{0}と戦闘#{1}では、]<bold>戦闘終了時の生存ヒーロー1人につき追加で[シャードを{2}]<shard>獲得する。
Relics,56372191401336837,Relics.Relic_723.Name,Starter Kit: Temporary Shard Boost,スターターキット：短期シャード増加
Relics,56372191401336840,Relics.Relic_724.Description,"[Until the Act Boss,]<bold> earn [{0} extra Shard]<shard> per surviving Hero at end of combat.",[アクトボスまで、]<bold>戦闘終了時の生存ヒーロー1人につき追加で[シャードを{0}]<shard>獲得する。
Relics,56372191401336839,Relics.Relic_724.Name,Starter Kit: Sustained Shard Boost,スターターキット：継続シャード増加
Relics,56372191401336842,Relics.Relic_725.Description,Get a rare item which gives [Attack]<attack> to the holder.,装備者の[攻撃力]<attack>を増加させるレアアイテムを獲得する。
Relics,56372191401336841,Relics.Relic_725.Name,Starter Kit: Instant Rare Attack Item,スターターキット：攻撃力レアアイテム
Relics,56372191401336844,Relics.Relic_726.Description,Get a rare item which gives [Max HP]<maxhp> to the holder.,装備者の[最大HP]<maxhp>を増加させるレアアイテムを獲得する。
Relics,56372191401336843,Relics.Relic_726.Name,Starter Kit: Instant Rare Max HP Item,スターターキット：最大HPレアアイテム
Relics,56372191401336846,Relics.Relic_727.Description,Get a rare item which gives [Defense]<defense> to the holder.,装備者の[防御力]<defense>を増加させるレアアイテムを獲得する。
Relics,56372191401336845,Relics.Relic_727.Name,Starter Kit: Instant Rare Defense Item,スターターキット：防御力レアアイテム
Relics,56372191401336848,Relics.Relic_728.Description,Get a rare item which gives [Crit]<crit> to the holder.,装備者の[クリティカル]<crit>を増加させるレアアイテムを獲得する。
Relics,56372191401336847,Relics.Relic_728.Name,Starter Kit: Instant Rare Crit Item,スターターキット：会心レアアイテム
Relics,56372191401336850,Relics.Relic_729.Description,Get a rare item which gives [Attack Speed]<attackspeed> to the holder.,装備者の[攻撃速度]<attackspeed>を増加させるレアアイテムを獲得する。
Relics,56372191401336849,Relics.Relic_729.Name,Starter Kit: Instant Rare Attack Speed Item,スターターキット：攻撃速度レアアイテム
Relics,56372191401336852,Relics.Relic_730.Description,Get a rare item which gives [Mana Regen]<manaregen> to the holder.,装備者の[マナ回復]<manaregen>を増加させるレアアイテムを獲得する。
Relics,56372191401336851,Relics.Relic_730.Name,Starter Kit: Instant Rare Mana Regen Item,スターターキット：マナ回復レアアイテム
Relics,56372191401336854,Relics.Relic_731.Description,Get a rare item which gives [Magic]<magic> to the holder.,装備者の[魔力]<magic>を増加させるレアアイテムを獲得する。
Relics,56372191401336853,Relics.Relic_731.Name,Starter Kit: Instant Rare Magic Item,スターターキット：魔力レアアイテム
Relics,56372191401336860,Relics.Relic_734.Description,"Until [Combat #{0}]<bold>, items cost {1} less.",[戦闘#{0}]<bold>まで、アイテム価格が{1}減る。
Relics,56372191401336859,Relics.Relic_734.Name,Starter Kit: Temporary Item Discount,スターターキット：短期アイテム割引
Relics,56372191401336864,Relics.Relic_736.Description,A Hero permanently gained [{0} Attack]<attack>.,ヒーローひとりの[攻撃力+{0}]<attack>（恒久）。
Relics,56372191401336863,Relics.Relic_736.Name,Starter Kit: Instant Attack Boost,スターターキット：攻撃力即時強化
Relics,56372191401336866,Relics.Relic_737.Description,A Hero permanently gained [{0} Max HP]<maxhp>.,ヒーローひとりの[最大HP+{0}]<maxhp>（恒久）。
Relics,56372191401336865,Relics.Relic_737.Name,Starter Kit: Instant Max HP Boost,スターターキット：最大HP即時強化
Relics,56372191401336868,Relics.Relic_738.Description,A Hero permanently gained [{0} Defense]<defense>.,ヒーローひとりの[防御力+{0}]<defense>（恒久）。
Relics,56372191401336867,Relics.Relic_738.Name,Starter Kit: Instant Defense Boost,スターターキット：防御力即時強化
Relics,56372191401336870,Relics.Relic_739.Description,A Hero permanently gained [{0} Crit]<crit>.,ヒーローひとりの[クリティカル+{0}]<crit>（恒久）。
Relics,56372191401336869,Relics.Relic_739.Name,Starter Kit: Instant Crit Boost,スターターキット：会心即時強化
Relics,56372191401336872,Relics.Relic_740.Description,A Hero permanently gained [{0} Attack Speed]<attackspeed>.,ヒーローひとりの[攻撃速度+{0}]<attackspeed>（恒久）。
Relics,56372191401336871,Relics.Relic_740.Name,Starter Kit: Instant Attack Speed Boost,スターターキット：攻撃速度即時強化
Relics,56372191401336874,Relics.Relic_741.Description,A Hero permanently gained [{0} Mana Regen]<manaregen>.,ヒーローひとりの[マナ回復+{0}]<manaregen>（恒久）。
Relics,56372191401336873,Relics.Relic_741.Name,Starter Kit: Instant Mana Regen Boost,スターターキット：マナ回復即時強化
Relics,56372191401336876,Relics.Relic_742.Description,A Hero permanently gained [{0} Magic]<magic>.,ヒーローひとりの[魔力+{0}]<magic>（恒久）。
Relics,56372191401336875,Relics.Relic_742.Name,Starter Kit: Instant Magic Boost,スターターキット：魔力即時強化
Relics,56372191405531150,Relics.Relic_757.Description,"At the start of [Combat #{0} and Combat #{1},]<bold> Heroes permanently gain [{2} Attack]<attack>.",[戦闘#{0}と戦闘#{1}の開始時、]<bold>ヒーローの[攻撃力+{2}]<attack>（恒久）。
Relics,56372191405531149,Relics.Relic_757.Name,Starter Kit: Temporary Attack Growth,スターターキット：短期攻撃力成長
Relics,56372191405531152,Relics.Relic_758.Description,"At the start of [Combat #{0} and Combat #{1},]<bold> Heroes permanently gain [{2} Max HP]<maxhp>.",[戦闘#{0}と戦闘#{1}の開始時、]<bold>ヒーローの[最大HP+{2}]<maxhp>（恒久）。
Relics,56372191405531151,Relics.Relic_758.Name,Starter Kit: Temporary Max HP Growth,スターターキット：短期最大HP成長
Relics,56372191405531154,Relics.Relic_759.Description,"At the start of [Combat #{0} and Combat #{1},]<bold> Heroes permanently gain [{2} Defense]<defense>.",[戦闘#{0}と戦闘#{1}の開始時、]<bold>ヒーローの[防御力+{2}]<defense>（恒久）。
Relics,56372191405531153,Relics.Relic_759.Name,Starter Kit: Temporary Defense Growth,スターターキット：短期防御力成長
Relics,56372191405531156,Relics.Relic_760.Description,"At the start of [Combat #{0} and Combat #{1},]<bold> Heroes permanently gain [{2} Crit]<crit>.",[戦闘#{0}と戦闘#{1}の開始時、]<bold>ヒーローの[クリティカル+{2}]<crit>（恒久）。
Relics,56372191405531155,Relics.Relic_760.Name,Starter Kit: Temporary Crit Growth,スターターキット：短期会心成長
Relics,56372191405531158,Relics.Relic_761.Description,"At the start of [Combat #{0} and Combat #{1},]<bold> Heroes permanently gain [{2} Attack Speed]<attackspeed>.",[戦闘#{0}と戦闘#{1}の開始時、]<bold>ヒーローの[攻撃速度+{2}]<attackspeed>（恒久）。
Relics,56372191405531157,Relics.Relic_761.Name,Starter Kit: Temporary Attack Speed Growth,スターターキット：短期攻撃速度成長
Relics,56372191405531160,Relics.Relic_762.Description,"At the start of [Combat #{0} and Combat #{1},]<bold> Heroes permanently gain [{2} Mana Regen]<manaregen>.",[戦闘#{0}と戦闘#{1}の開始時、]<bold>ヒーローの[マナ回復+{2}]<manaregen>（恒久）。
Relics,56372191405531159,Relics.Relic_762.Name,Starter Kit: Temporary Mana Regen Growth,スターターキット：短期マナ回復成長
Relics,56372191405531162,Relics.Relic_763.Description,"At the start of [Combat #{0} and Combat #{1},]<bold> Heroes permanently gain [{2} Magic]<magic>.",[戦闘#{0}と戦闘#{1}の開始時、]<bold>ヒーローの[魔力+{2}]<magic>（恒久）。
Relics,56372191405531161,Relics.Relic_763.Name,Starter Kit: Temporary Magic Growth,スターターキット：短期魔力成長
Relics,56372191405531164,Relics.Relic_764.Description,"[Until the Act Boss,]<bold> Heroes gain [{0} Attack]<attack>.",[アクトボスまで、]<bold>ヒーローの[攻撃力+{0}]<attack>。
Relics,56372191405531163,Relics.Relic_764.Name,Starter Kit: Sustained Attack,スターターキット：継続攻撃力
Relics,56392648821301261,Relics.Relic_771.Description,"[Until the Act Boss,]<bold> Heroes can equip an additional item (Max: {0}).",[アクトボスまで、]<bold>ヒーローが追加でアイテムを1個装備できる（最大：{0}）。
Relics,56392648821301260,Relics.Relic_771.Name,Starter Kit: Sustained Item Expansion,スターターキット：継続装備枠拡張
Relics,56433649816428545,Relics.Relic_777.Description,"[Until the Act Boss,]<bold> Heroes gain [{0} Max HP]<maxhp>.",[アクトボスまで、]<bold>ヒーローの[最大HP+{0}]<maxhp>。
Relics,56433649816428544,Relics.Relic_777.Name,Starter Kit: Sustained Max HP,スターターキット：継続最大HP
Relics,56433649816428547,Relics.Relic_778.Description,"[Until the Act Boss,]<bold> Heroes gain [{0} Defense]<defense>.",[アクトボスまで、]<bold>ヒーローの[防御力+{0}]<defense>。
Relics,56433649816428546,Relics.Relic_778.Name,Starter Kit: Sustained Defense,スターターキット：継続防御力
Relics,56433649816428549,Relics.Relic_779.Description,"[Until the Act Boss,]<bold> Heroes gain [{0} Crit]<crit>.",[アクトボスまで、]<bold>ヒーローの[クリティカル+{0}]<crit>。
Relics,56433649816428548,Relics.Relic_779.Name,Starter Kit: Sustained Crit,スターターキット：継続会心
Relics,56433649816428551,Relics.Relic_780.Description,"[Until the Act Boss,]<bold> Heroes gain [{0} Attack Speed]<attackspeed>.",[アクトボスまで、]<bold>ヒーローの[攻撃速度+{0}]<attackspeed>。
Relics,56433649816428550,Relics.Relic_780.Name,Starter Kit: Sustained Attack Speed,スターターキット：継続攻撃速度
Relics,56433649816428553,Relics.Relic_781.Description,"[Until the Act Boss,]<bold> Heroes gain [{0} Mana Regen]<manaregen>.",[アクトボスまで、]<bold>ヒーローの[マナ回復+{0}]<manaregen>。
Relics,56433649816428552,Relics.Relic_781.Name,Starter Kit: Sustained Mana Regen,スターターキット：継続マナ回復
Relics,56433649816428555,Relics.Relic_782.Description,"[Until the Act Boss,]<bold> Heroes gain [{0} Magic]<magic>",[アクトボスまで、]<bold>ヒーローの[魔力+{0}]<magic>
Relics,56433649816428554,Relics.Relic_782.Name,Starter Kit: Sustained Magic,スターターキット：継続魔力
Relics,60388966593978368,Relics.Relic_783.Description,Heroes lose [{1} Attack]<attack>.,ヒーローの[攻撃力-{1}]<attack>。
Relics,60388966585589760,Relics.Relic_783.Name,Strange Blue Fruit: Attack Drained,奇妙な青い果実：攻撃力減少
Relics,60388966593978370,Relics.Relic_784.Description,Heroes lose [{1} Max HP]<maxhp>.,ヒーローの[最大HP-{1}]<maxhp>。
Relics,60388966593978369,Relics.Relic_784.Name,Strange Blue Fruit: Max HP Drained,奇妙な青い果実：最大HP減少
Relics,60388966593978372,Relics.Relic_785.Description,Heroes lose [{1} Defense]<defense>.,ヒーローの[防御力-{1}]<defense>。
Relics,60388966593978371,Relics.Relic_785.Name,Strange Blue Fruit: Defense Drained,奇妙な青い果実：防御力減少
Relics,60388966593978374,Relics.Relic_786.Description,Heroes lose [{1} Crit]<crit>.,ヒーローの[クリティカル-{1}]<crit>。
Relics,60388966593978373,Relics.Relic_786.Name,Strange Blue Fruit: Crit Drained,奇妙な青い果実：クリティカル減少
Relics,60388966593978376,Relics.Relic_787.Description,Heroes lose [{1} Attack Speed]<attackspeed>.,ヒーローの[攻撃速度-{1}]<attackspeed>。
Relics,60388966593978375,Relics.Relic_787.Name,Strange Blue Fruit: Attack Speed Drained,奇妙な青い果実：攻撃速度減少
Relics,60388966593978378,Relics.Relic_788.Description,Heroes lose [{1} Mana Regen]<manaregen>.,ヒーローの[マナ回復-{1}]<manaregen>。
Relics,60388966593978377,Relics.Relic_788.Name,Strange Blue Fruit: Mana Regen Drained,奇妙な青い果実：マナ回復減少
Relics,60388966593978380,Relics.Relic_789.Description,Heroes lose [{1} Magic]<magic>,ヒーローの[魔力-{1}]<magic>
Relics,60388966593978379,Relics.Relic_789.Name,Strange Blue Fruit: Magic Drained,奇妙な青い果実：魔力減少
Relics,60388966593978382,Relics.Relic_790.Description,Heroes gain [{1} Attack]<attack>.,ヒーローの[攻撃力+{1}]<attack>。
Relics,60388966593978381,Relics.Relic_790.Name,Strange Red Fruit: Attack Boost,奇妙な赤い果実：攻撃力強化
Relics,60388966593978384,Relics.Relic_791.Description,Heroes gain [{1} Max HP]<maxhp>.,ヒーローの[最大HP+{1}]<maxhp>。
Relics,60388966593978383,Relics.Relic_791.Name,Strange Red Fruit: Max HP Boost,奇妙な赤い果実：最大HP強化
Relics,60388966593978386,Relics.Relic_792.Description,Heroes gain [{1} Defense]<defense>.,ヒーローの[防御力+{1}]<defense>。
Relics,60388966593978385,Relics.Relic_792.Name,Strange Red Fruit: Defense Boost,奇妙な赤い果実：防御力強化
Relics,60388966593978388,Relics.Relic_793.Description,Heroes gain [{1} Crit]<crit>.,ヒーローの[クリティカル+{1}]<crit>。
Relics,60388966593978387,Relics.Relic_793.Name,Strange Red Fruit: Crit Boost,奇妙な赤い果実：クリティカル強化
Relics,60388966593978390,Relics.Relic_794.Description,Heroes gain [{1} Attack Speed]<attackspeed>.,ヒーローの[攻撃速度+{1}]<attackspeed>。
Relics,60388966593978389,Relics.Relic_794.Name,Strange Red Fruit: Attack Speed Boost,奇妙な赤い果実：攻撃速度強化
Relics,60388966593978392,Relics.Relic_795.Description,Heroes gain [{1} Mana Regen]<manaregen>.,ヒーローの[マナ回復+{1}]<manaregen>。
Relics,60388966593978391,Relics.Relic_795.Name,Strange Red Fruit: Mana Regen Boost,奇妙な赤い果実：マナ回復強化
Relics,60388966593978394,Relics.Relic_796.Description,Heroes gain [{1} Magic]<magic>.,ヒーローの[魔力+{1}]<magic>。
Relics,60388966593978393,Relics.Relic_796.Name,Strange Red Fruit: Magic Boost,奇妙な赤い果実：魔力強化
Relics,60436082129362945,Relics.Relic_797.Description,Heroes gain [{0}% basic stats]<basicstat>.,ヒーローの[基本ステータス+{0}%]<basicstat>。
Relics,60436082129362944,Relics.Relic_797.Name,Power of the Well,井戸の力
Relics,60439820575432705,Relics.Relic_798.Description,"At [start of combat,]<bold> Heroes take damage equal to [{0}% of their Max HP]<maxhp>.",[戦闘開始時、]<bold>ヒーローが[最大HPの{0}%]<maxhp>に等しいダメージを受ける。
Relics,60439820575432704,Relics.Relic_798.Name,Debt,借金
Relics,62493966749130752,Relics.Relic_799.Description,Heroes gain [{0} Max HP]<maxhp>.,ヒーローの[最大HP+{0}]<maxhp>。
Relics,62493966677827584,Relics.Relic_799.Name,Strange Yellow Fruit,奇妙な黄色い果実
Relics,66474939157307392,Relics.Relic_900.Description,Enemies gain [{0}% basic stats]<basicstat>.,敵の[基本ステータス+{0}%]<basicstat>。
Relics,66474939090198528,Relics.Relic_900.Name,The Red Rift,レッドリフト
RunEndSummary,898717319293,UI.EndScreen.Titles.Aegis,{0:choose(Feminine|Masculine|Neutral):The Aegis|The Aegis|The Aegis},{0:choose(Feminine|Masculine|Neutral):イージス|イージス|イージス}
RunEndSummary,898717319296,UI.EndScreen.Titles.Aegis.Mage,{0:choose(Feminine|Masculine|Neutral):The Bubble|The Bubble|The Bubble},{0:choose(Feminine|Masculine|Neutral):泡の守り|泡の守り|泡の守り}
RunEndSummary,898717319295,UI.EndScreen.Titles.Aegis.Mystic,{0:choose(Feminine|Masculine|Neutral):The Warden|The Warden|The Warden},{0:choose(Feminine|Masculine|Neutral):結界守|結界守|結界守}
RunEndSummary,898717319294,UI.EndScreen.Titles.Aegis.Tank,{0:choose(Feminine|Masculine|Neutral):The Iron Sky|The Iron Sky|The Iron Sky},{0:choose(Feminine|Masculine|Neutral):鉄の天蓋|鉄の天蓋|鉄の天蓋}
RunEndSummary,898717319267,UI.EndScreen.Titles.Alchemist,{0:choose(Feminine|Masculine|Neutral):The Alchemist|The Alchemist|The Alchemist},{0:choose(Feminine|Masculine|Neutral):錬金術師|錬金術師|錬金術師}
RunEndSummary,898717319269,UI.EndScreen.Titles.Alchemist.Assassin,{0:choose(Feminine|Masculine|Neutral):The Apothecary|The Apothecary|The Apothecary},{0:choose(Feminine|Masculine|Neutral):薬師|薬師|薬師}
RunEndSummary,898717319270,UI.EndScreen.Titles.Alchemist.Mage,{0:choose(Feminine|Masculine|Neutral):The Elementalist|The Elementalist|The Elementalist},{0:choose(Feminine|Masculine|Neutral):元素術師|元素術師|元素術師}
RunEndSummary,898717319268,UI.EndScreen.Titles.Alchemist.Tank,{0:choose(Feminine|Masculine|Neutral):The Mixer|The Mixer|The Mixer},{0:choose(Feminine|Masculine|Neutral):調合師|調合師|調合師}
RunEndSummary,898717319229,UI.EndScreen.Titles.Arcanist,{0:choose(Feminine|Masculine|Neutral):The Arcanist|The Arcanist|The Arcanist},{0:choose(Feminine|Masculine|Neutral):秘術師|秘術師|秘術師}
RunEndSummary,898717319230,UI.EndScreen.Titles.Arcanist.Assassin,{0:choose(Feminine|Masculine|Neutral):The Burst|The Burst|The Burst},{0:choose(Feminine|Masculine|Neutral):爆ぜる者|爆ぜる者|爆ぜる者}
RunEndSummary,898717319232,UI.EndScreen.Titles.Arcanist.Mage,{0:choose(Feminine|Masculine|Neutral):The Big Bang|The Big Bang|The Big Bang},{0:choose(Feminine|Masculine|Neutral):ビッグバン|ビッグバン|ビッグバン}
RunEndSummary,898717319231,UI.EndScreen.Titles.Arcanist.Mystic,{0:choose(Feminine|Masculine|Neutral):The Revelation|The Revelation|The Revelation},{0:choose(Feminine|Masculine|Neutral):啓示|啓示|啓示}
RunEndSummary,898717319190,UI.EndScreen.Titles.BattleMage,{0:choose(Feminine|Masculine|Neutral):The Battlemage|The Battlemage|The Battlemage},{0:choose(Feminine|Masculine|Neutral):魔闘士|魔闘士|魔闘士}
RunEndSummary,898717319191,UI.EndScreen.Titles.BattleMage.Assassin,{0:choose(Feminine|Masculine|Neutral):The Arcane Edge|The Arcane Edge|The Arcane Edge},{0:choose(Feminine|Masculine|Neutral):秘術の刃|秘術の刃|秘術の刃}
RunEndSummary,898717319192,UI.EndScreen.Titles.BattleMage.Duelist,{0:choose(Feminine|Masculine|Neutral):The Spellblade|The Spellblade|The Spellblade},{0:choose(Feminine|Masculine|Neutral):魔法剣士|魔法剣士|魔法剣士}
RunEndSummary,898717319193,UI.EndScreen.Titles.BattleMage.Mage,{0:choose(Feminine|Masculine|Neutral):The Stormcaller|The Stormcaller|The Stormcaller},{0:choose(Feminine|Masculine|Neutral):嵐を呼ぶ者|嵐を呼ぶ者|嵐を呼ぶ者}
RunEndSummary,898717319353,UI.EndScreen.Titles.Blessed,{0:choose(Feminine|Masculine|Neutral):The Blessed|The Blessed|The Blessed},{0:choose(Feminine|Masculine|Neutral):恩寵を受けし者|恩寵を受けし者|恩寵を受けし者}
RunEndSummary,898717319356,UI.EndScreen.Titles.Blessed.Duelist,{0:choose(Feminine|Masculine|Neutral):The lucky|The lucky|The lucky},{0:choose(Feminine|Masculine|Neutral):幸運児|幸運児|幸運児}
RunEndSummary,898717319355,UI.EndScreen.Titles.Blessed.Vanguard,{0:choose(Feminine|Masculine|Neutral):The Survivor|The Survivor|The Survivor},{0:choose(Feminine|Masculine|Neutral):生存者|生存者|生存者}
RunEndSummary,898717319354,UI.EndScreen.Titles.Blessed.Warrior,{0:choose(Feminine|Masculine|Neutral):The Stubborn|The Stubborn|The Stubborn},{0:choose(Feminine|Masculine|Neutral):頑固者|頑固者|頑固者}
RunEndSummary,898717319317,UI.EndScreen.Titles.BuffMachine,{0:choose(Feminine|Masculine|Neutral):The Buff Machine|The Buff Machine|The Buff Machine},{0:choose(Feminine|Masculine|Neutral):バフ製造機|バフ製造機|バフ製造機}
RunEndSummary,898717319319,UI.EndScreen.Titles.BuffMachine.Mage,{0:choose(Feminine|Masculine|Neutral):The Conjurer|The Conjurer|The Conjurer},{0:choose(Feminine|Masculine|Neutral):召喚術師|召喚術師|召喚術師}
RunEndSummary,898717319318,UI.EndScreen.Titles.BuffMachine.Mystic,{0:choose(Feminine|Masculine|Neutral):The Boon-Giver|The Boon-Giver|The Boon-Giver},{0:choose(Feminine|Masculine|Neutral):恩恵を授ける者|恩恵を授ける者|恩恵を授ける者}
RunEndSummary,898717319289,UI.EndScreen.Titles.Bulwark,{0:choose(Feminine|Masculine|Neutral):The Bulwark|The Bulwark|The Bulwark},{0:choose(Feminine|Masculine|Neutral):大盾|大盾|大盾}
RunEndSummary,898717319291,UI.EndScreen.Titles.Bulwark.Tank,{0:choose(Feminine|Masculine|Neutral):The Fortress|The Fortress|The Fortress},{0:choose(Feminine|Masculine|Neutral):要塞|要塞|要塞}
RunEndSummary,898717319292,UI.EndScreen.Titles.Bulwark.Vanguard,{0:choose(Feminine|Masculine|Neutral):The Outpost|The Outpost|The Outpost},{0:choose(Feminine|Masculine|Neutral):前哨基地|前哨基地|前哨基地}
RunEndSummary,898717319290,UI.EndScreen.Titles.Bulwark.Warrior,{0:choose(Feminine|Masculine|Neutral):The Veteran|The Veteran|The Veteran},{0:choose(Feminine|Masculine|Neutral):古参|古参|古参}
RunEndSummary,898717319179,UI.EndScreen.Titles.BurningKnight,{0:choose(Feminine|Masculine|Neutral):The Burning Knight|The Burning Knight|The Burning Knight},{0:choose(Feminine|Masculine|Neutral):炎の騎士|炎の騎士|炎の騎士}
RunEndSummary,898717319182,UI.EndScreen.Titles.BurningKnight.Mage,{0:choose(Feminine|Masculine|Neutral):The Inferno Caster|The Inferno Caster|The Inferno Caster},{0:choose(Feminine|Masculine|Neutral):業火の術師|業火の術師|業火の術師}
RunEndSummary,898717319180,UI.EndScreen.Titles.BurningKnight.Tank,{0:choose(Feminine|Masculine|Neutral):The Smoldering Wall|The Smoldering Wall|The Smoldering Wall},{0:choose(Feminine|Masculine|Neutral):燻る壁|燻る壁|燻る壁}
RunEndSummary,898717319181,UI.EndScreen.Titles.BurningKnight.Vanguard,{0:choose(Feminine|Masculine|Neutral):The Phoenix Charger|The Phoenix Charger|The Phoenix Charger},{0:choose(Feminine|Masculine|Neutral):不死鳥の突撃手|不死鳥の突撃手|不死鳥の突撃手}
RunEndSummary,898717319237,UI.EndScreen.Titles.Channeler,{0:choose(Feminine|Masculine|Neutral):The Channeler|The Channeler|The Channeler},{0:choose(Feminine|Masculine|Neutral):導師|導師|導師}
RunEndSummary,898717319240,UI.EndScreen.Titles.Channeler.Mage,{0:choose(Feminine|Masculine|Neutral):The Verbose|The Verbose|The Verbose},{0:choose(Feminine|Masculine|Neutral):饒舌なる者|饒舌なる者|饒舌なる者}
RunEndSummary,898717319239,UI.EndScreen.Titles.Channeler.Mystic,{0:choose(Feminine|Masculine|Neutral):The Devout|The Devout|The Devout},{0:choose(Feminine|Masculine|Neutral):敬虔なる者|敬虔なる者|敬虔なる者}
RunEndSummary,898717319238,UI.EndScreen.Titles.Channeler.Warrior,{0:choose(Feminine|Masculine|Neutral):The Convert|The Convert|The Convert},{0:choose(Feminine|Masculine|Neutral):改宗者|改宗者|改宗者}
RunEndSummary,898717319214,UI.EndScreen.Titles.Charger,{0:choose(Feminine|Masculine|Neutral):The Charger|The Charger|The Charger},{0:choose(Feminine|Masculine|Neutral):突撃手|突撃手|突撃手}
RunEndSummary,898717319217,UI.EndScreen.Titles.Charger.Assassin,{0:choose(Feminine|Masculine|Neutral):The Opener|The Opener|The Opener},{0:choose(Feminine|Masculine|Neutral):先陣|先陣|先陣}
RunEndSummary,898717319216,UI.EndScreen.Titles.Charger.Vanguard,{0:choose(Feminine|Masculine|Neutral):The Spearhead|The Spearhead|The Spearhead},{0:choose(Feminine|Masculine|Neutral):切り込み隊長|切り込み隊長|切り込み隊長}
RunEndSummary,898717319215,UI.EndScreen.Titles.Charger.Warrior,{0:choose(Feminine|Masculine|Neutral):The Heavy|The Heavy|The Heavy},{0:choose(Feminine|Masculine|Neutral):重戦士|重戦士|重戦士}
RunEndSummary,898717319320,UI.EndScreen.Titles.Cleanser,{0:choose(Feminine|Masculine|Neutral):The Cleanser|The Cleanser|The Cleanser},{0:choose(Feminine|Masculine|Neutral):浄化者|浄化者|浄化者}
RunEndSummary,898717319322,UI.EndScreen.Titles.Cleanser.Mage,{0:choose(Feminine|Masculine|Neutral):The Dispeller|The Dispeller|The Dispeller},{0:choose(Feminine|Masculine|Neutral):解呪師|解呪師|解呪師}
RunEndSummary,898717319321,UI.EndScreen.Titles.Cleanser.Mystic,{0:choose(Feminine|Masculine|Neutral):The Purifier|The Purifier|The Purifier},{0:choose(Feminine|Masculine|Neutral):清める者|清める者|清める者}
RunEndSummary,898717319338,UI.EndScreen.Titles.Closer,{0:choose(Feminine|Masculine|Neutral):The Closer|The Closer|The Closer},{0:choose(Feminine|Masculine|Neutral):クローザー|クローザー|クローザー}
RunEndSummary,898717319340,UI.EndScreen.Titles.Closer.Assassin,{0:choose(Feminine|Masculine|Neutral):The Reaper|The Reaper|The Reaper},{0:choose(Feminine|Masculine|Neutral):死神|死神|死神}
RunEndSummary,898717319341,UI.EndScreen.Titles.Closer.Mystic,{0:choose(Feminine|Masculine|Neutral):The Last Rites|The Last Rites|The Last Rites},{0:choose(Feminine|Masculine|Neutral):臨終の祈り|臨終の祈り|臨終の祈り}
RunEndSummary,898717319339,UI.EndScreen.Titles.Closer.Warrior,{0:choose(Feminine|Masculine|Neutral):The Finisher|The Finisher|The Finisher},{0:choose(Feminine|Masculine|Neutral):仕留め屋|仕留め屋|仕留め屋}
RunEndSummary,898717319249,UI.EndScreen.Titles.CritMachine,{0:choose(Feminine|Masculine|Neutral):The Crit Machine|The Crit Machine|The Crit Machine},{0:choose(Feminine|Masculine|Neutral):クリティカルマシン|クリティカルマシン|クリティカルマシン}
RunEndSummary,898717319251,UI.EndScreen.Titles.CritMachine.Assassin,{0:choose(Feminine|Masculine|Neutral):The Crit Lord|The Crit Lord|The Crit Lord},{0:choose(Feminine|Masculine|Neutral):会心王|会心王|会心王}
RunEndSummary,898717319252,UI.EndScreen.Titles.CritMachine.Duelist,{0:choose(Feminine|Masculine|Neutral):The Precision|The Precision|The Precision},{0:choose(Feminine|Masculine|Neutral):精密無比|精密無比|精密無比}
RunEndSummary,898717319250,UI.EndScreen.Titles.CritMachine.Warrior,{0:choose(Feminine|Masculine|Neutral):The Lucky Blade|The Lucky Blade|The Lucky Blade},{0:choose(Feminine|Masculine|Neutral):幸運の刃|幸運の刃|幸運の刃}
RunEndSummary,898717319225,UI.EndScreen.Titles.Dancer,{0:choose(Feminine|Masculine|Neutral):The Dancer|The Dancer|The Dancer},{0:choose(Feminine|Masculine|Neutral):舞踏者|舞踏者|舞踏者}
RunEndSummary,898717319227,UI.EndScreen.Titles.Dancer.Assassin,{0:choose(Feminine|Masculine|Neutral):The Flicker|The Flicker|The Flicker},{0:choose(Feminine|Masculine|Neutral):瞬影|瞬影|瞬影}
RunEndSummary,898717319228,UI.EndScreen.Titles.Dancer.Mystic,{0:choose(Feminine|Masculine|Neutral):The Whirling|The Whirling|The Whirling},{0:choose(Feminine|Masculine|Neutral):旋舞|旋舞|旋舞}
RunEndSummary,898717319226,UI.EndScreen.Titles.Dancer.Warrior,{0:choose(Feminine|Masculine|Neutral):The Tireless|The Tireless|The Tireless},{0:choose(Feminine|Masculine|Neutral):疲れ知らず|疲れ知らず|疲れ知らず}
RunEndSummary,898679570432,UI.EndScreen.Titles.Elementalist,{0:choose(Feminine|Masculine|Neutral):The Elementalist|The Elementalist|The Elementalist},{0:choose(Feminine|Masculine|Neutral):元素術師|元素術師|元素術師}
RunEndSummary,898717319169,UI.EndScreen.Titles.Elementalist.Assassin,{0:choose(Feminine|Masculine|Neutral):The Toxic Trinity|The Toxic Trinity|The Toxic Trinity},{0:choose(Feminine|Masculine|Neutral):三毒一体|三毒一体|三毒一体}
RunEndSummary,898717319170,UI.EndScreen.Titles.Elementalist.Mage,{0:choose(Feminine|Masculine|Neutral):The Archmage of Elements|The Archmage of Elements|The Archmage of Elements},{0:choose(Feminine|Masculine|Neutral):元素の大魔導師|元素の大魔導師|元素の大魔導師}
RunEndSummary,898717319168,UI.EndScreen.Titles.Elementalist.Tank,{0:choose(Feminine|Masculine|Neutral):The Triple Threat|The Triple Threat|The Triple Threat},{0:choose(Feminine|Masculine|Neutral):三重の脅威|三重の脅威|三重の脅威}
RunEndSummary,898717319314,UI.EndScreen.Titles.Empowerer,{0:choose(Feminine|Masculine|Neutral):The Empowerer|The Empowerer|The Empowerer},{0:choose(Feminine|Masculine|Neutral):強化者|強化者|強化者}
RunEndSummary,898717319316,UI.EndScreen.Titles.Empowerer.Mage,{0:choose(Feminine|Masculine|Neutral):The Enchanter|The Enchanter|The Enchanter},{0:choose(Feminine|Masculine|Neutral):付与術師|付与術師|付与術師}
RunEndSummary,898717319315,UI.EndScreen.Titles.Empowerer.Mystic,{0:choose(Feminine|Masculine|Neutral):The Inspiration|The Inspiration|The Inspiration},{0:choose(Feminine|Masculine|Neutral):鼓舞|鼓舞|鼓舞}
RunEndSummary,898717319206,UI.EndScreen.Titles.ExecutionerSupreme,{0:choose(Feminine|Masculine|Neutral):The Executioner|The Executioner|The Executioner},{0:choose(Feminine|Masculine|Neutral):処刑人|処刑人|処刑人}
RunEndSummary,898717319208,UI.EndScreen.Titles.ExecutionerSupreme.Assassin,{0:choose(Feminine|Masculine|Neutral):The Reaper|The Reaper|The Reaper},{0:choose(Feminine|Masculine|Neutral):死神|死神|死神}
RunEndSummary,898717319209,UI.EndScreen.Titles.ExecutionerSupreme.Duelist,{0:choose(Feminine|Masculine|Neutral):The Cleaver|The Cleaver|The Cleaver},{0:choose(Feminine|Masculine|Neutral):肉切り|肉切り|肉切り}
RunEndSummary,898717319207,UI.EndScreen.Titles.ExecutionerSupreme.Warrior,{0:choose(Feminine|Masculine|Neutral):The Headtaker|The Headtaker|The Headtaker},{0:choose(Feminine|Masculine|Neutral):首狩り|首狩り|首狩り}
RunEndSummary,898717319183,UI.EndScreen.Titles.FrostWarden,{0:choose(Feminine|Masculine|Neutral):The Frostwarden|The Frostwarden|The Frostwarden},{0:choose(Feminine|Masculine|Neutral):凍気の守護者|凍気の守護者|凍気の守護者}
RunEndSummary,898717319185,UI.EndScreen.Titles.FrostWarden.Mage,{0:choose(Feminine|Masculine|Neutral):The Winter King|The Winter King|The Winter King},{0:choose(Feminine|Masculine|Neutral):冬王|冬王|冬王}
RunEndSummary,898717319184,UI.EndScreen.Titles.FrostWarden.Tank,{0:choose(Feminine|Masculine|Neutral):The Glacial Wall|The Glacial Wall|The Glacial Wall},{0:choose(Feminine|Masculine|Neutral):氷河の壁|氷河の壁|氷河の壁}
RunEndSummary,898717319258,UI.EndScreen.Titles.Frostbite,{0:choose(Feminine|Masculine|Neutral):The Frostbite|The Frostbite|The Frostbite},{0:choose(Feminine|Masculine|Neutral):凍傷|凍傷|凍傷}
RunEndSummary,898717319260,UI.EndScreen.Titles.Frostbite.Assassin,{0:choose(Feminine|Masculine|Neutral):The Whiteout|The Whiteout|The Whiteout},{0:choose(Feminine|Masculine|Neutral):ホワイトアウト|ホワイトアウト|ホワイトアウト}
RunEndSummary,898717319261,UI.EndScreen.Titles.Frostbite.Duelist,{0:choose(Feminine|Masculine|Neutral):The Cold Edge|The Cold Edge|The Cold Edge},{0:choose(Feminine|Masculine|Neutral):氷刃|氷刃|氷刃}
RunEndSummary,898717319262,UI.EndScreen.Titles.Frostbite.Mage,{0:choose(Feminine|Masculine|Neutral):The Blizzard|The Blizzard|The Blizzard},{0:choose(Feminine|Masculine|Neutral):ブリザード|ブリザード|ブリザード}
RunEndSummary,898717319259,UI.EndScreen.Titles.Frostbite.Tank,{0:choose(Feminine|Masculine|Neutral):The Iceheart|The Iceheart|The Iceheart},{0:choose(Feminine|Masculine|Neutral):氷の心臓|氷の心臓|氷の心臓}
RunEndSummary,898717319350,UI.EndScreen.Titles.Ghost,{0:choose(Feminine|Masculine|Neutral):The Ghost|The Ghost|The Ghost},{0:choose(Feminine|Masculine|Neutral):幽霊|幽霊|幽霊}
RunEndSummary,898717319351,UI.EndScreen.Titles.Ghost.Assassin,{0:choose(Feminine|Masculine|Neutral):The Phantom|The Phantom|The Phantom},{0:choose(Feminine|Masculine|Neutral):幻影|幻影|幻影}
RunEndSummary,898717319352,UI.EndScreen.Titles.Ghost.Duelist,{0:choose(Feminine|Masculine|Neutral):The Slip|The Slip|The Slip},{0:choose(Feminine|Masculine|Neutral):すり抜け|すり抜け|すり抜け}
RunEndSummary,898717319197,UI.EndScreen.Titles.Glacier,{0:choose(Feminine|Masculine|Neutral):The Glacier|The Glacier|The Glacier},{0:choose(Feminine|Masculine|Neutral):氷河|氷河|氷河}
RunEndSummary,898717319199,UI.EndScreen.Titles.Glacier.Mage,{0:choose(Feminine|Masculine|Neutral):The Eternal Winter|The Eternal Winter|The Eternal Winter},{0:choose(Feminine|Masculine|Neutral):永遠の冬|永遠の冬|永遠の冬}
RunEndSummary,898717319198,UI.EndScreen.Titles.Glacier.Tank,{0:choose(Feminine|Masculine|Neutral):The Frozen Tower|The Frozen Tower|The Frozen Tower},{0:choose(Feminine|Masculine|Neutral):凍てつく塔|凍てつく塔|凍てつく塔}
RunEndSummary,898717319222,UI.EndScreen.Titles.Grinder,{0:choose(Feminine|Masculine|Neutral):The Grinder|The Grinder|The Grinder},{0:choose(Feminine|Masculine|Neutral):削り屋|削り屋|削り屋}
RunEndSummary,898717319224,UI.EndScreen.Titles.Grinder.Duelist,{0:choose(Feminine|Masculine|Neutral):The Whittler|The Whittler|The Whittler},{0:choose(Feminine|Masculine|Neutral):切り削る者|切り削る者|切り削る者}
RunEndSummary,898717319223,UI.EndScreen.Titles.Grinder.Warrior,{0:choose(Feminine|Masculine|Neutral):The Workhorse|The Workhorse|The Workhorse},{0:choose(Feminine|Masculine|Neutral):働き者|働き者|働き者}
RunEndSummary,898717319311,UI.EndScreen.Titles.Guardian,{0:choose(Feminine|Masculine|Neutral):The Guardian|The Guardian|The Guardian},{0:choose(Feminine|Masculine|Neutral):守護者|守護者|守護者}
RunEndSummary,898717319313,UI.EndScreen.Titles.Guardian.Mystic,{0:choose(Feminine|Masculine|Neutral):The Watcher|The Watcher|The Watcher},{0:choose(Feminine|Masculine|Neutral):見張り手|見張り手|見張り手}
RunEndSummary,898717319312,UI.EndScreen.Titles.Guardian.Tank,{0:choose(Feminine|Masculine|Neutral):The Sentinel|The Sentinel|The Sentinel},{0:choose(Feminine|Masculine|Neutral):番人|番人|番人}
RunEndSummary,898717319218,UI.EndScreen.Titles.Hammer,{0:choose(Feminine|Masculine|Neutral):The Hammer|The Hammer|The Hammer},{0:choose(Feminine|Masculine|Neutral):鉄槌|鉄槌|鉄槌}
RunEndSummary,898717319221,UI.EndScreen.Titles.Hammer.Duelist,{0:choose(Feminine|Masculine|Neutral):The Riposte|The Riposte|The Riposte},{0:choose(Feminine|Masculine|Neutral):反撃|反撃|反撃}
RunEndSummary,898717319220,UI.EndScreen.Titles.Hammer.Vanguard,{0:choose(Feminine|Masculine|Neutral):The Sledgehammer|The Sledgehammer|The Sledgehammer},{0:choose(Feminine|Masculine|Neutral):大槌|大槌|大槌}
RunEndSummary,898717319219,UI.EndScreen.Titles.Hammer.Warrior,{0:choose(Feminine|Masculine|Neutral):The Crusher|The Crusher|The Crusher},{0:choose(Feminine|Masculine|Neutral):粉砕者|粉砕者|粉砕者}
RunEndSummary,898717319274,UI.EndScreen.Titles.Iceflake,{0:choose(Feminine|Masculine|Neutral):The Iceflake|The Iceflake|The Iceflake},{0:choose(Feminine|Masculine|Neutral):氷片|氷片|氷片}
RunEndSummary,898717319276,UI.EndScreen.Titles.Iceflake.Mage,{0:choose(Feminine|Masculine|Neutral):The Permafrost|The Permafrost|The Permafrost},{0:choose(Feminine|Masculine|Neutral):永久凍土|永久凍土|永久凍土}
RunEndSummary,898717319275,UI.EndScreen.Titles.Iceflake.Tank,{0:choose(Feminine|Masculine|Neutral):The Glacier Heart|The Glacier Heart|The Glacier Heart},{0:choose(Feminine|Masculine|Neutral):氷河の心臓|氷河の心臓|氷河の心臓}
RunEndSummary,898717319203,UI.EndScreen.Titles.Inquisitor,{0:choose(Feminine|Masculine|Neutral):The Inquisitor|The Inquisitor|The Inquisitor},{0:choose(Feminine|Masculine|Neutral):審問官|審問官|審問官}
RunEndSummary,898717319205,UI.EndScreen.Titles.Inquisitor.Mage,{0:choose(Feminine|Masculine|Neutral):The Witchhunter|The Witchhunter|The Witchhunter},{0:choose(Feminine|Masculine|Neutral):魔女狩り|魔女狩り|魔女狩り}
RunEndSummary,898717319204,UI.EndScreen.Titles.Inquisitor.Vanguard,{0:choose(Feminine|Masculine|Neutral):The Templar|The Templar|The Templar},{0:choose(Feminine|Masculine|Neutral):聖堂騎士|聖堂騎士|聖堂騎士}
RunEndSummary,898717319175,UI.EndScreen.Titles.Juggernaut,{0:choose(Feminine|Masculine|Neutral):The Juggernaut|The Juggernaut|The Juggernaut},{0:choose(Feminine|Masculine|Neutral):不壊の猛進者|不壊の猛進者|不壊の猛進者}
RunEndSummary,898717319177,UI.EndScreen.Titles.Juggernaut.Tank,{0:choose(Feminine|Masculine|Neutral):The Avalanche|The Avalanche|The Avalanche},{0:choose(Feminine|Masculine|Neutral):雪崩|雪崩|雪崩}
RunEndSummary,898717319178,UI.EndScreen.Titles.Juggernaut.Vanguard,{0:choose(Feminine|Masculine|Neutral):The Unstoppable|The Unstoppable|The Unstoppable},{0:choose(Feminine|Masculine|Neutral):止められぬ者|止められぬ者|止められぬ者}
RunEndSummary,898717319176,UI.EndScreen.Titles.Juggernaut.Warrior,{0:choose(Feminine|Masculine|Neutral):The Berserker|The Berserker|The Berserker},{0:choose(Feminine|Masculine|Neutral):狂戦士|狂戦士|狂戦士}
RunEndSummary,898717319200,UI.EndScreen.Titles.LastLine,{0:choose(Feminine|Masculine|Neutral):The Guardian Angel|The Guardian Angel|The Guardian Angel},{0:choose(Feminine|Masculine|Neutral):守護天使|守護天使|守護天使}
RunEndSummary,898717319202,UI.EndScreen.Titles.LastLine.Mystic,{0:choose(Feminine|Masculine|Neutral):The Guardian Angel|The Guardian Angel|The Guardian Angel},{0:choose(Feminine|Masculine|Neutral):守護天使|守護天使|守護天使}
RunEndSummary,898717319201,UI.EndScreen.Titles.LastLine.Tank,{0:choose(Feminine|Masculine|Neutral):The Last Bulwark|The Last Bulwark|The Last Bulwark},{0:choose(Feminine|Masculine|Neutral):最後の砦|最後の砦|最後の砦}
RunEndSummary,898717319300,UI.EndScreen.Titles.Lifeline,{0:choose(Feminine|Masculine|Neutral):The Lifeline|The Lifeline|The Lifeline},{0:choose(Feminine|Masculine|Neutral):命綱|命綱|命綱}
RunEndSummary,898717319302,UI.EndScreen.Titles.Lifeline.Assassin,{0:choose(Feminine|Masculine|Neutral):The Quiet Mercy|The Quiet Mercy|The Quiet Mercy},{0:choose(Feminine|Masculine|Neutral):静かな慈悲|静かな慈悲|静かな慈悲}
RunEndSummary,898717319303,UI.EndScreen.Titles.Lifeline.Mystic,{0:choose(Feminine|Masculine|Neutral):The Healer|The Healer|The Healer},{0:choose(Feminine|Masculine|Neutral):癒やし手|癒やし手|癒やし手}
RunEndSummary,898717319301,UI.EndScreen.Titles.Lifeline.Tank,{0:choose(Feminine|Masculine|Neutral):The Field Medic|The Field Medic|The Field Medic},{0:choose(Feminine|Masculine|Neutral):衛生兵|衛生兵|衛生兵}
RunEndSummary,898717319334,UI.EndScreen.Titles.Lockdown,{0:choose(Feminine|Masculine|Neutral):The Lockdown|The Lockdown|The Lockdown},{0:choose(Feminine|Masculine|Neutral):封鎖|封鎖|封鎖}
RunEndSummary,898717319337,UI.EndScreen.Titles.Lockdown.Mage,{0:choose(Feminine|Masculine|Neutral):The Binder|The Binder|The Binder},{0:choose(Feminine|Masculine|Neutral):縛る者|縛る者|縛る者}
RunEndSummary,898717319336,UI.EndScreen.Titles.Lockdown.Mystic,{0:choose(Feminine|Masculine|Neutral):The Holder|The Holder|The Holder},{0:choose(Feminine|Masculine|Neutral):抑える者|抑える者|抑える者}
RunEndSummary,898717319335,UI.EndScreen.Titles.Lockdown.Vanguard,{0:choose(Feminine|Masculine|Neutral):The Detainer|The Detainer|The Detainer},{0:choose(Feminine|Masculine|Neutral):拘束者|拘束者|拘束者}
RunEndSummary,898717319241,UI.EndScreen.Titles.Marksman,{0:choose(Feminine|Masculine|Neutral):The Marksman|The Marksman|The Marksman},{0:choose(Feminine|Masculine|Neutral):射手|射手|射手}
RunEndSummary,898717319243,UI.EndScreen.Titles.Marksman.Assassin,{0:choose(Feminine|Masculine|Neutral):The Sharpshooter|The Sharpshooter|The Sharpshooter},{0:choose(Feminine|Masculine|Neutral):神射手|神射手|神射手}
RunEndSummary,898717319244,UI.EndScreen.Titles.Marksman.Duelist,{0:choose(Feminine|Masculine|Neutral):The Perfect Cut|The Perfect Cut|The Perfect Cut},{0:choose(Feminine|Masculine|Neutral):完璧な一閃|完璧な一閃|完璧な一閃}
RunEndSummary,898717319242,UI.EndScreen.Titles.Marksman.Warrior,{0:choose(Feminine|Masculine|Neutral):The Heavy Hand|The Heavy Hand|The Heavy Hand},{0:choose(Feminine|Masculine|Neutral):豪腕|豪腕|豪腕}
RunEndSummary,898717319283,UI.EndScreen.Titles.MeatShield,{0:choose(Feminine|Masculine|Neutral):The Meat Shield|The Meat Shield|The Meat Shield},{0:choose(Feminine|Masculine|Neutral):肉壁|肉壁|肉壁}
RunEndSummary,898717319287,UI.EndScreen.Titles.MeatShield.Duelist,{0:choose(Feminine|Masculine|Neutral):The Crash Test Dummy|The Crash Test Dummy|The Crash Test Dummy},{0:choose(Feminine|Masculine|Neutral):衝突試験人形|衝突試験人形|衝突試験人形}
RunEndSummary,898717319288,UI.EndScreen.Titles.MeatShield.Mage,{0:choose(Feminine|Masculine|Neutral):The Reluctant Shield|The Reluctant Shield|The Reluctant Shield},{0:choose(Feminine|Masculine|Neutral):不本意な盾|不本意な盾|不本意な盾}
RunEndSummary,898717319285,UI.EndScreen.Titles.MeatShield.Tank,{0:choose(Feminine|Masculine|Neutral):The Anvil|The Anvil|The Anvil},{0:choose(Feminine|Masculine|Neutral):金床|金床|金床}
RunEndSummary,898717319286,UI.EndScreen.Titles.MeatShield.Vanguard,{0:choose(Feminine|Masculine|Neutral):The Wall|The Wall|The Wall},{0:choose(Feminine|Masculine|Neutral):壁|壁|壁}
RunEndSummary,898717319284,UI.EndScreen.Titles.MeatShield.Warrior,{0:choose(Feminine|Masculine|Neutral):The Rock|The Rock|The Rock},{0:choose(Feminine|Masculine|Neutral):岩|岩|岩}
RunEndSummary,898717319363,UI.EndScreen.Titles.Minimalist,{0:choose(Feminine|Masculine|Neutral):The Minimalist|The Minimalist|The Minimalist},{0:choose(Feminine|Masculine|Neutral):ミニマリスト|ミニマリスト|ミニマリスト}
RunEndSummary,898717319365,UI.EndScreen.Titles.Minimalist.Mage,{0:choose(Feminine|Masculine|Neutral):The Conservationist|The Conservationist|The Conservationist},{0:choose(Feminine|Masculine|Neutral):節約家|節約家|節約家}
RunEndSummary,898717319364,UI.EndScreen.Titles.Minimalist.Mystic,{0:choose(Feminine|Masculine|Neutral):The Saver|The Saver|The Saver},{0:choose(Feminine|Masculine|Neutral):倹約家|倹約家|倹約家}
RunEndSummary,898717319297,UI.EndScreen.Titles.Mirror,{0:choose(Feminine|Masculine|Neutral):The Mirror|The Mirror|The Mirror},{0:choose(Feminine|Masculine|Neutral):鏡|鏡|鏡}
RunEndSummary,898717319299,UI.EndScreen.Titles.Mirror.Tank,{0:choose(Feminine|Masculine|Neutral):The Backlash|The Backlash|The Backlash},{0:choose(Feminine|Masculine|Neutral):反動|反動|反動}
RunEndSummary,898717319298,UI.EndScreen.Titles.Mirror.Warrior,{0:choose(Feminine|Masculine|Neutral):The Riposte Lord|The Riposte Lord|The Riposte Lord},{0:choose(Feminine|Masculine|Neutral):反撃王|反撃王|反撃王}
RunEndSummary,898717319280,UI.EndScreen.Titles.Net,{0:choose(Feminine|Masculine|Neutral):The Net|The Net|The Net},{0:choose(Feminine|Masculine|Neutral):網|網|網}
RunEndSummary,898717319282,UI.EndScreen.Titles.Net.Mage,{0:choose(Feminine|Masculine|Neutral):The Plague-Caller|The Plague-Caller|The Plague-Caller},{0:choose(Feminine|Masculine|Neutral):疫病を呼ぶ者|疫病を呼ぶ者|疫病を呼ぶ者}
RunEndSummary,898717319281,UI.EndScreen.Titles.Net.Mystic,{0:choose(Feminine|Masculine|Neutral):The Hex Weaver|The Hex Weaver|The Hex Weaver},{0:choose(Feminine|Masculine|Neutral):呪い織り|呪い織り|呪い織り}
RunEndSummary,898717319360,UI.EndScreen.Titles.OldReliable,{0:choose(Feminine|Masculine|Neutral):Old Reliable|Old Reliable|Old Reliable},{0:choose(Feminine|Masculine|Neutral):頼れる古株|頼れる古株|頼れる古株}
RunEndSummary,898717319361,UI.EndScreen.Titles.OldReliable.Mystic,{0:choose(Feminine|Masculine|Neutral):The Silent|The Silent|The Silent},{0:choose(Feminine|Masculine|Neutral):寡黙なる者|寡黙なる者|寡黙なる者}
RunEndSummary,898717319362,UI.EndScreen.Titles.OldReliable.mage,{0:choose(Feminine|Masculine|Neutral):The Mute Caster|The Mute Caster|The Mute Caster},{0:choose(Feminine|Masculine|Neutral):無言の術師|無言の術師|無言の術師}
RunEndSummary,898717319342,UI.EndScreen.Titles.Overkill,{0:choose(Feminine|Masculine|Neutral):The Overkill|The Overkill|The Overkill},{0:choose(Feminine|Masculine|Neutral):オーバーキル|オーバーキル|オーバーキル}
RunEndSummary,898717319344,UI.EndScreen.Titles.Overkill.Assassin,{0:choose(Feminine|Masculine|Neutral):The Excessive|The Excessive|The Excessive},{0:choose(Feminine|Masculine|Neutral):やりすぎ|やりすぎ|やりすぎ}
RunEndSummary,898717319345,UI.EndScreen.Titles.Overkill.Mage,{0:choose(Feminine|Masculine|Neutral):The Spectacular|The Spectacular|The Spectacular},{0:choose(Feminine|Masculine|Neutral):壮観|壮観|壮観}
RunEndSummary,898717319343,UI.EndScreen.Titles.Overkill.Warrior,{0:choose(Feminine|Masculine|Neutral):The Overcommitter|The Overcommitter|The Overcommitter},{0:choose(Feminine|Masculine|Neutral):後先知らず|後先知らず|後先知らず}
RunEndSummary,898717319330,UI.EndScreen.Titles.Paragon,{0:choose(Feminine|Masculine|Neutral):The Paragon|The Paragon|The Paragon},{0:choose(Feminine|Masculine|Neutral):模範|模範|模範}
RunEndSummary,898717319332,UI.EndScreen.Titles.Paragon.Assassin,{0:choose(Feminine|Masculine|Neutral):The Apex|The Apex|The Apex},{0:choose(Feminine|Masculine|Neutral):頂点|頂点|頂点}
RunEndSummary,898717319333,UI.EndScreen.Titles.Paragon.Mage,{0:choose(Feminine|Masculine|Neutral):The Ascended|The Ascended|The Ascended},{0:choose(Feminine|Masculine|Neutral):超越者|超越者|超越者}
RunEndSummary,898717319331,UI.EndScreen.Titles.Paragon.Tank,{0:choose(Feminine|Masculine|Neutral):The Fortified|The Fortified|The Fortified},{0:choose(Feminine|Masculine|Neutral):堅牢なる者|堅牢なる者|堅牢なる者}
RunEndSummary,898717319194,UI.EndScreen.Titles.PlagueLord,{0:choose(Feminine|Masculine|Neutral):The Plaguelord|The Plaguelord|The Plaguelord},{0:choose(Feminine|Masculine|Neutral):疫病王|疫病王|疫病王}
RunEndSummary,898717319196,UI.EndScreen.Titles.PlagueLord.Assasin,{0:choose(Feminine|Masculine|Neutral):The Contaminator|The Contaminator|The Contaminator},{0:choose(Feminine|Masculine|Neutral):汚染者|汚染者|汚染者}
RunEndSummary,898717319195,UI.EndScreen.Titles.PlagueLord.Tank,{0:choose(Feminine|Masculine|Neutral):The Walking Plague|The Walking Plague|The Walking Plague},{0:choose(Feminine|Masculine|Neutral):歩く疫病|歩く疫病|歩く疫病}
RunEndSummary,898717319263,UI.EndScreen.Titles.Plaguebearer,{0:choose(Feminine|Masculine|Neutral):The Plaguebearer|The Plaguebearer|The Plaguebearer},{0:choose(Feminine|Masculine|Neutral):疫病の担い手|疫病の担い手|疫病の担い手}
RunEndSummary,898717319265,UI.EndScreen.Titles.Plaguebearer.Assassin,{0:choose(Feminine|Masculine|Neutral):The Envenomed|The Envenomed|The Envenomed},{0:choose(Feminine|Masculine|Neutral):毒に染まりし者|毒に染まりし者|毒に染まりし者}
RunEndSummary,898717319266,UI.EndScreen.Titles.Plaguebearer.Mystic,{0:choose(Feminine|Masculine|Neutral):The Withering|The Withering|The Withering},{0:choose(Feminine|Masculine|Neutral):衰滅|衰滅|衰滅}
RunEndSummary,898717319264,UI.EndScreen.Titles.Plaguebearer.Tank,{0:choose(Feminine|Masculine|Neutral):The Walking Toxin|The Walking Toxin|The Walking Toxin},{0:choose(Feminine|Masculine|Neutral):歩く毒|歩く毒|歩く毒}
RunEndSummary,898717319253,UI.EndScreen.Titles.Pyromaniac,{0:choose(Feminine|Masculine|Neutral):The Pyromaniac|The Pyromaniac|The Pyromaniac},{0:choose(Feminine|Masculine|Neutral):放火魔|放火魔|放火魔}
RunEndSummary,898717319256,UI.EndScreen.Titles.Pyromaniac.Assassin,{0:choose(Feminine|Masculine|Neutral):The Smoldering Blade|The Smoldering Blade|The Smoldering Blade},{0:choose(Feminine|Masculine|Neutral):燻る刃|燻る刃|燻る刃}
RunEndSummary,898717319257,UI.EndScreen.Titles.Pyromaniac.Mage,{0:choose(Feminine|Masculine|Neutral):The Inferno|The Inferno|The Inferno},{0:choose(Feminine|Masculine|Neutral):業火|業火|業火}
RunEndSummary,898717319254,UI.EndScreen.Titles.Pyromaniac.Tank,{0:choose(Feminine|Masculine|Neutral):The Walking Furnace|The Walking Furnace|The Walking Furnace},{0:choose(Feminine|Masculine|Neutral):歩く炉|歩く炉|歩く炉}
RunEndSummary,898717319255,UI.EndScreen.Titles.Pyromaniac.Vanguard,{0:choose(Feminine|Masculine|Neutral):The Phoenix|The Phoenix|The Phoenix},{0:choose(Feminine|Masculine|Neutral):不死鳥|不死鳥|不死鳥}
RunEndSummary,898717319171,UI.EndScreen.Titles.Saint,{0:choose(Feminine|Masculine|Neutral):The Saint|The Saint|The Saint},{0:choose(Feminine|Masculine|Neutral):聖人|聖人|聖人}
RunEndSummary,898717319173,UI.EndScreen.Titles.Saint.Assassin,{0:choose(Feminine|Masculine|Neutral):The Hidden Saint|The Hidden Saint|The Hidden Saint},{0:choose(Feminine|Masculine|Neutral):隠れ聖人|隠れ聖人|隠れ聖人}
RunEndSummary,898717319174,UI.EndScreen.Titles.Saint.Mystic,{0:choose(Feminine|Masculine|Neutral):The Pillar|The Pillar|The Pillar},{0:choose(Feminine|Masculine|Neutral):支柱|支柱|支柱}
RunEndSummary,898717319172,UI.EndScreen.Titles.Saint.Tank,{0:choose(Feminine|Masculine|Neutral):The Patron|The Patron|The Patron},{0:choose(Feminine|Masculine|Neutral):庇護者|庇護者|庇護者}
RunEndSummary,898717319304,UI.EndScreen.Titles.Save,{0:choose(Feminine|Masculine|Neutral):The Save|The Save|The Save},{0:choose(Feminine|Masculine|Neutral):救い手|救い手|救い手}
RunEndSummary,898717319305,UI.EndScreen.Titles.Save.Assassin,{0:choose(Feminine|Masculine|Neutral):The Reflex|The Reflex|The Reflex},{0:choose(Feminine|Masculine|Neutral):反射神経|反射神経|反射神経}
RunEndSummary,898717319306,UI.EndScreen.Titles.Save.Mystic,{0:choose(Feminine|Masculine|Neutral):The Miracle|The Miracle|The Miracle},{0:choose(Feminine|Masculine|Neutral):奇跡|奇跡|奇跡}
RunEndSummary,898717319323,UI.EndScreen.Titles.SelfMade,{0:choose(Feminine|Masculine|Neutral):The Self-Made|The Self-Made|The Self-Made},{0:choose(Feminine|Masculine|Neutral):叩き上げ|叩き上げ|叩き上げ}
RunEndSummary,898717319325,UI.EndScreen.Titles.SelfMade.Duelist,{0:choose(Feminine|Masculine|Neutral):The Show-Off|The Show-Off|The Show-Off},{0:choose(Feminine|Masculine|Neutral):目立ちたがり|目立ちたがり|目立ちたがり}
RunEndSummary,898717319324,UI.EndScreen.Titles.SelfMade.Warrior,{0:choose(Feminine|Masculine|Neutral):The Self-Reliant|The Self-Reliant|The Self-Reliant},{0:choose(Feminine|Masculine|Neutral):独立独歩|独立独歩|独立独歩}
RunEndSummary,898717319326,UI.EndScreen.Titles.SelfMade.mage,{0:choose(Feminine|Masculine|Neutral):The Self-Empowered|The Self-Empowered|The Self-Empowered},{0:choose(Feminine|Masculine|Neutral):自らを高める者|自らを高める者|自らを高める者}
RunEndSummary,898717319233,UI.EndScreen.Titles.Showrunner,{0:choose(Feminine|Masculine|Neutral):The Showrunner|The Showrunner|The Showrunner},{0:choose(Feminine|Masculine|Neutral):ショーランナー|ショーランナー|ショーランナー}
RunEndSummary,898717319236,UI.EndScreen.Titles.Showrunner.Mage,{0:choose(Feminine|Masculine|Neutral):The Archmage|The Archmage|The Archmage},{0:choose(Feminine|Masculine|Neutral):大魔導師|大魔導師|大魔導師}
RunEndSummary,898717319235,UI.EndScreen.Titles.Showrunner.Mystic,{0:choose(Feminine|Masculine|Neutral):The Caster|The Caster|The Caster},{0:choose(Feminine|Masculine|Neutral):術師|術師|術師}
RunEndSummary,898717319234,UI.EndScreen.Titles.Showrunner.Warrior,{0:choose(Feminine|Masculine|Neutral):The Surprise Caster|The Surprise Caster|The Surprise Caster},{0:choose(Feminine|Masculine|Neutral):意外な術師|意外な術師|意外な術師}
RunEndSummary,898717319245,UI.EndScreen.Titles.Slicer,{0:choose(Feminine|Masculine|Neutral):The Slicer|The Slicer|The Slicer},{0:choose(Feminine|Masculine|Neutral):切り裂き|切り裂き|切り裂き}
RunEndSummary,898717319247,UI.EndScreen.Titles.Slicer.Assassin,{0:choose(Feminine|Masculine|Neutral):The Bladewright|The Bladewright|The Bladewright},{0:choose(Feminine|Masculine|Neutral):刃の匠|刃の匠|刃の匠}
RunEndSummary,898717319248,UI.EndScreen.Titles.Slicer.Duelist,{0:choose(Feminine|Masculine|Neutral):The Edgewalker|The Edgewalker|The Edgewalker},{0:choose(Feminine|Masculine|Neutral):刃渡り|刃渡り|刃渡り}
RunEndSummary,898717319246,UI.EndScreen.Titles.Slicer.Warrior,{0:choose(Feminine|Masculine|Neutral):The Lucky|The Lucky|The Lucky},{0:choose(Feminine|Masculine|Neutral):幸運児|幸運児|幸運児}
RunEndSummary,898717319357,UI.EndScreen.Titles.Statue,{0:choose(Feminine|Masculine|Neutral):The Statue|The Statue|The Statue},{0:choose(Feminine|Masculine|Neutral):石像|石像|石像}
RunEndSummary,898717319359,UI.EndScreen.Titles.Statue.Mage,{0:choose(Feminine|Masculine|Neutral):The Interrupted|The Interrupted|The Interrupted},{0:choose(Feminine|Masculine|Neutral):中断された者|中断された者|中断された者}
RunEndSummary,898717319358,UI.EndScreen.Titles.Statue.Tank,{0:choose(Feminine|Masculine|Neutral):The Speedbump|The Speedbump|The Speedbump},{0:choose(Feminine|Masculine|Neutral):足止め|足止め|足止め}
RunEndSummary,898717319327,UI.EndScreen.Titles.Titan,{0:choose(Feminine|Masculine|Neutral):The Titan|The Titan|The Titan},{0:choose(Feminine|Masculine|Neutral):巨神|巨神|巨神}
RunEndSummary,898717319328,UI.EndScreen.Titles.Titan.Tank,{0:choose(Feminine|Masculine|Neutral):The Mountain|The Mountain|The Mountain},{0:choose(Feminine|Masculine|Neutral):山|山|山}
RunEndSummary,898717319329,UI.EndScreen.Titles.Titan.Vanguard,{0:choose(Feminine|Masculine|Neutral):The Colossus|The Colossus|The Colossus},{0:choose(Feminine|Masculine|Neutral):巨像|巨像|巨像}
RunEndSummary,898717319271,UI.EndScreen.Titles.Torchbearer,{0:choose(Feminine|Masculine|Neutral):The Torchbearer|The Torchbearer|The Torchbearer},{0:choose(Feminine|Masculine|Neutral):松明持ち|松明持ち|松明持ち}
RunEndSummary,898717319273,UI.EndScreen.Titles.Torchbearer.Mage,{0:choose(Feminine|Masculine|Neutral):The Sun-Caller|The Sun-Caller|The Sun-Caller},{0:choose(Feminine|Masculine|Neutral):太陽を呼ぶ者|太陽を呼ぶ者|太陽を呼ぶ者}
RunEndSummary,898717319272,UI.EndScreen.Titles.Torchbearer.Vanguard,{0:choose(Feminine|Masculine|Neutral):The Bonfire|The Bonfire|The Bonfire},{0:choose(Feminine|Masculine|Neutral):篝火|篝火|篝火}
RunEndSummary,898717319366,UI.EndScreen.Titles.Tourist,{0:choose(Feminine|Masculine|Neutral):The Tourist|The Tourist|The Tourist},{0:choose(Feminine|Masculine|Neutral):観光客|観光客|観光客}
RunEndSummary,898717319186,UI.EndScreen.Titles.VenomBlade,{0:choose(Feminine|Masculine|Neutral):The Venom Blade|The Venom Blade|The Venom Blade},{0:choose(Feminine|Masculine|Neutral):毒刃|毒刃|毒刃}
RunEndSummary,898717319188,UI.EndScreen.Titles.VenomBlade.Assassin,{0:choose(Feminine|Masculine|Neutral):The Coiled Viper|The Coiled Viper|The Coiled Viper},{0:choose(Feminine|Masculine|Neutral):とぐろの毒蛇|とぐろの毒蛇|とぐろの毒蛇}
RunEndSummary,898717319189,UI.EndScreen.Titles.VenomBlade.Duelist,{0:choose(Feminine|Masculine|Neutral):The Toxic Dancer|The Toxic Dancer|The Toxic Dancer},{0:choose(Feminine|Masculine|Neutral):毒の舞手|毒の舞手|毒の舞手}
RunEndSummary,898717319187,UI.EndScreen.Titles.VenomBlade.Tank,{0:choose(Feminine|Masculine|Neutral):The Poisonbearer|The Poisonbearer|The Poisonbearer},{0:choose(Feminine|Masculine|Neutral):毒の担い手|毒の担い手|毒の担い手}
RunEndSummary,898717319277,UI.EndScreen.Titles.VenomDose,{0:choose(Feminine|Masculine|Neutral):The Venom Dose|The Venom Dose|The Venom Dose},{0:choose(Feminine|Masculine|Neutral):毒薬|毒薬|毒薬}
RunEndSummary,898717319279,UI.EndScreen.Titles.VenomDose.Assassin,{0:choose(Feminine|Masculine|Neutral):The Lethal Dose|The Lethal Dose|The Lethal Dose},{0:choose(Feminine|Masculine|Neutral):致死量|致死量|致死量}
RunEndSummary,898717319278,UI.EndScreen.Titles.VenomDose.Tank,{0:choose(Feminine|Masculine|Neutral):The Bitter Pill|The Bitter Pill|The Bitter Pill},{0:choose(Feminine|Masculine|Neutral):苦い薬|苦い薬|苦い薬}
RunEndSummary,898717319307,UI.EndScreen.Titles.Warder,{0:choose(Feminine|Masculine|Neutral):The Warder|The Warder|The Warder},{0:choose(Feminine|Masculine|Neutral):結界守|結界守|結界守}
RunEndSummary,898717319310,UI.EndScreen.Titles.Warder.Mage,{0:choose(Feminine|Masculine|Neutral):The Wardweaver|The Wardweaver|The Wardweaver},{0:choose(Feminine|Masculine|Neutral):結界織り|結界織り|結界織り}
RunEndSummary,898717319309,UI.EndScreen.Titles.Warder.Mystic,{0:choose(Feminine|Masculine|Neutral):The Bulwark Maker|The Bulwark Maker|The Bulwark Maker},{0:choose(Feminine|Masculine|Neutral):防壁の造り手|防壁の造り手|防壁の造り手}
RunEndSummary,898717319308,UI.EndScreen.Titles.Warder.Tank,{0:choose(Feminine|Masculine|Neutral):The Sheltermaker|The Sheltermaker|The Sheltermaker},{0:choose(Feminine|Masculine|Neutral):避難所の造り手|避難所の造り手|避難所の造り手}
RunEndSummary,898717319346,UI.EndScreen.Titles.Whirlwind,{0:choose(Feminine|Masculine|Neutral):The Whirlwind|The Whirlwind|The Whirlwind},{0:choose(Feminine|Masculine|Neutral):旋風|旋風|旋風}
RunEndSummary,898717319348,UI.EndScreen.Titles.Whirlwind.Duelist,{0:choose(Feminine|Masculine|Neutral):The Spinner|The Spinner|The Spinner},{0:choose(Feminine|Masculine|Neutral):ぐるぐる回る者|ぐるぐる回る者|ぐるぐる回る者}
RunEndSummary,898717319349,UI.EndScreen.Titles.Whirlwind.Mage,{0:choose(Feminine|Masculine|Neutral):The Explosion|The Explosion|The Explosion},{0:choose(Feminine|Masculine|Neutral):爆発|爆発|爆発}
RunEndSummary,898717319347,UI.EndScreen.Titles.Whirlwind.Warrior,{0:choose(Feminine|Masculine|Neutral):The Reaping Blade|The Reaping Blade|The Reaping Blade},{0:choose(Feminine|Masculine|Neutral):刈り取る刃|刈り取る刃|刈り取る刃}
RunEndSummary,898717319210,UI.EndScreen.Titles.Workhorse,{0:choose(Feminine|Masculine|Neutral):The Workhorse|The Workhorse|The Workhorse},{0:choose(Feminine|Masculine|Neutral):働き者|働き者|働き者}
RunEndSummary,898717319212,UI.EndScreen.Titles.Workhorse.Duelist,{0:choose(Feminine|Masculine|Neutral):The Relentless|The Relentless|The Relentless},{0:choose(Feminine|Masculine|Neutral):容赦なき者|容赦なき者|容赦なき者}
RunEndSummary,898717319213,UI.EndScreen.Titles.Workhorse.Mage,{0:choose(Feminine|Masculine|Neutral):The Devastator|The Devastator|The Devastator},{0:choose(Feminine|Masculine|Neutral):壊滅者|壊滅者|壊滅者}
RunEndSummary,898717319211,UI.EndScreen.Titles.Workhorse.Warrior,{0:choose(Feminine|Masculine|Neutral):The Damage Dealer|The Damage Dealer|The Damage Dealer},{0:choose(Feminine|Masculine|Neutral):ダメージディーラー|ダメージディーラー|ダメージディーラー}
RunEndSummary,898717319371,UI.EndScreen.TrackedStats.AbilitiesCastTotal,Abilities Cast,アビリティ発動回数
RunEndSummary,898717319369,UI.EndScreen.TrackedStats.AbilityDamageDealtTotal,Ability Damage,アビリティダメージ
RunEndSummary,898717319373,UI.EndScreen.TrackedStats.AutoAttackDamageDealtTotal,Auto Attack Damage,通常攻撃ダメージ
RunEndSummary,898717319375,UI.EndScreen.TrackedStats.AutoAttacksPerformedTotal,Auto Attacks,通常攻撃回数
RunEndSummary,898717319398,UI.EndScreen.TrackedStats.BuffsAppliedStacksToAlliesTotal,Buffs Applied,バフ付与数
RunEndSummary,898717319377,UI.EndScreen.TrackedStats.BurnDamageTotal,Burn Damage,炎上ダメージ
RunEndSummary,898717319400,UI.EndScreen.TrackedStats.CcDurationInflictedTotal,CC Duration,行動妨害時間
RunEndSummary,898717319399,UI.EndScreen.TrackedStats.CleansesRemovedStacksTotal,Cleanses,解除数
RunEndSummary,898717319381,UI.EndScreen.TrackedStats.CritDamageDealtTotal,Crit Damage,クリティカルダメージ
RunEndSummary,898717319380,UI.EndScreen.TrackedStats.CritsLandedTotal,Crits Landed,クリティカル回数
RunEndSummary,898717319385,UI.EndScreen.TrackedStats.DamageAbsorbedByShieldTotal,Shield Absorbed,シールド吸収量
RunEndSummary,898717319367,UI.EndScreen.TrackedStats.DamageDealtTotal,Damage Dealt,与ダメージ
RunEndSummary,898717319384,UI.EndScreen.TrackedStats.DamageMitigatedByStatsTotal,Damage Mitigated,軽減ダメージ
RunEndSummary,898717319383,UI.EndScreen.TrackedStats.DamageTakenTotal,Damage Taken,被ダメージ
RunEndSummary,898717319378,UI.EndScreen.TrackedStats.FrostDamageTotal,Frost Damage,凍気ダメージ
RunEndSummary,898717319374,UI.EndScreen.TrackedStats.HighestAutoAttackDamage,Best Auto Hit,通常攻撃の最高ダメージ
RunEndSummary,898717319370,UI.EndScreen.TrackedStats.HighestBattleAbilityDamageDealt,Best Ability Hit,アビリティの最高ダメージ
RunEndSummary,898717319368,UI.EndScreen.TrackedStats.HighestBattleDamageDealt,Best Battle Damage,1戦闘の最高与ダメージ
RunEndSummary,898717319387,UI.EndScreen.TrackedStats.HighestBattleHpHealedOnAllies,Best Battle Healed,1戦闘の最高回復量
RunEndSummary,898717319393,UI.EndScreen.TrackedStats.HighestBurnStack,Burn Stacks Record,炎上スタック記録
RunEndSummary,898717319382,UI.EndScreen.TrackedStats.HighestCritDamageDealt,Best Crit Hit,クリティカルの最高ダメージ
RunEndSummary,898717319392,UI.EndScreen.TrackedStats.HighestFrostStack,Frost Stacks Record,凍気スタック記録
RunEndSummary,898717319405,UI.EndScreen.TrackedStats.HighestMaxHpStat,Max HP Record,最大HP記録
RunEndSummary,898717319390,UI.EndScreen.TrackedStats.HighestMultiKillEvents,Multi-Kill Record,連続撃破記録
RunEndSummary,898717319406,UI.EndScreen.TrackedStats.HighestNonMaxHpStat,Non-Max HP Record,最大HP以外の最高値
RunEndSummary,898717319391,UI.EndScreen.TrackedStats.HighestPoisonStack,Poison Stacks Record,毒スタック記録
RunEndSummary,898717319394,UI.EndScreen.TrackedStats.HighestSimultaneousStatusAfflictions,Status Afflictions Record,同時状態異常記録
RunEndSummary,898717319386,UI.EndScreen.TrackedStats.HpHealedOnAlliesTotal,HP Healed,HP回復量
RunEndSummary,898717319388,UI.EndScreen.TrackedStats.KillingBlowsTotal,Killing Blows,とどめ回数
RunEndSummary,898717319372,UI.EndScreen.TrackedStats.MinAbilitiesCast,Fewest Abilities,最少アビリティ発動数
RunEndSummary,898717319389,UI.EndScreen.TrackedStats.OverkillDamageTotal,Overkill Damage,オーバーキルダメージ
RunEndSummary,898717319379,UI.EndScreen.TrackedStats.PoisonDamageTotal,Poison Damage,毒ダメージ
RunEndSummary,898717319395,UI.EndScreen.TrackedStats.ShieldAppliedToAlliesTotal,Shields Applied,シールド付与量
RunEndSummary,898717319397,UI.EndScreen.TrackedStats.StatsGrantedToAlliesTotal,Stats Granted,味方へのステータス付与量
RunEndSummary,898717319404,UI.EndScreen.TrackedStats.StatsGrantedToSelfTotal,Self Stats,自身のステータス増加量
RunEndSummary,898717319376,UI.EndScreen.TrackedStats.StatusDamageTotal,Status Damage,状態異常ダメージ
RunEndSummary,898717319402,UI.EndScreen.TrackedStats.TimeSpentStealthedTotal,Time Stealthed,ステルス時間
RunEndSummary,898717319401,UI.EndScreen.TrackedStats.TimeSpentStunnedSelfTotal,Time Stunned,スタン時間
RunEndSummary,898717319396,UI.EndScreen.TrackedStats.TimesSavedAllyAtCriticalHpTotal,Allies Saved,味方救出回数
RunEndSummary,898717319403,UI.EndScreen.TrackedStats.TimesSavedAtCriticalHpReceivedTotal,Times Saved,救出された回数
Tutorial,21030104981504,Tutorial.NTUT-A01.InfoText1,Welcome to Guildrun!,Guildrunへようこそ！
Tutorial,21030121758720,Tutorial.NTUT-A01.InfoText2,You start each run by picking a starting Hero.,各ランの開始時に、最初のヒーローを1人選びます。
Tutorial,21030125953024,Tutorial.NTUT-A01.InfoText3,Heroes are mainly defined by their starting ability.,ヒーローの特徴は、主に最初から持っているアビリティで決まります。
Tutorial,21030125953025,Tutorial.NTUT-A01.PromptText1,Pick a starting Hero.,最初のヒーローを選んでください。
Tutorial,21030125953026,Tutorial.NTUT-A02.InfoText1,Combat in Guildrun is automatic.,Guildrunの戦闘は自動で進行します。
Tutorial,21030125953027,Tutorial.NTUT-A02.InfoText2,You can place your Heroes anywhere on your side of the battlefield. ,ヒーローは、戦場の自陣側ならどこにでも配置できます。
Tutorial,21030125953028,Tutorial.NTUT-A02.PromptText1,"Whenever you’re ready, start your first combat.",配置が決まったら、最初の戦闘を始めましょう。
Tutorial,21030125953029,Tutorial.NTUT-A03.InfoText1,Heroes attack automatically.,ヒーローは自動で通常攻撃を行います。
Tutorial,21030125953030,Tutorial.NTUT-A04.InfoText1,Heroes cast their Active Ability when their Mana is full.,ヒーローはマナが満タンになると、アクティブアビリティを発動します。
Tutorial,21030125953031,Tutorial.NTUT-A04.InfoText2,Mana is gained from Auto Attacks and Mana Regeneration.,マナは通常攻撃とマナ回復によって増加します。
Tutorial,21030125953033,Tutorial.NTUT-A05.InfoText2,"Winning fights grants you Shards, Guildrun's currency.",戦闘に勝つと、Guildrunの通貨であるシャードを獲得できます。
Tutorial,21030125953035,Tutorial.NTUT-A05.PromptText1,"After each fight, visit the Shop to grow stronger. Continue to the Shop.",戦闘の後はショップへ行き、チームを強化しましょう。ショップへ進んでください。
Tutorial,21030125953036,Tutorial.NTUT-A06.InfoText1,The Shop offers three Heroes each visit. ,ショップを訪れるたび、3人のヒーローが並びます。
Tutorial,21030125953037,Tutorial.NTUT-A06.InfoText2,Each Hero costs Shards - your shards are shown here.,ヒーローの購入にはシャードが必要です。所持シャードはここに表示されます。
Tutorial,21030125953038,Tutorial.NTUT-A06.InfoText3,To build a strong Team look for Heroes that share a Class or Archetype.,強いチームを作るには、同じクラスやアーキタイプを持つヒーローを集めましょう。
Tutorial,3180157547307008,Tutorial.NTUT-A06.InfoText3-extra,"Such teams benefit more from Relics, abilities, and other team-wide effects later.",そのようなチームは、後で手に入るレリック、アビリティ、その他のチーム全体効果をより活かせます。
Tutorial,21030125953040,Tutorial.NTUT-A06.InfoText4,Items can be bought here to strengthen individual Heroes.,ここでは、個々のヒーローを強化するアイテムを購入できます。
Tutorial,21030125953041,Tutorial.NTUT-A06.InfoText5,Relics can be bought here and affect your whole team.,ここでは、チーム全体へ効果を与えるレリックを購入できます。
Tutorial,21030125953039,Tutorial.NTUT-A06.PromptText1,Try buying a Hero. ,ヒーローを1人購入してみましょう。
Tutorial,21030125953042,Tutorial.NTUT-A06.PromptText2,You can spend your remaining Shards before continuing. ,先へ進む前に、残りのシャードも使用できます。
Tutorial,21030125953043,Tutorial.NTUT-A07.InfoText1,"After each Shop, choose your next path. ",ショップを出るたびに、次に進むルートを選びます。
Tutorial,21030125953044,Tutorial.NTUT-A07.InfoText2,Different paths can lead to different rewards and risks.,ルートによって、得られる報酬や待ち受ける危険が変わります。
Tutorial,3188555072397312,Tutorial.NTUT-A07.InfoText3,Each run has multiple Acts - two in the demo.,1回のランは複数のアクトで構成されます。デモ版では2アクトです。
Tutorial,3188555072397313,Tutorial.NTUT-A07.InfoText4,"At the end of each Act, you'll face a Boss fight.",各アクトの最後には、ボス戦が待っています。
Tutorial,21030125953079,Tutorial.NTUT-A08.1.InfoText1,You can place up to 3 Heroes on the battlefield.,戦場には最大3人のヒーローを配置できます。
Tutorial,21030125953080,Tutorial.NTUT-A08.1.InfoText2,A balanced team is usually stronger.  Durable Heroes can protect more fragile damage dealers.,通常はバランスのよいチームほど強くなります。耐久力の高いヒーローで、打たれ弱いダメージ役を守りましょう。
Tutorial,21030125953045,Tutorial.NTUT-A08.2.InfoText1,The Combat Tracker shows what each Hero contributed during the combat.,戦闘記録では、各ヒーローが戦闘でどれだけ貢献したかを確認できます。
Tutorial,21030125953046,Tutorial.NTUT-A08.2.InfoText2,You can speed up combat if you want!,必要なら戦闘速度を上げることもできます！
Tutorial,21030125953048,Tutorial.NTUT-A09.InfoText1,"Ranking up a Hero can unlock new active and passive abilities, or even an extra Class!",ヒーローをランクアップすると、新しいアクティブ／パッシブアビリティや、追加クラスまで解放されることがあります！
Tutorial,21030125953047,Tutorial.NTUT-A09.PromptText1,Buying a Hero you already own will rank them up!,すでに所有しているヒーローをもう1人購入すると、そのヒーローがランクアップします！
Tutorial,21030125953049,Tutorial.NTUT-A10.2.InfoText1,"When ranking up, your Hero gains extra stats based on their Class!",ランクアップ時には、ヒーローのクラスに応じた追加ステータスも獲得します！
Tutorial,21030125953050,Tutorial.NTUT-A15.InfoText1,You can spend Shards to reroll the Shop's offerings. ,シャードを使うと、ショップの品揃えをリロールできます。
Tutorial,21030125953051,Tutorial.NTUT-A15.InfoText2,Freeze the Shop to keep it as is until your next visit.,ショップを固定すると、次に訪れるまで現在の品揃えを残せます。
Tutorial,3253505958600704,Tutorial.NTUT-A15.InfoText3,Items and Heroes can be dragged here to be sold for Shards,アイテムやヒーローをここへドラッグすると、売却してシャードを獲得できます。
Tutorial,21030125953052,Tutorial.NTUT-B01.2.InfoText1,You can view all owned Relics here.,所有しているレリックは、ここですべて確認できます。
Tutorial,21030125953053,Tutorial.NTUT-B01.2.InfoText2,You can carry as many Relics as you want.,レリックの所持数に上限はありません。
Tutorial,21030125953054,Tutorial.NTUT-B01.InfoText1,Items are equipped by dragging them onto a Hero. ,アイテムをヒーローへドラッグすると装備できます。
Tutorial,21030125953056,Tutorial.NTUT-B01.InfoText2,Items can be unequipped at any time.,アイテムはいつでも外せます。
Tutorial,21030125953055,Tutorial.NTUT-B01.PromptText1,Drag this item onto a Hero. ,このアイテムをヒーローへドラッグしてください。
Tutorial,21030125953057,Tutorial.NTUT-B02.InfoText1,"All abilities scale with specific stats, shown by their stat icons (<sprite name=Attack>/<sprite name=Magic>/<sprite name=HP>/…).",すべてのアビリティは、表示されたステータスアイコン（<sprite name=Attack>/<sprite name=Magic>/<sprite name=HP>/…）に応じて効果が伸びます。
Tutorial,21030125953058,Tutorial.NTUT-B02.InfoText2,Hold [Shift] to see more details about ability scalings and keywords.,[Shift]を押している間、アビリティのステータス補正やキーワードの詳細を確認できます。
Tutorial,21030125953059,Tutorial.NTUT-B04.InfoText1,"You lost this combat, but your run continues.",この戦闘には敗北しましたが、ランはまだ続きます。
Tutorial,21030125953060,Tutorial.NTUT-B04.InfoText2,"You only have one chance remaining. If you are defeated again, your run ends in defeat!",残されたチャンスはあと1回です。もう一度敗北すると、そのランは終了します！
Tutorial,21030125953061,Tutorial.NTUT-B04.InfoText3,Emergency Rewind gave you extra Shards after your loss. Use them to power up before for the next combat!,敗北後、緊急巻き戻しによって追加のシャードを獲得しました。次の戦闘に備え、そのシャードで戦力を強化しましょう！
Tutorial,21030125953062,Tutorial.NTUT-B05.InfoText1,"At Hero Rank A and S, upgrades are not unique to your Hero - your class determines the options. ",ヒーローがランクAまたはSへ上がる際、アップグレード候補はそのヒーロー固有ではなく、クラスによって決まります。
Tutorial,21030125953063,Tutorial.NTUT-B06.InfoText1,"When the timer reaches 0:50, the Rift Storm arrives.",タイマーが0:50になると、リフトストームが発生します。
Tutorial,21030125953064,Tutorial.NTUT-B06.InfoText2,The Rift Storm deals increasing damage to all characters until the combat is over.,リフトストームは戦闘が終わるまで、全キャラクターへ増加し続けるダメージを与えます。
Tutorial,21030125953071,Tutorial.NTUT-B08.InfoText1,Selling a Hero returns the Items they had equipped.,ヒーローを売却すると、そのヒーローが装備していたアイテムは手元に戻ります。
Tutorial,21030125953072,Tutorial.NTUT-B09.InfoText1,"As your run progresses, higher rarity Heroes, items, and relics can appear in the Shop.",ランが進むにつれ、よりレアリティの高いヒーロー、アイテム、レリックがショップに並ぶようになります。
Tutorial,21030125953073,Tutorial.NTUT-B09.InfoText2,"They are often more powerful, but usually cost more.",レアリティが高いものほど強力な傾向がありますが、通常は価格も高くなります。
Tutorial,21030125953074,Tutorial.NTUT-B10.InfoText1,Combat speed can be increased here.,ここで戦闘速度を上げられます。
Tutorial,21030125953075,Tutorial.NTUT-B11.InfoText1,"After every Boss, the Auction House offers more and higher-rarity choices!",ボスを倒すたび、オークションハウスに並ぶ候補の数とレアリティが上がります！
Tutorial,21030125953066,Tutorial.NTUT-B15.InfoText1,Your team has an effect with the Rush keyword.,現在のチームには「速攻」キーワードを持つ効果があります。
Tutorial,3263305052315648,Tutorial.NTUT-B15.InfoText2,Rush (X) effects are only active during the first X seconds of battle.,速攻（X）の効果が有効なのは、戦闘開始から最初のX秒間だけです。
Tutorial,21030125953068,Tutorial.NTUT-B17.InfoText1,Your team has an effect with the Stall keyword.,現在のチームには「忍耐」キーワードを持つ効果があります。
Tutorial,3263305052315649,Tutorial.NTUT-B17.InfoText2,Stall (X) effects only activate after the first X seconds of battle — and stay active for the rest of the fight. ,忍耐（X）の効果は戦闘開始からX秒後に発動し、その戦闘が終わるまで有効です。
Tutorial,21030125953070,Tutorial.NTUT-B19.InfoText1,Your team has an effect with the Backup keyword.,現在のチームには「控え有効」キーワードを持つ効果があります。
Tutorial,3263305052315650,Tutorial.NTUT-B19.InfoText2,These effects are also active while a Hero is in the Reserve.,「控え有効」の効果は、ヒーローが控えにいる間も有効です。
Tutorial,3263305052315651,Tutorial.NTUT-B19.InfoText3,"""Backup Only"" effects are active only while the Hero is in the Reserve.",「控え専用」の効果は、ヒーローが控えにいる間だけ有効です。
Tutorial,10529853295026176,Tutorial.NTUT-B22.InfoText1,You defeated the Demo Boss — Congratulations!,デモ版のボスを倒しました。おめでとうございます！
Tutorial,10788616123965440,Tutorial.NTUT-B22.InfoText2,You now enter the Endless Mode where you compare your team’s strength against other players.,ここからは、ほかのプレイヤーとチームの強さを比べるエンドレスモードへ入ります。
Tutorial,10529853303414784,Tutorial.NTUT-B22.InfoText3,"But first, one last Auction House — your final chance to spend your Shards.",ただし、その前に最後のオークションハウスがあります。残ったシャードを使う最後の機会です。
Tutorial,3263305052315652,Tutorial.NTUT-B24.InfoText1,By default your team has 3 slots on the Battlefield. Extra Heroes wait in Reserve.,チームは標準で、戦場に3人分の配置枠を持ちます。入りきらないヒーローは控えで待機します。
Tutorial,21030125953077,Tutorial.NTUT-B24.InfoText2,"Here you can see all stats, items, and abilities for that Hero.",ここでは、そのヒーローの全ステータス、アイテム、アビリティを確認できます。
Tutorial,3263305052315653,Tutorial.NTUT-B24.InfoText3,Each Hero's Abilities scale with their personal stats (<sprite name=Attack>/<sprite name=Magic>/<sprite name=HP>/…).,各ヒーローのアビリティは、そのヒーロー自身のステータス（<sprite name=Attack>/<sprite name=Magic>/<sprite name=HP>/…）に応じて効果が伸びます。
Tutorial,21030125953076,Tutorial.NTUT-B24.PromptText1,Right-click a Hero Portrait to inspect them.,ヒーローのポートレートを右クリックして、詳細を確認してください。
Tutorial,21030125953078,Tutorial.NTUT-B24.PromptText2,Press the Hero Panel or TAB to see all of the Heroes on your team.,ヒーローパネルを押すかTABキーを押すと、チームの全ヒーローを確認できます。
Tutorial,10529853303414785,Tutorial.NTUT-B25.InfoText1,You have reached the final Boss without losing a fight.,一度も戦闘に負けず、最後のボスへ到達しました。
Tutorial,10529853303414786,Tutorial.NTUT-B25.InfoText2,"Normally, the first time you lose, your Emergency Rewind serves as an extra life.",通常は最初の敗北時に、緊急巻き戻しが残機のように機能します。
Tutorial,10529853303414787,Tutorial.NTUT-B25.InfoText3,"Instead, you now gain all the Shards it saved up throughout the run.",今回は代わりに、緊急巻き戻しがラン中に蓄えていたシャードをすべて獲得します。
Tutorial,10529853303414789,Tutorial.NTUT-B26.InfoText1,All S Rank heroes get an additional item slot,ランクSのヒーローは全員、アイテムスロットが1つ増えます。
Tutorial,21030125953081,Tutorial.NTUT-C03.InfoText1,You have more Heroes than you can place on the battlefield.,戦場に配置できる人数よりも多くのヒーローを所有しています。
Tutorial,21030125953082,Tutorial.NTUT-C03.InfoText2,Drag Heroes between the Battlefield and Reserves to choose who participates in combat.,ヒーローを戦場と控えの間でドラッグし、戦闘へ参加させるメンバーを選んでください。
UI,43324482344583168,UI.AbandonRun,Abandon Run,ランを放棄
UI,43324482344583169,UI.AbandonRun.Description,Are you sure you want to continue? This will delete all progress made in this run. This action cannot be undone.,本当にランを放棄しますか？ このランの進行状況はすべて削除され、元に戻せません。
UI,4757517696221208,UI.Battle.BattleSpeed,Battle Speed,戦闘速度
UI,76265181331193856,UI.Battle.BattleSpeed.Auto,Auto,自動
UI,5855615566725121,UI.Battle.DamageDealt,Damage Dealt,与ダメージ
UI,13399689983148032,UI.Battle.DamageTaken,Damage Taken,被ダメージ
UI,4757517696221206,UI.Battle.Fight,Fight,戦う
UI,4757517696221205,UI.Battle.HeroPicker.Title,Choose Hero,ヒーローを選ぶ
UI,5855615566725120,UI.Battle.ItemPicker.Title,Choose Item,アイテムを選ぶ
UI,43310355886768128,UI.Battle.Party,Party,パーティー
UI,5855615528976384,UI.Battle.RelicPicker.Title,Choose Your Reward,報酬を選択
UI,4757517696221207,UI.Battle.Reserve,Reserve,控え
UI,4757517696221210,UI.Battle.ResultPanel.BattleLost,Battle Lost,戦闘敗北
UI,4757517696221209,UI.Battle.ResultPanel.BattleWon,Battle Won,戦闘勝利
UI,42976696495374336,UI.Battle.ResultPanel.FightDuration,Combat Duration\n{0} s,戦闘時間\n{0}秒
UI,65393281113653248,UI.Battle.ResultPanel.FightIndex,Combat #{0},第{0}戦
UI,4757517696221214,UI.Battle.ResultPanel.GetShards,Get {shard-icon} {shard-amount}{shard-bonus-string},{shard-icon} {shard-amount}{shard-bonus-string}を獲得
UI,4757517696221211,UI.Battle.ResultPanel.Results,Results,結果
UI,65393281155596288,UI.Battle.ResultPanel.RunDuration,Run Duration\n{0} m {1} s,ラン時間\n{0}分{1}秒
UI,65393281155596289,UI.Battle.ResultPanel.RunDurationShort,Run Duration\n{0} s,ラン時間\n{0}秒
UI,42976696495374337,UI.Battle.ResultPanel.Stats.HeroStats,Hero Stats,ヒーロー戦績
UI,4757517696221213,UI.Battle.ResultPanel.Stats.Title,Stats,ステータス
UI,42976696495374338,UI.Battle.ResultPanel.Stats.Tracker,Tracker,記録
UI,42976696445042688,UI.Battle.ResultPanel.TotalEarned,Total Earned,合計獲得量
UI,69506668659605512,UI.Battle.ResultsPanel.Feedback,Give us feedback,フィードバックを送る
UI,13399690037673984,UI.Battle.ShieldsHealing,Shields & Healing,シールド＆回復
UI,69385795919282178,UI.Battle.ShopPanel.AntiSale,Anti-sale,逆セール
UI,65406051662036993,UI.Battle.ShopPanel.AssembleRiftKey.Description,Buy the Act {0} Key Fragment. It increases in cost by {1} each shop.\n\nShops remaining this act: {2},アクト{0}の鍵の欠片を購入する。価格はショップを訪れるたび{1}ずつ上がる。\n\nこのアクトの残りショップ数：{2}
UI,65406051662036994,UI.Battle.ShopPanel.AssembleRiftKey.KeyFragment,Key Fragment [{0} {1}],鍵の欠片 [{0} {1}]
UI,65406051662036992,UI.Battle.ShopPanel.AssembleRiftKey.Title,Assemble the Rift Key,リフトキーを組み立てる
UI,72664681142018048,UI.Battle.ShopPanel.CompatibilityTooltip.Description,The abilities of heroes here scale with stats from this item.,ここに表示されたヒーローのアビリティは、このアイテムのステータスで強化される。
UI,72664681125240832,UI.Battle.ShopPanel.CompatibilityTooltip.Title,Scaling Indicator,相性表示
UI,4757517696221220,UI.Battle.ShopPanel.DropToSell,Drop here to sell,ここへドロップして売却
UI,4757517696221218,UI.Battle.ShopPanel.Freeze,Freeze Shop,ショップを固定
UI,5855615566725122,UI.Battle.ShopPanel.OpenShop,Open Shop (Space),ショップを開く（Space）
UI,4757517696221216,UI.Battle.ShopPanel.RerollShop,Reroll Shop [{0} {1}],ショップをリロール [{0} {1}]
UI,4757517696221215,UI.Battle.ShopPanel.Sale,Sale,セール
UI,76342891848007680,UI.Battle.ShopPanel.SuperShop,The auction house,オークションハウス
UI,71905034286792704,UI.Battle.ShopPanel.TeamSizeRelics,Team size relics,チーム人数レリック
UI,4757517696221219,UI.Battle.ShopPanel.Unfreeze,Unfreeze Shop,ショップの固定を解除
UI,65095700206714884,UI.BattleFlow.BattleLost,Battle Lost,戦闘敗北
UI,43367915780177925,UI.BattleFlow.BattleWon,Battle Won,戦闘勝利
UI,43367915780177924,UI.BattleFlow.BossVictory,Victory! Starting endless run,勝利！ エンドレスランを開始
UI,65095700206714880,UI.BattleFlow.ChallengeCleared,Challenge Cleared,チャレンジ達成
UI,43367915780177920,UI.BattleFlow.EndlessBattleWon,Endless Battle Won!,エンドレス戦勝利！
UI,43367915780177921,UI.BattleFlow.EndlessModeOver,Endless Mode Over,エンドレスモード終了
UI,43367915780177923,UI.BattleFlow.FightEventLost,Combat Event Lost,戦闘イベント敗北
UI,43367915780177922,UI.BattleFlow.FightEventWon,Combat Event Won!,戦闘イベント勝利！
UI,65095700206714885,UI.BattleFlow.GoblinDeal,Goblin Deal,ゴブリンとの取引
UI,65095700206714888,UI.BattleFlow.Interest,Interest,利息
UI,65095700206714883,UI.BattleFlow.ItemReceived,Item Received,アイテム獲得
UI,14550082238791687,UI.BattleFlow.MaxHeroes.Description,You can only have {0} heroes...,所持できるヒーローは{0}人まで……
UI,14550082238791686,UI.BattleFlow.MaxHeroes.Title,Max heroes reached,ヒーロー数が上限です
UI,65095700206714881,UI.BattleFlow.QuestCompleted,Quest Completed,クエスト達成
UI,65095700206714890,UI.BattleFlow.RewardReceived,Reward Received,報酬獲得
UI,65095700206714882,UI.BattleFlow.RiftAnchor,Rift Seal,リフトシール
UI,43367915780177926,UI.BattleFlow.RunLost,Run Lost,ラン敗北
UI,65095700206714886,UI.BattleFlow.ShardlessVictory,Shardless Victory,シャードなし勝利
UI,65095700206714887,UI.BattleFlow.StabilizerBroken,Emergency Rewind Used,緊急巻き戻しを使用
UI,65095700206714889,UI.BattleFlow.SurvivingHeroBonus,Surviving Hero Bonus,生存ヒーローボーナス
UI,12991570283053067,UI.BattleInfo.ShardStabilizer.Description.Active,"[Emergency Rewind:]<bold> Gather [{0} Shards]<shard> after each combat victory while [Emergency Rewind]<bold> is available. If you are defeated in combat, [Emergency Rewind]<bold> will activate to protect your run and release all of the gathered [Shards]<shard>. If you are defeated in combat while [Emergency Rewind]<bold> is unavailable, your run will end in defeat.

[Emergency Rewind]<bold> is available.
Current [Shards]<shard>: {1}","[緊急巻き戻し：]<bold>[緊急巻き戻し]<bold>が使用可能な間、戦闘に勝利するたび[シャードを{0}]<shard>蓄える。戦闘に敗北すると、[緊急巻き戻し]<bold>が発動してランを守り、蓄えた[シャード]<shard>をすべて放出する。[緊急巻き戻し]<bold>が使用できない状態で再び戦闘に敗北すると、ランは敗北で終了する。

[緊急巻き戻し]<bold>は使用可能。
現在の[シャード]<shard>：{1}"
UI,12991570283053068,UI.BattleInfo.ShardStabilizer.Description.Inactive,"[Emergency Rewind:]<bold> Gather [{0} Shards]<shard> after each combat victory while [Emergency Rewind]<bold> is available. If you are defeated in combat, [Emergency Rewind]<bold> will activate to protect your run and release all of the gathered [Shards]<shard>. If you are defeated in combat while [Emergency Rewind]<bold> is unavailable, your run will end in defeat.

[Emergency Rewind]<bold> was used and is currently unavailable! If you lose another combat your run will end in defeat.","[緊急巻き戻し：]<bold>[緊急巻き戻し]<bold>が使用可能な間、戦闘に勝利するたび[シャードを{0}]<shard>蓄える。戦闘に敗北すると、[緊急巻き戻し]<bold>が発動してランを守り、蓄えた[シャード]<shard>をすべて放出する。[緊急巻き戻し]<bold>が使用できない状態で再び戦闘に敗北すると、ランは敗北で終了する。

[緊急巻き戻し]<bold>は使用済みで、現在使用できない！ 次の戦闘に敗北するとランが終了する。"
UI,12991570283053066,UI.BattleInfo.ShardStabilizer.Title,Emergency Rewind,緊急巻き戻し
UI,12991570283053065,UI.BattleInfo.Shards.Description,You currently have [{0} Shards]<bold>. Shards can be used to purchase upgrades at the shop.,現在[シャードを{0}]<bold>所持している。シャードはショップでアップグレードを購入するために使う。
UI,12991570283053064,UI.BattleInfo.Shards.Title,Shards,シャード
UI,68370266307821568,UI.Common.AllFilter,All,すべて
UI,5836898061500416,UI.Common.Back,Back,戻る
UI,71909583235973120,UI.Common.Cancel,Cancel,キャンセル
UI,4757517696221188,UI.Common.Continue,Continue,続ける
UI,71909580413206528,UI.Common.DontAskAgain,Don't ask again,今後は確認しない
UI,4757517696221187,UI.Common.Error,Error,エラー
UI,43374045034053632,UI.Common.Exit,Close,閉じる
UI,4757517696221184,UI.Common.Heroes,Heroes,ヒーロー
UI,4757517687832576,UI.Common.Items,Items,アイテム
UI,5059436071337984,UI.Common.Loading,Loading...,読み込み中…
UI,69502680828608513,UI.Common.Off,Off,オフ
UI,71911204003119104,UI.Common.Ok,Ok,OK
UI,69502680828608512,UI.Common.On,On,オン
UI,4757517696221186,UI.Common.Proceed,Proceed,進む
UI,65470623982944256,UI.Common.Quest,[Quest]<quest>: {0},[クエスト]<quest>：{0}
UI,4757517692026880,UI.Common.Relics,Relics,レリック
UI,69506668659605504,UI.Common.Skip,Skip,スキップ
UI,4757517696221185,UI.Common.Version,Version {0},バージョン {0}
UI,68370266299432962,UI.Compendium.Abilities,Abilities,アビリティ
UI,43341069495697408,UI.Compendium.ClassModifiers,Class Upgrades,クラスアップグレード
UI,68370266299432968,UI.Compendium.CurrentWorkAtGuild,Current work at Guild {0},ギルド{0}での現在の仕事
UI,68370266299432963,UI.Compendium.Gameplay,Gameplay,ゲームプレイ
UI,77749452491325440,UI.Compendium.HeroLocked.Description,Unlock via progression,進行に応じて解放
UI,77749452461965312,UI.Compendium.HeroLocked.Title,Hero Locked,ヒーロー未解放
UI,43341069520863232,UI.Compendium.Heroes,Heroes,ヒーロー
UI,68370266265878528,UI.Compendium.Items,Items,アイテム
UI,68370266299432961,UI.Compendium.Locked,Locked,未解放
UI,68370266299432969,UI.Compendium.Motivation,Motivation to switch to your guild,あなたのギルドへ移る動機
UI,68370266299432964,UI.Compendium.Personality,Personality,人柄
UI,68370266299432967,UI.Compendium.PersonalityProfile,Personality Profile,人物プロフィール
UI,68370266299432960,UI.Compendium.Relics,Relics,レリック
UI,44731869232234496,UI.Compendium.Search,Search…,検索……
UI,68370266299432965,UI.Compendium.SignatureAbility,Starting Ability,初期アビリティ
UI,68370266299432966,UI.Compendium.Specialization,B-Rank Specialization,Bランク特化
UI,69498930504269824,UI.Compendium.Title,Compendium,図鑑
UI,69450173774815232,UI.Crossroads.ChallengeFight,[Challenge:]<bold> {description}\n\n[Reward:]<bold> Choose a random {reward}.,[チャレンジ：]<bold>{description}\n\n[報酬：]<bold>ランダムな{reward}から1つ選ぶ。
UI,65431832085790721,UI.DamageImmunity.Description,Damage Immune characters do not recieve any damage.,ダメージ無効のキャラクターは一切ダメージを受けない。
UI,65431832085790720,UI.DamageImmunity.Title,Damage Immune,ダメージ無効
UI,65106238248714242,UI.DamageTracker.AbilityDamage,Ability Damage,アビリティダメージ
UI,65106238248714241,UI.DamageTracker.BasicAttackDamage,Basic Attack Damage,通常攻撃ダメージ
UI,65106238248714244,UI.DamageTracker.BurnDamage,Burn Damage,炎上ダメージ
UI,65106238248714248,UI.DamageTracker.DamageBlocked,Damage Blocked,防いだダメージ
UI,65106238248714247,UI.DamageTracker.DamageTaken,Damage Taken,被ダメージ
UI,65106238248714251,UI.DamageTracker.HealingDone,Healing Done,回復量
UI,65106238248714243,UI.DamageTracker.ItemDamage,Item Damage,アイテムダメージ
UI,65106238248714245,UI.DamageTracker.PoisonDamage,Poison Damage,毒ダメージ
UI,65106238248714253,UI.DamageTracker.RelicDamage,Relic Damage,レリックダメージ
UI,65106238248714249,UI.DamageTracker.ShieldDamageTaken,Shield Damage Taken,シールド被ダメージ
UI,65109289793617920,UI.DamageTracker.ShieldingDone,Shielding Done,シールド付与量
UI,65106238248714240,UI.DamageTracker.TotalDamageDealt,Total Damage Dealt,総与ダメージ
UI,65106238248714246,UI.DamageTracker.TotalDamageTaken,Total Damage Taken,総被ダメージ
UI,65106238248714250,UI.DamageTracker.TotalShieldsAndHealing,Total Shields And Healing,シールド＆回復合計
UI,65068743045808133,UI.Dialog.Error.CantMoveOnlyHero.Description,You need at least one Hero on the board to continue. Drag the Hero on top of another Hero in the reserve to swap them.,続行するには、ボード上にヒーローが1人以上必要です。控えにいる別のヒーローの上へドラッグすると入れ替えられます。
UI,65068743045808132,UI.Dialog.Error.CantMoveOnlyHero.Title,Cannot Move Hero,ヒーローを移動できません
UI,65068743045808131,UI.Dialog.Error.CantSellOnlyHero.Description,You need at least one Hero on the board to continue.,続行するには、ボード上にヒーローが1人以上必要です。
UI,65068743045808130,UI.Dialog.Error.CantSellOnlyHero.Title,Cannot Sell Hero,ヒーローを売却できません
UI,4757517696221229,UI.Dialog.Error.InvalidHero.Description,This Hero is no longer available.,このヒーローはもう利用できません。
UI,4757517696221230,UI.Dialog.Error.InvalidItem.Description,This item is no longer available.,このアイテムはもう利用できません。
UI,4757517696221231,UI.Dialog.Error.InvalidRelic.Description,This relic is no longer available.,このレリックはもう利用できません。
UI,65068743045808129,UI.Dialog.Error.NoSpace.Description,You've reached the maximum number of Heroes on the board. You can move Heroes to the Reserves or swap Heroes between the board and Reserves by dragging them on top of each other.,ボード上のヒーロー数が上限に達しています。ヒーローを控えへ移すか、ボードと控えのヒーローを互いの上へドラッグして入れ替えられます。
UI,65068743045808128,UI.Dialog.Error.NoSpace.Title,No Space Left,空きがありません
UI,65484484777738241,UI.Dialog.Error.NoSpaceSell.Description,You don't have space for a new hero! Granting {0} instead.,新しいヒーローを置く空きがありません！ 代わりに{0}を獲得します。
UI,65484484777738240,UI.Dialog.Error.NoSpaceSell.Title,No space for hero reward!,ヒーロー報酬の空きがありません！
UI,65406051662036995,UI.Dialog.InsufficientGold.AssembleKey.Description,You need {0} to assemble Rift Key.,リフトキーの組み立てには{0}必要です。
UI,4757517696221225,UI.Dialog.InsufficientGold.BuyHero.Description,You need {0} Shards to buy this Hero.,このヒーローの購入にはシャードが{0}必要です。
UI,13037515699896320,UI.Dialog.InsufficientGold.BuyItem.Description,You need {0} Shards to buy this item.,このアイテムの購入にはシャードが{0}必要です。
UI,4757517696221226,UI.Dialog.InsufficientGold.BuyRelic.Description,You need {0} Shards to buy this relic.,このレリックの購入にはシャードが{0}必要です。
UI,4757517696221224,UI.Dialog.InsufficientGold.Reroll.Description,You need {0} Shards to reroll.,リロールにはシャードが{0}必要です。
UI,4757517696221223,UI.Dialog.InsufficientGold.Title,Not enough Shards.,シャードが足りません
UI,4757517696221228,UI.Dialog.MaxHeroes.Description,You can only have {0} Heroes. You can dismiss heroes in the Hero Panel.,所持できるヒーローは{0}人までです。ヒーローパネルから売却できます。
UI,4757517696221227,UI.Dialog.MaxHeroes.Title,Max Heroes reached,ヒーロー数が上限です
UI,4757517696221222,UI.Dialog.RerollLimitReached.Description,No more rerolls available.,これ以上リロールできません。
UI,4757517696221221,UI.Dialog.RerollLimitReached.Title,Cannot Reroll,リロールできません
UI,65076426335453186,UI.Dialog.Warning.CampfireNotSkipped.Description,You must skip this Campfire reward in order to complete all missions. Do you want to continue?,全ミッションを達成するには、この焚き火の報酬をスキップする必要があります。続行しますか？
UI,65076426335453185,UI.Dialog.Warning.CampfireNotSkipped.Title,Take Campfire Reward?,焚き火の報酬を受け取りますか？
UI,65365878245031936,UI.Dialog.Warning.CantSellRiftAnchor.Description,The Rift Seal cannot be sold during the Rift Sealing Protocol.,リフト封印プロトコル中はリフトシールを売却できません。
UI,65365878219866112,UI.Dialog.Warning.CantSellRiftAnchor.Title,Cannot Sell Rift Seal,リフトシールを売却できません
UI,65076426335453184,UI.Dialog.Warning.ChallengeFightNotSkipped.Description,You must skip this Challenge Combat reward in order to complete all missions. Do you want to continue?,全ミッションを達成するには、このチャレンジ戦の報酬をスキップする必要があります。続行しますか？
UI,65076426293510144,UI.Dialog.Warning.ChallengeFightNotSkipped.Title,Skip Challenge Combat reward?,チャレンジ戦の報酬をスキップしますか？
UI,65484484777738245,UI.Dialog.Warning.ChallengeFightNotSkippedEarly.Description,You must win this Challenge Combat and skip its reward in order to complete all missions. Do you want to continue?,全ミッションを達成するには、このチャレンジ戦に勝利し、報酬をスキップする必要があります。続行しますか？
UI,65484484777738244,UI.Dialog.Warning.ChallengeFightNotSkippedEarly.Title,Skip Challenge Combat?,チャレンジ戦をスキップしますか？
UI,65484484777738243,UI.Dialog.Warning.Consume.Description,The Rift Anchor might be consumed by this character and cause the mission to fail! Do you really want to proceed?,このキャラクターがリフトシールを消費し、ミッションが失敗する可能性があります！ 本当に続行しますか？
UI,65484484777738242,UI.Dialog.Warning.Consume.Title,Rift Anchor at Risk!,リフトシールが危険です！
UI,43294476776112133,UI.Difficulty.A,Difficulty: A,難易度：A
UI,43294476776112134,UI.Difficulty.A.Description,Earn 1 fewer Shard per surviving Hero at the end of each combat.,戦闘終了時、生存ヒーロー1人につき獲得シャード-1。
UI,43294476776112131,UI.Difficulty.B,Difficulty: B,難易度：B
UI,43294476776112132,UI.Difficulty.B.Description,Enemies are more durable.,敵の耐久力が上がる。
UI,43294476742557696,UI.Difficulty.Base,Base,基本
UI,43294476776112128,UI.Difficulty.Base.Description,Play without difficulty modifiers.,難易度補正なしでプレイする。
UI,43294476776112129,UI.Difficulty.C,Difficulty: C,難易度：C
UI,43294476776112130,UI.Difficulty.C.Description,Heroes take 10% Max HP damage at the start of each combat.,各戦闘開始時、ヒーローが最大HPの10%分のダメージを受ける。
UI,55275582371004416,UI.Difficulty.CurrentWinStreak,Current Win Streak,現在の連勝数
UI,71305342326800384,UI.Difficulty.EndlessBonus,Endless mode score bonus: +{0},エンドレスモードスコアボーナス：+{0}
UI,55275582371004419,UI.Difficulty.LockedDecription,Beat the previous difficulty mode to unlock.,一つ前の難易度をクリアすると解放。
UI,55275582371004420,UI.Difficulty.Modifiers,Difficulty Modifiers,難易度補正
UI,55275582371004417,UI.Difficulty.RiftMode,The Red Rift,レッドリフト
UI,55275582371004418,UI.Difficulty.RiftModeDescription,Take on a highly dangerous contract to close the <b>Red Rift.</b>\n\n- Complete all <b>6 challenges</b> and defeat the final boss to seal the Red Rift and earn your spot on the <b>Win Streak Leaderboard.</b>\n- Failing a challenge ends your run in defeat and <b>resets your win streak</b>.\n- Enemies in the Red Rift have <b>increased stats</b>.\n- Red Rift runs do not continue into <b>Endless Mode</b>. ,極めて危険な契約に挑み、<b>レッドリフト</b>を閉じる。\n\n・<b>6つのチャレンジ</b>をすべて達成して最終ボスを倒すと、レッドリフトを封印し、<b>連勝ランキング</b>へ名を刻める。\n・チャレンジに失敗するとランは敗北で終了し、<b>連勝数がリセット</b>される。\n・レッドリフトの敵は<b>ステータスが強化</b>されている。\n・レッドリフトのランは<b>エンドレスモード</b>へ移行しない。
UI,43294476776112135,UI.Difficulty.S,Difficulty: S,難易度：S
UI,43294476776112136,UI.Difficulty.S.Description,Heroes can only equip 1 item per rank.,ヒーローが装備できるアイテムは、ランクごとに1個のみ。
UI,43294476776112137,UI.Difficulty.SS,Difficulty: SS,難易度：SS
UI,43294476776112138,UI.Difficulty.SS.Description,Enemies are deadlier.,敵がより危険になる。
UI,43294476776112139,UI.Difficulty.SSS,Difficulty: SSS,難易度：SSS
UI,43294476776112140,UI.Difficulty.SSS.Description,"Act Bosses influence combats in their act, making them more difficult.",アクトボスがそのアクト中の戦闘へ干渉し、難易度を上げる。
UI,69011334061649920,UI.Difficulty.Selection,Select a difficulty level for your Rift Contract,リフト契約の難易度を選択
UI,55275582341644288,UI.Difficulty.Title,New Run,新しいラン
UI,64027222985015296,UI.EndScreen.Defeat,Defeat,敗北
UI,76328939000823810,UI.EndScreen.Difficulty,Difficulty,難易度
UI,60371974664458242,UI.EndScreen.Endless,Endless,エンドレス
UI,60371974664458241,UI.EndScreen.EndlessFloor,Endless #{floor},エンドレス #{floor}
UI,76328939000823808,UI.EndScreen.NewLeaderboardRank,New Leaderboard Rank,更新後の順位
UI,60371974664458240,UI.EndScreen.NewRun,New Run,新しいラン
UI,76328938996629504,UI.EndScreen.Score,Score,スコア
UI,60371974601543680,UI.EndScreen.Summary,Summary,概要
UI,76328939000823809,UI.EndScreen.TopPercentage,Top Percentage of Players,プレイヤー上位割合
UI,64027222947266560,UI.EndScreen.Victorious,Victorious,勝利
UI,65442689725366274,UI.Endless.BonusScore,Bonus Score: {0},ボーナススコア：{0}
UI,65442689725366272,UI.Endless.Description,"Survive as long as you can in Endless Mode, facing increasingly difficult battles!",強さを増していく敵と戦い、エンドレスモードで可能な限り長く生き残ろう！
UI,65442689725366275,UI.Endless.DifficultyBonusSCore,Difficulty Bonus: {0},難易度ボーナス：{0}
UI,65442689725366273,UI.Endless.Floor,Floor: {0},フロア：{0}
UI,65442689725366276,UI.Endless.TotalScore,Total Score: {0},合計スコア：{0}
UI,12991570278858752,UI.EndlessMode.Description,"Survive as long as you can in Endless Mode, facing increasingly difficult battles. Cycle: {cycle}, Floor: {floor}",強さを増していく敵と戦い、エンドレスモードで可能な限り長く生き残ろう。サイクル：{cycle}、フロア：{floor}
UI,12991570249498624,UI.EndlessMode.Title,Endless Mode,エンドレスモード
UI,76265181385719815,UI.ExitDialog.Description,Thanks for playing! Wishlist Guildrun to get notified when it releases.,プレイしてくれてありがとう！ Guildrunをウィッシュリストに追加すると、リリース時に通知を受け取れます。
UI,76265181385719814,UI.ExitDialog.Title,Thanks for playing!,プレイしてくれてありがとう！
UI,77761992281022464,UI.Feedback.AttachLastSave,Attach save from last battle,最後の戦闘のセーブを添付
UI,4757517696221232,UI.Feedback.Button,Feedback (Enter),フィードバック（Enter）
UI,76310002812977152,UI.Feedback.Placeholder,Type your message here...,メッセージを入力……
UI,69506668659605506,UI.Feedback.Popup.Text,"<b>Got 10 seconds to share how your first rift went?</b>
Your feedback helps us make the game better for everyone. Completely optional - but we'd love to hear from you.","<b>最初のリフトがどうだったか、10秒だけ教えてくれませんか？</b>
皆さんの声がゲームをより良くする助けになります。回答は完全に任意ですが、ぜひ感想を聞かせてください。"
UI,69506668659605505,UI.Feedback.Popup.Title,Guild debrief,ギルド活動報告
UI,76310002812977153,UI.Feedback.Send,Send,送信
UI,76311234986246144,UI.Feedback.Thanks,Thanks for sharing!,共有ありがとう！
UI,76310002779422720,UI.Feedback.Title,Share Feedback or Report an Issue,感想・不具合を報告
UI,69385795923476487,UI.FightEvent.ChallengeEffect,Challenge Accepted: {0},チャレンジ受諾：{0}
UI,69385795923476488,UI.FightEvent.EventEffect,Event Effect: {0},イベント効果：{0}
UI,69385795923476486,UI.FightEvent.RemainingFights.Description,This effect will be active for the next {fightsRemaining} fights.,この効果は今後{fightsRemaining}戦の間有効です。
UI,69385795923476485,UI.FightEvent.RemainingFights.Title,Combats Remaining,残り戦闘数
UI,65061425998594048,UI.FightModes.DamageDealt,Damage Dealt,与ダメージ
UI,65061425965039616,UI.FightModes.OneOnOne,1 on 1,1対1
UI,65061425998594049,UI.FightModes.SurvivalTime,Survival Time,生存時間
UI,76265181385719818,UI.GDPR.Description,"To improve the game, we would like to collect anonymized statistics and data about balancing, playtime, crashes, performance & system statistics. This involves a third-party service called ""Game Analytics"". All data is sent anonymously and cannot be traced back to you. 
If you'd like to know more, check our <color=#5380FF><u><link=""https://www.leyline.gg/privacy-policy"">Privacy Policy</link></u></color>. You can also opt out below if you're not comfortable with this.","ゲーム改善のため、バランス、プレイ時間、クラッシュ、動作性能、システム情報に関する匿名の統計データを収集したいと考えています。収集には「Game Analytics」という外部サービスを使用します。データはすべて匿名で送信され、個人を特定することはできません。
詳しくは<color=#5380FF><u><link=""https://www.leyline.gg/privacy-policy"">プライバシーポリシー</link></u></color>をご確認ください。希望しない場合は、下の項目から送信を拒否できます。"
UI,76265181385719820,UI.GDPR.RejectData,Do Not Send,送信しない
UI,76265181385719819,UI.GDPR.SendData,Send Data,データを送信
UI,76265181385719817,UI.GDPR.Title,Privacy,プライバシー
UI,55676956858515456,UI.General.Hide,Hide,隠す
UI,53513658561454093,UI.General.Off,Off,オフ
UI,53513658561454092,UI.General.On,On,オン
UI,55676956829155328,UI.General.Show,Show,表示
UI,69385795923476482,UI.HeroCard.ClassGivenByItem,<i>(Class given by an Item)</i>\n\n{0},<i>（アイテムで付与されたクラス）</i>\n\n{0}
UI,14558836149698563,UI.HeroCard.ClassTooltip.Title,Hero's Class,ヒーローのクラス
UI,72621044941848576,UI.HeroCard.EmbeddedActiveAbility,Active Ability:,アクティブアビリティ：
UI,72621049782075392,UI.HeroCard.EmbeddedPassiveAbility,Passive Ability:,パッシブアビリティ：
UI,72621064600551424,UI.HeroCard.EnemyNoAbility,This enemy has no special abilities.,この敵に特殊アビリティはありません。
UI,14558836149698562,UI.HeroCard.RankModifier.LockedDescription,Rank up this Hero to unlock new upgrades.,このヒーローをランクアップすると、新しいアップグレードを解放できます。
UI,14558836149698561,UI.HeroCard.RankModifier.Title,Rank {0} Upgrade,ランク{0}アップグレード
UI,14558836149698560,UI.HeroCard.Specialization.LockedDescription,Rank up this Hero to unlock a B-Rank Specialization.,このヒーローをランクアップすると、Bランク特化を解放できます。
UI,14558836116144128,UI.HeroCard.Specialization.Title,B-Rank Specialization,Bランク特化
UI,69506668659605508,UI.HeroPanel.Active.Button,Active Heroes (space),出撃ヒーロー（Space）
UI,4757517696221197,UI.HeroPanel.Active.Title,Active Heroes,出撃ヒーロー
UI,69506668659605510,UI.HeroPanel.Reserve.Button,Reserve heroes (space),控えヒーロー（Space）
UI,69506668659605509,UI.HeroPanel.Reserve.Title,Heroes in reserve,控えのヒーロー
UI,4757517696221196,UI.HeroPanel.Tooltip,Hero Panel (Tab),ヒーローパネル（Tab）
UI,69506668659605511,UI.HeroPanel.TriggerCounts,Trigger counts,発動回数
UI,60725998584565763,UI.Keyword.Backup.Description,[Backup]<backup> abilities also work while the Hero is in the [Reserves]<reserve>.,[控え有効]<backup>のアビリティは、ヒーローが[控え]<reserve>にいる間も機能する。
UI,64027298696396817,UI.Keyword.Backup.ExtraInformation,[Backup:]<backup> Abilities with [Backup]<backup> also work while the Hero is in the [Reserves]<reserve>.,[控え有効：]<backup> [控え有効]<backup>のアビリティは、ヒーローが[控え]<reserve>にいる間も機能する。
UI,60725998584565764,UI.Keyword.BackupOnly.Description,[Backup Only]<backuponly> abilities only work while the Hero is in the [Reserves]<reserve>.,[控え専用]<backuponly>のアビリティは、ヒーローが[控え]<reserve>にいる間だけ機能する。
UI,64027298696396824,UI.Keyword.Backuponly.ExtraInformation,[Backup Only:]<backuponly> Abilities with [Backup Only]<backuponly> only work while the Hero is in the [Reserves]<reserve>.,[控え専用：]<backuponly> [控え専用]<backuponly>のアビリティは、ヒーローが[控え]<reserve>にいる間だけ機能する。
UI,64027298696396814,UI.Keyword.Basicstat.ExtraInformation,"[Basic Stats:]<basicstat> [Attack]<attack>, [Max HP]<maxhealth>, [Defense]<defense>, [Crit]<crit>, [Attack Speed]<attackspeed>, [Mana Regen]<manaregen>, and [Magic]<magic> are [basic stats]<basicstat>.",[基本ステータス：]<basicstat> [攻撃力]<attack>、[最大HP]<maxhealth>、[防御力]<defense>、[クリティカル]<crit>、[攻撃速度]<attackspeed>、[マナ回復]<manaregen>、[魔力]<magic>を[基本ステータス]<basicstat>と呼ぶ。
UI,64027298696396801,UI.Keyword.Burn.ExtraInformation,"[Burn:]<burn> Characters take damage equal to their [Burn]<burn> each second, then lose one [Burn]<burn>.",[炎上：]<burn> キャラクターは毎秒、[炎上]<burn>の蓄積値と同じダメージを受け、その後[炎上]<burn>が1減少する。
UI,64027298696396800,UI.Keyword.Crit.ExtraInformation,[Crit:]<crit> The percent chance that an auto attack or active ability deals double damage. Each [Crit]<crit> above 100 increases [Crit Damage]<crit> by 1%.,[クリティカル：]<crit> 通常攻撃またはアクティブアビリティが2倍のダメージを与える確率。[クリティカル]<crit>が100を超えると、超過1ごとに[クリティカルダメージ]<crit>が1%増加する。
UI,64027298696396810,UI.Keyword.Debuff.ExtraInformation,"[Debuff:]<debuff> [Poison]<poison>, [Frost]<frost>, and [Burn]<burn> are [Debuffs]<debuff>.",[デバフ：]<debuff> [毒]<poison>、[凍気]<frost>、[炎上]<burn>をまとめて[デバフ]<debuff>と呼ぶ。
UI,64027298696396802,UI.Keyword.Frost.ExtraInformation,"[Frost:]<frost> Characters lose [1 Defense]<defense> and [1 Attack Speed]<attackspeed> per [2 Frost]<frost> they have. Every 2 seconds, characters lose [1 Frost]<frost>.",[凍気：]<frost> [凍気2]<frost>ごとにキャラクターの[防御力が1]<defense>、[攻撃速度が1]<attackspeed>低下する。キャラクターの[凍気]<frost>は2秒ごとに1減少する。
UI,60725998584565762,UI.Keyword.Generate.Description,"A [Shard]<shard> is [generated]<generate> whenever it is created by a Hero's ability, item, or relic.",ヒーローのアビリティ、アイテム、レリックによって作られた[シャード]<shard>は、[生成]<generate>されたものとして扱う。
UI,64027298696396816,UI.Keyword.Generate.ExtraInformation,"[Generate:]<generate> A [Shard]<shard> is [generated]<generate> whenever it is created by an ability, item, or relic.",[生成：]<generate> アビリティ、アイテム、レリックによって作られた[シャード]<shard>は、[生成]<generate>されたものとして扱う。
UI,60727131768066050,UI.Keyword.Generate.Title,Shards Generated,生成したシャード
UI,64027298696396822,UI.Keyword.Gtp.ExtraInformation,"Grace's [The Benevolent]<bold> permanently gives Heroes the following [primary stats]<primarystat> for each of their [classes]<class>:

[Assassin:]<assassin> [7 Crit]<crit>
[Duelist:]<duelist> [10 Attack Speed]<attackspeed>
[Mage:]<mage> [12 Magic]<magic>
[Mystic:]<mystic> [2 Mana Regen]<manaregen>
[Tank:]<tank> [15 Defense]<defense>
[Vanguard:]<vanguard> [100 Max HP]<maxhp>
[Warrior:]<warrior> [12 Attack]<attack>","グレイスの[慈愛なる者]<bold>は、対象ヒーローの各[クラス]<class>に応じて次の[主要ステータス]<primarystat>を恒久的に付与する：

[アサシン：]<assassin> [クリティカル7]<crit>
[デュエリスト：]<duelist> [攻撃速度10]<attackspeed>
[メイジ：]<mage> [魔力12]<magic>
[ミスティック：]<mystic> [マナ回復2]<manaregen>
[タンク：]<tank> [防御力15]<defense>
[ヴァンガード：]<vanguard> [最大HP100]<maxhp>
[ウォリアー：]<warrior> [攻撃力12]<attack>"
UI,64027298696396823,UI.Keyword.Lasting.ExtraInformation,[Lasting:]<lasting> [Shields]<shield> with [lasting]<lasting> do not expire over time. [Shields]<shield> normally expire after 10 seconds.,[永続：]<lasting> [永続]<lasting>の[シールド]<shield>は時間が経過しても消滅しない。通常の[シールド]<shield>は10秒後に消滅する。
UI,64027298696396806,UI.Keyword.Omnivamp.ExtraInformation,<sprite name=Omnivamp> [Omnivamp:]<omnivamp> Restores Health to a character based on the damage they deal. [1 Omnivamp]<omnivamp> = 1% healing from damage dealt.,<sprite name=Omnivamp> [オムニヴァンプ：]<omnivamp> 与えたダメージに応じてキャラクターのHPを回復する。[オムニヴァンプ1]<omnivamp>につき、与ダメージの1%を回復する。
UI,64027298683813888,UI.Keyword.Poison.ExtraInformation,[Poison:]<poison> Characters take damage equal to their [Poison]<poison> every 2 seconds.,[毒：]<poison> キャラクターは2秒ごとに、[毒]<poison>の蓄積値と同じダメージを受ける。
UI,65004674929909760,UI.Keyword.Primarystat.ExtraInformation,"Each [class]<class> has a [primary stat]<primarystat> which increases the effectiveness of their abilities more than others.

[Assassin:]<assassin> [Crit]<crit>
[Duelist:]<duelist> [Attack Speed]<attackspeed>
[Mage:]<mage> [Magic]<magic>
[Mystic:]<mystic> [Mana Regen]<manaregen>
[Tank:]<tank> [Defense]<defense>
[Vanguard:]<vanguard> [Max HP]<maxhp>
[Warrior:]<warrior> [Attack]<attack>","各[クラス]<class>には、ほかのステータスよりもアビリティへの影響が大きい[主要ステータス]<primarystat>がある。

[アサシン：]<assassin> [クリティカル]<crit>
[デュエリスト：]<duelist> [攻撃速度]<attackspeed>
[メイジ：]<mage> [魔力]<magic>
[ミスティック：]<mystic> [マナ回復]<manaregen>
[タンク：]<tank> [防御力]<defense>
[ヴァンガード：]<vanguard> [最大HP]<maxhp>
[ウォリアー：]<warrior> [攻撃力]<attack>"
UI,64027298696396807,UI.Keyword.Rank.ExtraInformation,<sprite name=Rank> [Rank:]<rank> Heroes gain stats and unlock additional abilities as they gain [Ranks]<rank>. Purchasing an additional copy of a Hero from the shop increases their [Rank]<rank>.,<sprite name=Rank> [ランク：]<rank> ヒーローは[ランク]<rank>が上がるとステータスが増加し、追加アビリティが解放される。ショップで同じヒーローをもう1体購入すると、そのヒーローの[ランク]<rank>が上がる。
UI,60727131768066048,UI.Keyword.Reroll.Description,The number of times you have rerolled the shop this game.,このラン中にショップをリロールした回数。
UI,64027298696396813,UI.Keyword.Reroll.ExtraInformation,"[Reroll:]<reroll> Players can pay [Shards]<shard> to [reroll]<reroll> to shop, displaying new Heroes, items, and relics.",[リロール：]<reroll> [シャード]<shard>を支払ってショップを[リロール]<reroll>し、新しいヒーロー、アイテム、レリックを表示する。
UI,60727131768066049,UI.Keyword.Reroll.Title,Total Rerolls,合計リロール回数
UI,64027298696396815,UI.Keyword.Reserve.ExtraInformation,[Reserves:]<reserve> Heroes the player owns but are not in combat are kept in the [Reserves]<reserve>. Their abilities marked with [Backup]<backup> can still trigger.,[控え：]<reserve> 所有しているが戦闘へ出していないヒーローは[控え]<reserve>に置かれる。[控え有効]<backup>と記されたアビリティは、控えにいても発動できる。
UI,64027298696396818,UI.Keyword.Rhd.ExtraInformation,"Niklas's [Red Hot Deals]<bold> generates [Shards]<shard> equal to 80% of an item's value in the shop. Common = [4 Shards]<shard>, Rare = [12 Shards]<shard>, Epic = [20 Shards]<shard>.",ニクラスの[激アツ取引]<bold>は、アイテムのショップ価格の80%に相当する[シャード]<shard>を生成する。コモン＝[4シャード]<shard>、レア＝[12シャード]<shard>、エピック＝[20シャード]<shard>。
UI,60725998538428416,UI.Keyword.Rush.Description,[Rush (X)]<rush> triggers at the start of combat and expires after X seconds.,[速攻（X）]<rush>は戦闘開始時に発動し、X秒後に終了する。
UI,64027298696396804,UI.Keyword.Rush.ExtraInformation,[Rush (X):]<rush> Triggers at the start of combat and expires after X seconds.,[速攻（X）：]<rush> 戦闘開始時に発動し、X秒後に終了する。
UI,60725998584565761,UI.Keyword.Shard.Description,[Shards]<shard> are the currency used to purchase upgrades from the shop.,[シャード]<shard>は、ショップでアップグレードを購入するための通貨。
UI,64027298696396805,UI.Keyword.Shard.ExtraInformation,[Shards:]<shard> The currency used to purchase upgrades from the shop.,[シャード：]<shard> ショップでアップグレードを購入するための通貨。
UI,64027298696396821,UI.Keyword.Shardstabilizer.ExtraInformation,"[Emergency Rewind]<bold> protects you from defeat while collecting [Shards]<shard> as you win combats. It collects [5 Shards]<shard> per combat victory. It is used when a combat is lost, giving you all of the [Shards]<shard> that were accumulated. If you lose another combat while [Emergency Rewind]<bold> is unavailable, your run will end in defeat.",[緊急巻き戻し]<bold>は、戦闘に勝つたび[シャード]<shard>を蓄えながら、敗北からランを守る。戦闘に1回勝つごとに[5シャード]<shard>を蓄える。戦闘に敗北すると発動し、蓄えていた[シャード]<shard>をすべて獲得する。[緊急巻き戻し]<bold>が使えない状態でもう一度敗北すると、ランは終了する。
UI,64027298696396809,UI.Keyword.Shield.ExtraInformation,[Shield:]<shield> Damage is removed from a character's [Shields]<shield> before their [Health]<health>. [Shields]<shield> last 10 seconds unless otherwise specified.,[シールド：]<shield> キャラクターがダメージを受けると、[HP]<health>より先に[シールド]<shield>が減少する。特記がない限り、[シールド]<shield>は10秒間持続する。
UI,60725998584565760,UI.Keyword.Stall.Description,[Stall (X)]<stall> abilities activate after X seconds have elapsed in combat.,[忍耐（X）]<stall>のアビリティは、戦闘開始からX秒経過すると発動する。
UI,64027298696396803,UI.Keyword.Stall.ExtraInformation,[Stall (X):]<stall> Activates after X seconds have elapsed in combat.,[忍耐（X）：]<stall> 戦闘開始からX秒経過すると発動する。
UI,64027298696396808,UI.Keyword.Stealth.ExtraInformation,[Stealth:]<stealth> A character with [Stealth]<stealth> can not be targeted by enemies.,[ステルス：]<stealth> [ステルス]<stealth>状態のキャラクターは敵から対象にされない。
UI,64027298696396825,UI.Keyword.Storm.ExtraInformation,[The Rift Storm]<storm> begins after 50 seconds of combat and deals increasing amounts of damage each second.,[リフトストーム]<storm>は戦闘開始から50秒後に発生し、毎秒、全キャラクターへ増加し続けるダメージを与える。
UI,64027298696396811,UI.Keyword.Stun.ExtraInformation,[Stun:]<stun> A [Stunned]<stun> character can not move or take actions.,[スタン：]<stun> [スタン]<stun>状態のキャラクターは移動も行動もできない。
UI,64027298696396812,UI.Keyword.Taunt.ExtraInformation,[Taunt:]<taunt> A [Taunted]<taunt> character changes their target to the enemy who [Taunted]<taunt> them.,[挑発：]<taunt> [挑発]<taunt>されたキャラクターは、攻撃対象を[挑発]<taunt>してきた敵へ変更する。
UI,64027298696396819,UI.Keyword.Trh.ExtraInformation,"Fiona's [The Right Hand]<bold> creates rarer items as Fiona's [rank]<rank> increases. [Rank B]<bold> = Common, [Rank A]<bold> = Rare, [Rank S]<bold> = Epic.",フィオナの[右腕]<bold>で作られるアイテムは、フィオナの[ランク]<rank>が高いほどレアリティが上がる。[ランクB]<bold>＝コモン、[ランクA]<bold>＝レア、[ランクS]<bold>＝エピック。
UI,64027298696396820,UI.Keyword.Wad.ExtraInformation,"Niklas's [Wheel and Deal]<bold> creates rarer items as his [rank]<rank> increases. [Rank B]<bold> = Common, [Rank A]<bold> = Rare,  [Rank S]<bold> = Epic.",ニクラスの[回して稼げ！]<bold>で作られるアイテムは、ニクラスの[ランク]<rank>が高いほどレアリティが上がる。[ランクB]<bold>＝コモン、[ランクA]<bold>＝レア、[ランクS]<bold>＝エピック。
UI,54921430628818944,UI.Leaderboard.ChallengeModeTitle,Red Rift,レッドリフト
UI,69385795919282176,UI.Leaderboard.ChallengeStreak,Your current streak: {0},現在の連勝数：{0}
UI,43266879589580801,UI.Leaderboard.Floor,Floor,フロア
UI,75206989642436608,UI.Leaderboard.FriendList,Friend List,フレンド
UI,75206989650825216,UI.Leaderboard.Global,Global,世界
UI,43266879543443456,UI.Leaderboard.LoadFailed,Failed to load leaderboard,ランキングを読み込めませんでした
UI,69385795877339136,UI.Leaderboard.Loading,Loading...,読み込み中…
UI,43266879589580802,UI.Leaderboard.Name,Name,名前
UI,43266879589580800,UI.Leaderboard.Rank,Rank,順位
UI,80337992714018816,UI.Leaderboard.ResetDays,{0:plural:1 day|{} days},{0:plural:1日|{}日}
UI,80337992701435904,UI.Leaderboard.ResetLabel,Time until reset,リセットまで
UI,80337992714018817,UI.Leaderboard.ResetToday,TODAY,今日
UI,80337992714018819,UI.Leaderboard.ResetTooltipDescription,Leaderboards reset on a regular basis. Make sure you're in the most updated version of game to get on the new leaderboard.,ランキングは定期的にリセットされます。新しいランキングに参加するには、ゲームを最新版に更新してください。
UI,80337992714018818,UI.Leaderboard.ResetTooltipTitle,Leaderboard Reset,ランキングのリセット
UI,4757517696221195,UI.Leaderboard.Title,Endless Mode Leaderboard,エンドレスモードランキング
UI,54921430637207552,UI.Leaderboard.WinStreakTitle,Win Streak Leaderboard,連勝ランキング
UI,69385795919282177,UI.Leaderboard.YourScore,{name} (YOU),{name}（あなた）
UI,4757517696221191,UI.MainMenu.HowToPlay,How-To-Play,遊び方
UI,4757517696221194,UI.MainMenu.JoinDiscord,Join our Discord community,Discordコミュニティに参加
UI,4757517696221193,UI.MainMenu.Quit,Quit,終了
UI,4757517696221192,UI.MainMenu.Settings,Settings,設定
UI,76265181385719816,UI.MainMenu.StartNewCoopGame,Co-Op,協力プレイ
UI,78114696879276032,UI.MainMenu.StartNewCoopGame.Tooltip,2-player Co-op will come with the full release of Guildrun.,2人協力プレイはGuildrun製品版で実装予定です。
UI,4757517696221189,UI.MainMenu.StartNewGame,Start Game,ゲーム開始
UI,75180609642926080,UI.MainMenu.WishlistOnSteam,Wishlist Now,ウィッシュリストに追加
UI,68705825747623944,UI.Mastery.Description.Level1,Tilly (Duelist/Warrior) is an elegant mace-swinger that generates Shards by rapidly attacking.,ティリー（デュエリスト／ウォリアー）は、素早い連続攻撃でシャードを生み出す、優雅なメイス使いです。
UI,68705825747623945,UI.Mastery.Description.Level2,A bundle of items and relics that fit into Rush and Stall builds.,速攻・忍耐ビルドに適したアイテムとレリックのセット。
UI,68705825747623946,UI.Mastery.Description.Level3,"Your first Boss Token slot! Acquire them by reaching boss fights, then spend them at the start of each run to bundle your starting Hero choice with a powerful bonus.",最初のボストークンスロット！ ボス戦へ到達するとトークンを獲得できます。各ラン開始時に消費すると、初期ヒーロー候補へ強力なボーナスを組み合わせられます。
UI,68705825747623947,UI.Mastery.Description.Level4,Zuri (Assassin/Tank) is a serpentine frontliner that permanently gains stats by landing Crits on enemies.,ズーリ（アサシン／タンク）は、敵へクリティカルを当てるたび恒久的に強くなる、蛇のような前衛です。
UI,68705825747623948,UI.Mastery.Description.Level5,A bundle of items and relics that fit into Shield builds.,シールドビルドに適したアイテムとレリックのセット。
UI,68705825747623949,UI.Mastery.Description.Level6,Unlocks your second Boss Token slot.,2つ目のボストークンスロットを解放。
UI,68705825747623950,UI.Mastery.Description.Level7,Niklas (Vanguard) is a corporate powerhouse that consumes items to permanently gain their stats.,ニクラス（ヴァンガード）は、アイテムを消費してそのステータスを恒久的に得る、企業界の大物です。
UI,68705825747623951,UI.Mastery.Description.Level8,A bundle of items and relics that fit into Debuff builds.,デバフビルドに適したアイテムとレリックのセット。
UI,68705825747623952,UI.Mastery.Description.Level9,Unlocks your third and fourth Boss Token slots.,3つ目と4つ目のボストークンスロットを解放。
UI,68370266307821569,UI.Mastery.IncompleteFilter,Incomplete,未達成
UI,68370266307821572,UI.Mastery.MasteryAvailable,Mastery available <sprite=57 color=#F8F0D2>,マスタリーを獲得可能 <sprite=57 color=#F8F0D2>
UI,68705825693097984,UI.Mastery.Title.Level1,Tilly Bundle,ティリーセット
UI,68705825747623936,UI.Mastery.Title.Level2,Rush/Stall Bundle,速攻／忍耐セット
UI,68705825747623937,UI.Mastery.Title.Level3,Boss Token,ボストークン
UI,68705825747623938,UI.Mastery.Title.Level4,Zuri Bundle,ズーリセット
UI,68705825747623939,UI.Mastery.Title.Level5,Shield Bundle,シールドセット
UI,68705825747623940,UI.Mastery.Title.Level6,Boss Token,ボストークン
UI,68705825747623941,UI.Mastery.Title.Level7,Niklas Bundle,ニクラスセット
UI,68705825747623942,UI.Mastery.Title.Level8,Debuff Bundle,デバフセット
UI,68705825747623943,UI.Mastery.Title.Level9,2x Boss Tokens,ボストークン×2
UI,68370266307821571,UI.Mastery.TrophiesDescription,Earn a trophy for winning with each B-Rank Specialization.,各Bランク特化で勝利すると、トロフィーを獲得できます。
UI,68370266307821570,UI.Mastery.TrophiesEarned,{0}/{1} <sprite=57 color=#D7D9D9> mastery trophies,{0}/{1} <sprite=57 color=#D7D9D9> マスタリートロフィー
UI,75180609814892544,UI.Mastery.TrophyReceivedLabel,Received,獲得済み
UI,75258350039961600,UI.MetaProgression.Subtitle,Play the game to earn XP and change the timeline,プレイしてXPを獲得し、時間軸を変えよう
UI,75258349993824256,UI.MetaProgression.Title,Progression,進行度
UI,43324482344583170,UI.NoSaveWarning,Abandon Run?,ランを放棄しますか？
UI,43324482344583171,UI.NoSaveWarning.Description,Quitting now will lose all progress. Are you sure you want to quit?,今終了すると進行状況はすべて失われます。本当に終了しますか？
UI,12991570283053070,UI.Node.ActBoss.Description,Current Act Boss: {0},現在のアクトボス：{0}
UI,65382536707702784,UI.Node.ActBoss.RelicDescription,Each combat before the Act Boss is under the influence of {0}:,アクトボス戦前の各戦闘は{0}の影響を受ける：
UI,12991570283053069,UI.Node.ActBoss.Title,Act Boss,アクトボス
UI,12991570283053074,UI.Node.Battle.Description,Battle enemies to gain Shards and access to the shop.,敵と戦ってシャードを獲得し、ショップを利用する。
UI,12991570283053073,UI.Node.Battle.Title,Battle,戦闘
UI,12991570283053080,UI.Node.Campfire.Description,Rest and prepare for the final battle,休息し、最後の戦いに備える
UI,12991570283053079,UI.Node.Campfire.Title,Campfire,焚き火
UI,12991570283053084,UI.Node.Event.Description,Choose between unique events.,固有イベントから選択する。
UI,12991570283053083,UI.Node.Event.Title,Event,イベント
UI,69385795923476481,UI.Node.Fight.Description,Defeat monsters to gain {stage.StageRewards.GoldRewardRange.FromInclusive} Shards and access the shop.,モンスターを倒してシャードを{stage.StageRewards.GoldRewardRange.FromInclusive}獲得し、ショップを利用する。
UI,69385795923476480,UI.Node.Fight.Title,<b>Fight #{floorNode.FloorNumber + 1}</b>,<b>戦闘 #{floorNode.FloorNumber + 1}</b>
UI,12991570283053076,UI.Node.FightEvent.Description,Choose to add a challenge to the next combat to gain rewards.,次の戦闘へチャレンジを追加し、報酬を得る。
UI,12991570283053075,UI.Node.FightEvent.Title,Challenge Combat,チャレンジ戦
UI,72033401145262080,UI.Node.FinalBoss.Description,Face the final challenge of the game,ゲーム最後の試練へ挑む
UI,72033398523822080,UI.Node.FinalBoss.Title,Final boss,最終ボス
UI,65378641637933058,UI.Node.ForkInTheRoad.Description,"Choose between offense, defense, and investment. Receive a synergistic relic or item with a matching effect.",攻撃、防御、投資から選択し、選んだ効果と相性のよいレリックまたはアイテムを受け取る。
UI,65378641637933057,UI.Node.ForkInTheRoad.Title,Fork in the Road,分かれ道
UI,65378641637933056,UI.Node.GuildBanner.Description,Choose a Class. Receive a unique relic which benefits Heroes of that class.,クラスを1つ選び、そのクラスのヒーローを強化する固有レリックを受け取る。
UI,65378641608572928,UI.Node.GuildBanner.Title,Guild Banner,ギルドの旗印
UI,12991570283053078,UI.Node.RandomEvent.Description,Choose between random events.,ランダムイベントから選択する。
UI,12991570283053077,UI.Node.RandomEvent.Title,Random Event,ランダムイベント
UI,65378641637933060,UI.Node.StarterKit.Description,"Choose from Shards, items, or stats.",シャード、アイテム、ステータスから選択する。
UI,65378641637933059,UI.Node.StarterKit.Title,Starter Kit,スターターキット
UI,69506668659605507,UI.PauseMenu.GamePaused,Game paused,一時停止中
UI,75182293333020672,UI.RankUp.ItemSlots,Item Slots,アイテムスロット
UI,74087799564402688,UI.RankUpAnimation,Rank ,ランク 
UI,13408344992366595,UI.Rarity_Class,Class,クラス
UI,13408344992366596,UI.Rarity_ClassRare,ClassRare,クラス・レア
UI,13408344992366592,UI.Rarity_Common,Common,コモン
UI,13408344992366594,UI.Rarity_Epic,Epic,エピック
UI,13408344958812160,UI.Rarity_None,None,なし
UI,13408344992366593,UI.Rarity_Rare,Rare,レア
UI,69502680845385728,UI.RiftAnchorNotEquiped,You must equip the Rift Seal to a Hero before entering combat.,戦闘へ入る前に、リフトシールをヒーローへ装備してください。
UI,55595965099933696,UI.RiftSealingProtocol,Red Rift,レッドリフト
UI,65454338859466755,UI.RiftSealingProtocol.Act1KeyFragment,Purchase the Act 1 Key Fragment,アクト1の鍵の欠片を購入
UI,65454338859466756,UI.RiftSealingProtocol.Act2KeyFragment,Purchase the Act 2 Key Fragment,アクト2の鍵の欠片を購入
UI,65089750536159233,UI.RiftSealingProtocol.Defeat,Red Rift Failed,レッドリフト失敗
UI,65484484777738247,UI.RiftSealingProtocol.Failed.Description,You failed a mission. Do you want to abandon the run and return to the main menu?,ミッションに失敗しました。ランを放棄してメインメニューへ戻りますか？
UI,65484484777738246,UI.RiftSealingProtocol.Failed.Title,Red Rift Failed,レッドリフト失敗
UI,65454338859466758,UI.RiftSealingProtocol.HeroDeath,Hero death limit: {0},ヒーロー死亡上限：{0}
UI,76602472096464896,UI.RiftSealingProtocol.MissionFailed,Mission Failed,ミッション失敗
UI,65454338859466752,UI.RiftSealingProtocol.MissionsProgress,Red Rift Missions - {0},レッドリフト・ミッション－{0}
UI,65454338859466757,UI.RiftSealingProtocol.RiftAnchor,Charge the Rift Seal ({0}),リフトシールをチャージ（{0}）
UI,65454338859466754,UI.RiftSealingProtocol.SkipCampfire,Skip a Campfire reward,焚き火の報酬をスキップ
UI,65454338859466753,UI.RiftSealingProtocol.SkipChallenge,Skip a Challenge Combat reward,チャレンジ戦の報酬をスキップ
UI,76328939000823811,UI.RiftSealingProtocol.SkipReward,Skip reward,報酬をスキップ
UI,65089750536159232,UI.RiftSealingProtocol.Victory,Rift Sealed!,リフト封印完了！
UI,53513658561454080,UI.Settings.Audio,Audio,オーディオ
UI,65768341283790848,UI.Settings.Audio.Master,Master Volume,全体音量
UI,65793953243324416,UI.Settings.Debug,Debug,デバッグ
UI,65793953247518721,UI.Settings.Debug.CompleteTutorials.Button,Complete Pending Tutorials,未完了チュートリアルを完了
UI,65793953247518720,UI.Settings.Debug.CompleteTutorials.Label,Tutorial,チュートリアル
UI,65793953251713024,UI.Settings.Debug.CompleteTutorials.PopupMsg,Are you sure you want to clear all tutorials? This should only be used if you're experiencing issues or if you have been advised to do it.,すべてのチュートリアルを完了済みにしますか？ 問題が発生している場合や、案内を受けた場合にのみ使用してください。
UI,53513658561454087,UI.Settings.Display,Display,画面
UI,53513658561454081,UI.Settings.DisplayMode,Display Mode,表示モード
UI,53513658561454082,UI.Settings.DisplayMode.ExclusiveFullScreen,Fullscreen,フルスクリーン
UI,53513658561454083,UI.Settings.DisplayMode.FullScreenWindow,Windowed Borderless,ボーダーレスウィンドウ
UI,53513658561454084,UI.Settings.DisplayMode.MaximizedWindow,Maximized Window,最大化ウィンドウ
UI,53513658561454085,UI.Settings.DisplayMode.Windowed,Windowed,ウィンドウ
UI,53513658561454089,UI.Settings.FrameRate,Frame Rate,フレームレート
UI,53513658561454090,UI.Settings.FrameRate.Unlimited,Unlimited,無制限
UI,65755692298919936,UI.Settings.General,General,一般
UI,65793953251713025,UI.Settings.General.CameraShake,Enable Camera Shake,画面の揺れを有効化
UI,4757517696221199,UI.Settings.Language,Language,言語
UI,4757517696221200,UI.Settings.Music,Music Volume,音楽音量
UI,53513658561454091,UI.Settings.Quality,Quality,品質
UI,69502810193526785,UI.Settings.Quality.High,High,高
UI,69502877688266752,UI.Settings.Quality.Low,Low,低
UI,69502810193526784,UI.Settings.Quality.Medium,Medium,中
UI,4757517696221204,UI.Settings.QuitGame,Quit Game,ゲームを終了
UI,4757517696221203,UI.Settings.QuitToMenu,Quit to Menu,メニューへ戻る
UI,69499309522550784,UI.Settings.Reset,Reset settings,設定をリセット
UI,53513658561454086,UI.Settings.Resolution,Resolution,解像度
UI,4757517696221202,UI.Settings.ReturnToGame,Return to Game,ゲームへ戻る
UI,4757517696221201,UI.Settings.SFX,SFX Volume,効果音音量
UI,4757517696221198,UI.Settings.Tooltip,Settings (ESC),設定（ESC）
UI,53513658561454088,UI.Settings.VSync,VSync,垂直同期
UI,53513658490150912,UI.Settings.Video,Video,映像
UI,43294476776112141,UI.Settings.VoiceOver,Voice-over Volume,ボイス音量
UI,13399690037673987,UI.ShardStabilizer.Broken,"[Emergency Rewind]<bold> was used. If you lose another combat, your run will end in defeat.\n \nYou have gained the [{0} Shards]<shard> that it accumulated.",[緊急巻き戻し]<bold>を使用しました。次の戦闘にも敗北すると、ランは敗北で終了します。\n \n蓄えられていた[シャードを{0}]<shard>獲得しました。
UI,13399690037673986,UI.ShardStabilizer.FinalBoss,You have reached the final boss! [Emergency Rewind]<bold> can no longer protect you and has automatically been deactivated.\n \nYou have gained the [{0} Shards]<shard> that it accumulated.,最終ボスへ到達しました！ [緊急巻き戻し]<bold>はもう守ってくれないため、自動的に無効化されました。\n \n蓄えられていた[シャードを{0}]<shard>獲得しました。
UI,13399690037673985,UI.ShardStabilizer.Title,Emergency Rewind unavailable!,緊急巻き戻し使用不可！
UI,12991570278858766,UI.Stat.Attack.Description,Increases the damage of auto attacks.,通常攻撃のダメージを増加させる。
UI,12991570278858765,UI.Stat.Attack.Title,Attack,攻撃力
UI,12991570278858770,UI.Stat.AttackRange.Description,The distance in hexes that a character can auto attack from.,キャラクターが通常攻撃できる距離。ヘクス数で表す。
UI,12991570278858769,UI.Stat.AttackRange.Title,Attack Range,射程
UI,12997104126115840,UI.Stat.AttackSpeed.Description,Increases how often a character auto attacks.,キャラクターが通常攻撃を行う頻度を増加させる。
UI,12997104092561408,UI.Stat.AttackSpeed.Title,Attack Speed,攻撃速度
UI,12991570278858764,UI.Stat.BaseAttackDamage.Description,The amount of damage a character deals with its auto attacks. Increased by Attack.,通常攻撃1回で与えるダメージ量。攻撃力によって増加する。
UI,12991570278858763,UI.Stat.BaseAttackDamage.Title,Base Attack Damage,通常攻撃ダメージ
UI,12991570278858772,UI.Stat.BaseAttackSpeed.Description,The number of times a character auto attacks per second. Increased by Attack Speed.,キャラクターが1秒間に行う通常攻撃の回数。攻撃速度によって増加する。
UI,12991570278858771,UI.Stat.BaseAttackSpeed.Title,Base Attack Speed,秒間攻撃回数
UI,12991570278858774,UI.Stat.Crit.Description,The percent chance that an auto attack or active ability deals double damage. Each Crit above 100 increases Crit Damage by 1%.,通常攻撃またはアクティブアビリティが2倍のダメージを与える確率。クリティカルが100を超えると、超過1ごとにクリティカルダメージが1%増加する。
UI,12991570278858773,UI.Stat.Crit.Title,Crit,クリティカル
UI,12991570278858760,UI.Stat.Defense.Description,"Reduces incoming damage. 100 Defense = 1/2 damage received, 200 Defense = 1/3 damage received, 300 Defense = 1/4 damage received, etc.",受けるダメージを軽減する。防御力100で被ダメージが1/2、200で1/3、300で1/4となり、以後も同様に軽減される。
UI,12991570278858759,UI.Stat.Defense.Title,Defense,防御力
UI,12991570283053057,UI.Stat.HPPerSecond.Description,Characters restore health equal to their HP/S each second.,キャラクターは毎秒、秒間HP回復と同じ量のHPを回復する。
UI,12991570283053056,UI.Stat.HPPerSecond.Title,HP Per Second,秒間HP回復
UI,12991570278858768,UI.Stat.Magic.Description,Increases the effectiveness of abilities.,アビリティの効果を増加させる。
UI,12991570278858767,UI.Stat.Magic.Title,Magic,魔力
UI,76316861460512768,UI.Stat.Mana.Title,Mana,マナ
UI,12991570278858758,UI.Stat.ManaRegen.Description,The amount of Mana a character gains every 2 seconds.,キャラクターが2秒ごとに獲得するマナの量。
UI,12991570278858757,UI.Stat.ManaRegen.Title,Mana Regen,マナ回復
UI,12991570278858754,UI.Stat.MaxHealth.Description,A character dies when their Health reaches 0.,HPが0になると、そのキャラクターは倒れる。
UI,12991570278858753,UI.Stat.MaxHealth.Title,Max HP,最大HP
UI,12991570278858756,UI.Stat.MaxMana.Description,Characters cast their active ability whenever their Max Mana becomes full.,最大マナまで溜まるたびに、キャラクターはアクティブアビリティを発動する。
UI,12991570278858755,UI.Stat.MaxMana.Title,Max Mana,最大マナ
UI,12991570278858762,UI.Stat.MoveSpeed.Description,The speed a character moves from hex to hex during combat.,戦闘中、キャラクターがヘクス間を移動する速度。
UI,12991570278858761,UI.Stat.MoveSpeed.Title,Move Speed,移動速度
UI,12991570278858776,UI.Stat.OmniVamp.Description,Restores Health to a character based on the damage they deal. 1 Omnivamp = 1% healing from damage dealt.,与えたダメージに応じてHPを回復する。オムニヴァンプ1につき、与ダメージの1%を回復する。
UI,12991570278858775,UI.Stat.OmniVamp.Title,Omnivamp,オムニヴァンプ
UI,12997104126115842,UI.Stat.StartingMana.Description,The amount of Mana a character begins combat with.,戦闘開始時にキャラクターが持っているマナの量。
UI,12997104126115841,UI.Stat.StartingMana.Title,Starting Mana,開始時マナ
UI,76265181385719811,UI.SteamSurvey.Description1,That's your first rift down. Thank you for playing!<br>Consider wishlisting the game on Steam if you enjoyed it.,最初のリフトを閉じました。プレイしてくれてありがとう！<br>楽しんでもらえたなら、Steamのウィッシュリストへの追加をご検討ください。
UI,76265181385719813,UI.SteamSurvey.Description2,Got feedback too? The link's below.,感想もありますか？ 下のリンクからどうぞ。
UI,78583177764536320,UI.SteamSurvey.SteamWishlistButton,Add to your wishlist,ウィッシュリストに追加
UI,76265181385719810,UI.SteamSurvey.Title,First Rift Cleared,最初のリフトをクリア
UI,76265181385719812,UI.SteamSurvey.WishlistButton,Wishlist Guildrun now,Guildrunをウィッシュリストに追加
UI,43364789484388355,UI.Tag.Backup,Backup,控え有効
UI,43364789484388357,UI.Tag.Burn,Burn,炎上
UI,43364789484388353,UI.Tag.Crit,Crit,クリティカル
UI,43364789484388363,UI.Tag.Debuff,Debuff,デバフ
UI,43364789484388356,UI.Tag.Frost,Frost,凍気
UI,43364789484388361,UI.Tag.Omnivamp,Omnivamp,オムニヴァンプ
UI,43364789484388358,UI.Tag.Poison,Poison,毒
UI,43364789484388352,UI.Tag.Rush,Rush,速攻
UI,43364789484388359,UI.Tag.Shard,Shard,シャード
UI,43364789484388354,UI.Tag.Shield,Shield,シールド
UI,43364789450833920,UI.Tag.Stall,Stall,忍耐
UI,43364789484388360,UI.Tag.Stealth,Stealth,ステルス
UI,43364789484388362,UI.Tag.Stun,Stun,スタン
UI,43313596846440449,UI.Tokens.Description,"Earn <b>Boss Tokens</b> by surving until the boss at the end of each act.\n\nAt the start of each run, automatically consume a <b>Boss Token</b> to bundle each of your starting Hero choices with a random starting bonus.\n\nRemaining <b>Boss Tokens</b> can be used to reroll all 3 bundles at once.",各アクトのボスまで生き残ると<b>ボストークン</b>を獲得できる。\n\n各ラン開始時、<b>ボストークン</b>を自動的に1個消費し、初期ヒーロー候補それぞれへランダムな初期ボーナスを組み合わせる。\n\n残った<b>ボストークン</b>は、3組の候補すべてをまとめてリロールするために使える。
UI,72025898923720704,UI.Tokens.ReRollButton.Text,Reroll,リロール
UI,65479295031181313,UI.Tokens.ReRollButton.Tooltip.Description,Consume one <b>Boss Token</b> to reroll the current Heroes and starting bonuses.,<b>ボストークン</b>を1個消費し、現在のヒーローと初期ボーナスをリロールする。
UI,65479295031181312,UI.Tokens.ReRollButton.Tooltip.Title,Reroll Choices,候補をリロール
UI,43313596846440448,UI.Tokens.Title,Boss Tokens,ボストークン
UI,46205156227416071,UI.Tooltip.ActiveAbility,Active Ability,アクティブアビリティ
UI,48367631001583616,UI.Tooltip.AllQuestsCompleted,All quests completed!,全クエスト達成！
UI,65128456508137472,UI.Tooltip.ClassGain,Class Gain,クラス獲得
UI,68373748247035904,UI.Tooltip.CountsAsClassDuringCombat,Counts as class during combat.,戦闘中、このクラスとして扱う。
UI,72007671052492800,UI.Tooltip.GainPerStat,{amount} per {stat},{amount} / {stat}
UI,45570894834827264,UI.Tooltip.InactiveExtraInfo,Hold [Shift] for more detail,[Shift]長押しで詳細表示
UI,46205156185473024,UI.Tooltip.ItemCommon,Common Item,コモンアイテム
UI,46205156227416065,UI.Tooltip.ItemEpic,Epic Item,エピックアイテム
UI,46223948450598912,UI.Tooltip.ItemLegendary,Legendary Item,レジェンダリーアイテム
UI,46205156227416064,UI.Tooltip.ItemRare,Rare Item,レアアイテム
UI,46205156227416066,UI.Tooltip.ItemUnique,Unique Item,固有アイテム
UI,46205156227416072,UI.Tooltip.PassiveAbility,Passive Ability,パッシブアビリティ
UI,48045298621743104,UI.Tooltip.QuestCompleted,Quest completed!,クエスト達成！
UI,69385795923476484,UI.Tooltip.QuestCompleted.Full,[Quest:]<quest> {questEffect.RequirementsText}\n\n[Rewards:]<reward> {questEffect.RewardsText},[クエスト：]<quest>{questEffect.RequirementsText}\n\n[報酬：]<reward>{questEffect.RewardsText}
UI,69385795923476483,UI.Tooltip.QuestCompleted.Short,[Quest Completed!]<quest> {questEffect.RewardsText},[クエスト達成！]<quest>{questEffect.RewardsText}
UI,46224511233921024,UI.Tooltip.RankModifier,Class Upgrade,クラスアップグレード
UI,46205156227416067,UI.Tooltip.RelicCommon,Common Relic,コモンレリック
UI,46221628316815360,UI.Tooltip.RelicCommonQuest,Common Quest Relic,コモン・クエストレリック
UI,46223948450598914,UI.Tooltip.RelicEnemy,Enemy Relic,敵レリック
UI,46205156227416069,UI.Tooltip.RelicEpic,Epic Relic,エピックレリック
UI,46221628316815362,UI.Tooltip.RelicEpicQuest,Epic Quest Relic,エピック・クエストレリック
UI,46221628249706496,UI.Tooltip.RelicLegendary,Legendary Relic,レジェンダリーレリック
UI,46205156227416068,UI.Tooltip.RelicRare,Rare Relic,レアレリック
UI,46221628316815361,UI.Tooltip.RelicRareQuest,Rare Quest Relic,レア・クエストレリック
UI,46223948450598913,UI.Tooltip.RelicUnique,Unique Relic,固有レリック
UI,77010338275385344,UI.Tooltip.SpecialEnemyAbility.Description,This enemy has a special ability! Right click it to get more information.,この敵は特殊アビリティを持っています！ 右クリックで詳細を確認できます。
UI,77010338262802432,UI.Tooltip.SpecialEnemyAbility.Title,Special Ability,特殊アビリティ
UI,76278895585394688,UI.Tooltip.StatInfo.AttacksPerSecondBreakdown,Attacks Per Second: {0} (Base: {1}),秒間攻撃回数：{0}（基本値：{1}）
UI,72664681150406657,UI.Tooltip.StatInfo.BaseValue,Base,基本
UI,76278895585394689,UI.Tooltip.StatInfo.CritBreakdown,Crit Chance: <color={0}>{1}%</color> [Crit Damage: <color={0}>{2}%</color>],クリティカル率：<color={0}>{1}%</color> [クリティカルダメージ：<color={0}>{2}%</color>]
UI,72664681150406656,UI.Tooltip.StatInfo.Value,Value,値
UI,76265570994618368,UI.Tooltip.StatInfo.ValueBreakdown,Value: {0} (Base: {1} + Bonus: {2}),値：{0}（基本値：{1}＋ボーナス：{2}）
